record_type,game,patch,steam_build_id,race,race_slug,subculture_key,character_name,character_slug,character_class,agent_subtype_key,primary_agent_type,permitted_agent_types,permitted_faction_keys,is_legendary_lord,is_unique_agent,is_recruitable,show_in_ui,auto_generate,is_caster,magic_lore,recruitment_category,node_set_key,node_set_name,node_set_index,node_set_agent_key,node_set_for_army,node_set_for_navy,node_set_faction_key,node_set_campaign_key,node_set_subculture_key,node_key,skill_key,skill_name,skill_description,skill_icon_path,node_tier,node_indent,points_on_creation,required_num_parents,visible_in_ui,skill_unlocked_at_rank,skill_max_level,skill_level,level_name,level_description,level_unlocked_at_rank,level_image_path,level_campaign_key,level_faction_key,level_subculture_key,effect_key,effect_description,effect_additional_tooltip,effect_scope,effect_value,effect_category,effect_priority,effect_is_positive_value_good,effect_icon,effect_icon_negative,parent_node_key,parent_skill_key,parent_skill_name,child_node_key,child_skill_key,child_skill_name,link_type,initial_descent_tiers,parent_link_position,child_link_position,parent_link_position_offset,child_link_position_offset,locked_skill_key,locked_skill_name,locked_skill_level,ancillary_key,ancillary_name,ancillary_type,ancillary_category,dilemma_key,dilemma_title,dilemma_random_selection,source_table,source_key
character,warhammer_3,8.1.1,24237342,Norsca,norsca,wh_dlc08_sc_nor_norsca,Slavin Kurnz,Slavin_Kurnz,lord,wh3_main_pro_slavin_0,general,general,wh3_prologue_horde_of_kurnz,false,false,true,true,false,true,,,,,,,,,,,,,,,,,,,,,,,,,,,,,,,,,,,,,,,,,,,,,,,,,,,,,,,,,,,,,,,,agent_subtypes_tables,wh3_main_pro_slavin_0
node_set,warhammer_3,8.1.1,24237342,Norsca,norsca,wh_dlc08_sc_nor_norsca,Slavin Kurnz,Slavin_Kurnz,lord,wh3_main_pro_slavin_0,general,general,wh3_prologue_horde_of_kurnz,false,false,true,true,false,true,,,wh3_main_prologue_skill_node_set_nor_slavin,,1,general,false,false,,,,,,,,,,,,,,,,,,,,,,,,,,,,,,,,,,,,,,,,,,,,,,,,,,,,,,,,character_skill_node_sets_tables,wh3_main_prologue_skill_node_set_nor_slavin
node,warhammer_3,8.1.1,24237342,Norsca,norsca,wh_dlc08_sc_nor_norsca,Slavin Kurnz,Slavin_Kurnz,lord,wh3_main_pro_slavin_0,general,general,wh3_prologue_horde_of_kurnz,false,false,true,true,false,true,,,wh3_main_prologue_skill_node_set_nor_slavin,,1,general,false,false,,,,wh3_main_agent_action_scaling,wh3_main_skill_agent_action_success_scaling,Agent action success modifer,Hidden skill that scales action success/defence chance,mount_hellsteed.png,0,99,0,0,false,0,49,,,,,,,,,,,,,,,,,,,,,,,,,,,,,,,,,,,,,,,,,character_skill_nodes_tables,wh3_main_agent_action_scaling
effect,warhammer_3,8.1.1,24237342,Norsca,norsca,wh_dlc08_sc_nor_norsca,Slavin Kurnz,Slavin_Kurnz,lord,wh3_main_pro_slavin_0,general,general,wh3_prologue_horde_of_kurnz,false,false,true,true,false,true,,,wh3_main_prologue_skill_node_set_nor_slavin,,1,general,false,false,,,,wh3_main_agent_action_scaling,wh3_main_skill_agent_action_success_scaling,Agent action success modifer,Hidden skill that scales action success/defence chance,mount_hellsteed.png,0,99,0,0,false,0,49,1,Agent action success modifer,Hidden skill that scales action success/defence chance,,,,,,wh_main_effect_agent_action_success_chance_enemy_skill,[HIDDEN] Enemy Hero action success chance: %+n% (from skill),,character_to_character_own,-1,campaign,0,true,,,,,,,,,,,,,,,,,,,,,,,,,character_skill_level_to_effects_junctions_tables,wh3_main_skill_agent_action_success_scaling|wh_main_effect_agent_action_success_chance_enemy_skill|1|character_to_character_own
effect,warhammer_3,8.1.1,24237342,Norsca,norsca,wh_dlc08_sc_nor_norsca,Slavin Kurnz,Slavin_Kurnz,lord,wh3_main_pro_slavin_0,general,general,wh3_prologue_horde_of_kurnz,false,false,true,true,false,true,,,wh3_main_prologue_skill_node_set_nor_slavin,,1,general,false,false,,,,wh3_main_agent_action_scaling,wh3_main_skill_agent_action_success_scaling,Agent action success modifer,Hidden skill that scales action success/defence chance,mount_hellsteed.png,0,99,0,0,false,0,49,1,Agent action success modifer,Hidden skill that scales action success/defence chance,,,,,,wh_main_effect_agent_action_success_chance_skill,[HIDDEN] Hero action success chance: %+n% (from skill),,character_to_character_own,1,campaign,0,true,,,,,,,,,,,,,,,,,,,,,,,,,character_skill_level_to_effects_junctions_tables,wh3_main_skill_agent_action_success_scaling|wh_main_effect_agent_action_success_chance_skill|1|character_to_character_own
effect,warhammer_3,8.1.1,24237342,Norsca,norsca,wh_dlc08_sc_nor_norsca,Slavin Kurnz,Slavin_Kurnz,lord,wh3_main_pro_slavin_0,general,general,wh3_prologue_horde_of_kurnz,false,false,true,true,false,true,,,wh3_main_prologue_skill_node_set_nor_slavin,,1,general,false,false,,,,wh3_main_agent_action_scaling,wh3_main_skill_agent_action_success_scaling,Agent action success modifer,Hidden skill that scales action success/defence chance,mount_hellsteed.png,0,99,0,0,false,0,49,2,Agent action success modifer,Hidden skill that scales action success/defence chance,,,,,,wh_main_effect_agent_action_success_chance_enemy_skill,[HIDDEN] Enemy Hero action success chance: %+n% (from skill),,character_to_character_own,-2,campaign,0,true,,,,,,,,,,,,,,,,,,,,,,,,,character_skill_level_to_effects_junctions_tables,wh3_main_skill_agent_action_success_scaling|wh_main_effect_agent_action_success_chance_enemy_skill|2|character_to_character_own
effect,warhammer_3,8.1.1,24237342,Norsca,norsca,wh_dlc08_sc_nor_norsca,Slavin Kurnz,Slavin_Kurnz,lord,wh3_main_pro_slavin_0,general,general,wh3_prologue_horde_of_kurnz,false,false,true,true,false,true,,,wh3_main_prologue_skill_node_set_nor_slavin,,1,general,false,false,,,,wh3_main_agent_action_scaling,wh3_main_skill_agent_action_success_scaling,Agent action success modifer,Hidden skill that scales action success/defence chance,mount_hellsteed.png,0,99,0,0,false,0,49,2,Agent action success modifer,Hidden skill that scales action success/defence chance,,,,,,wh_main_effect_agent_action_success_chance_skill,[HIDDEN] Hero action success chance: %+n% (from skill),,character_to_character_own,2,campaign,0,true,,,,,,,,,,,,,,,,,,,,,,,,,character_skill_level_to_effects_junctions_tables,wh3_main_skill_agent_action_success_scaling|wh_main_effect_agent_action_success_chance_skill|2|character_to_character_own
effect,warhammer_3,8.1.1,24237342,Norsca,norsca,wh_dlc08_sc_nor_norsca,Slavin Kurnz,Slavin_Kurnz,lord,wh3_main_pro_slavin_0,general,general,wh3_prologue_horde_of_kurnz,false,false,true,true,false,true,,,wh3_main_prologue_skill_node_set_nor_slavin,,1,general,false,false,,,,wh3_main_agent_action_scaling,wh3_main_skill_agent_action_success_scaling,Agent action success modifer,Hidden skill that scales action success/defence chance,mount_hellsteed.png,0,99,0,0,false,0,49,3,Agent action success modifer,Hidden skill that scales action success/defence chance,,,,,,wh_main_effect_agent_action_success_chance_enemy_skill,[HIDDEN] Enemy Hero action success chance: %+n% (from skill),,character_to_character_own,-3,campaign,0,true,,,,,,,,,,,,,,,,,,,,,,,,,character_skill_level_to_effects_junctions_tables,wh3_main_skill_agent_action_success_scaling|wh_main_effect_agent_action_success_chance_enemy_skill|3|character_to_character_own
effect,warhammer_3,8.1.1,24237342,Norsca,norsca,wh_dlc08_sc_nor_norsca,Slavin Kurnz,Slavin_Kurnz,lord,wh3_main_pro_slavin_0,general,general,wh3_prologue_horde_of_kurnz,false,false,true,true,false,true,,,wh3_main_prologue_skill_node_set_nor_slavin,,1,general,false,false,,,,wh3_main_agent_action_scaling,wh3_main_skill_agent_action_success_scaling,Agent action success modifer,Hidden skill that scales action success/defence chance,mount_hellsteed.png,0,99,0,0,false,0,49,3,Agent action success modifer,Hidden skill that scales action success/defence chance,,,,,,wh_main_effect_agent_action_success_chance_skill,[HIDDEN] Hero action success chance: %+n% (from skill),,character_to_character_own,3,campaign,0,true,,,,,,,,,,,,,,,,,,,,,,,,,character_skill_level_to_effects_junctions_tables,wh3_main_skill_agent_action_success_scaling|wh_main_effect_agent_action_success_chance_skill|3|character_to_character_own
effect,warhammer_3,8.1.1,24237342,Norsca,norsca,wh_dlc08_sc_nor_norsca,Slavin Kurnz,Slavin_Kurnz,lord,wh3_main_pro_slavin_0,general,general,wh3_prologue_horde_of_kurnz,false,false,true,true,false,true,,,wh3_main_prologue_skill_node_set_nor_slavin,,1,general,false,false,,,,wh3_main_agent_action_scaling,wh3_main_skill_agent_action_success_scaling,Agent action success modifer,Hidden skill that scales action success/defence chance,mount_hellsteed.png,0,99,0,0,false,0,49,4,Agent action success modifer,Hidden skill that scales action success/defence chance,,,,,,wh_main_effect_agent_action_success_chance_enemy_skill,[HIDDEN] Enemy Hero action success chance: %+n% (from skill),,character_to_character_own,-4,campaign,0,true,,,,,,,,,,,,,,,,,,,,,,,,,character_skill_level_to_effects_junctions_tables,wh3_main_skill_agent_action_success_scaling|wh_main_effect_agent_action_success_chance_enemy_skill|4|character_to_character_own
effect,warhammer_3,8.1.1,24237342,Norsca,norsca,wh_dlc08_sc_nor_norsca,Slavin Kurnz,Slavin_Kurnz,lord,wh3_main_pro_slavin_0,general,general,wh3_prologue_horde_of_kurnz,false,false,true,true,false,true,,,wh3_main_prologue_skill_node_set_nor_slavin,,1,general,false,false,,,,wh3_main_agent_action_scaling,wh3_main_skill_agent_action_success_scaling,Agent action success modifer,Hidden skill that scales action success/defence chance,mount_hellsteed.png,0,99,0,0,false,0,49,4,Agent action success modifer,Hidden skill that scales action success/defence chance,,,,,,wh_main_effect_agent_action_success_chance_skill,[HIDDEN] Hero action success chance: %+n% (from skill),,character_to_character_own,4,campaign,0,true,,,,,,,,,,,,,,,,,,,,,,,,,character_skill_level_to_effects_junctions_tables,wh3_main_skill_agent_action_success_scaling|wh_main_effect_agent_action_success_chance_skill|4|character_to_character_own
effect,warhammer_3,8.1.1,24237342,Norsca,norsca,wh_dlc08_sc_nor_norsca,Slavin Kurnz,Slavin_Kurnz,lord,wh3_main_pro_slavin_0,general,general,wh3_prologue_horde_of_kurnz,false,false,true,true,false,true,,,wh3_main_prologue_skill_node_set_nor_slavin,,1,general,false,false,,,,wh3_main_agent_action_scaling,wh3_main_skill_agent_action_success_scaling,Agent action success modifer,Hidden skill that scales action success/defence chance,mount_hellsteed.png,0,99,0,0,false,0,49,5,Agent action success modifer,Hidden skill that scales action success/defence chance,,,,,,wh_main_effect_agent_action_success_chance_enemy_skill,[HIDDEN] Enemy Hero action success chance: %+n% (from skill),,character_to_character_own,-5,campaign,0,true,,,,,,,,,,,,,,,,,,,,,,,,,character_skill_level_to_effects_junctions_tables,wh3_main_skill_agent_action_success_scaling|wh_main_effect_agent_action_success_chance_enemy_skill|5|character_to_character_own
effect,warhammer_3,8.1.1,24237342,Norsca,norsca,wh_dlc08_sc_nor_norsca,Slavin Kurnz,Slavin_Kurnz,lord,wh3_main_pro_slavin_0,general,general,wh3_prologue_horde_of_kurnz,false,false,true,true,false,true,,,wh3_main_prologue_skill_node_set_nor_slavin,,1,general,false,false,,,,wh3_main_agent_action_scaling,wh3_main_skill_agent_action_success_scaling,Agent action success modifer,Hidden skill that scales action success/defence chance,mount_hellsteed.png,0,99,0,0,false,0,49,5,Agent action success modifer,Hidden skill that scales action success/defence chance,,,,,,wh_main_effect_agent_action_success_chance_skill,[HIDDEN] Hero action success chance: %+n% (from skill),,character_to_character_own,5,campaign,0,true,,,,,,,,,,,,,,,,,,,,,,,,,character_skill_level_to_effects_junctions_tables,wh3_main_skill_agent_action_success_scaling|wh_main_effect_agent_action_success_chance_skill|5|character_to_character_own
effect,warhammer_3,8.1.1,24237342,Norsca,norsca,wh_dlc08_sc_nor_norsca,Slavin Kurnz,Slavin_Kurnz,lord,wh3_main_pro_slavin_0,general,general,wh3_prologue_horde_of_kurnz,false,false,true,true,false,true,,,wh3_main_prologue_skill_node_set_nor_slavin,,1,general,false,false,,,,wh3_main_agent_action_scaling,wh3_main_skill_agent_action_success_scaling,Agent action success modifer,Hidden skill that scales action success/defence chance,mount_hellsteed.png,0,99,0,0,false,0,49,6,Agent action success modifer,Hidden skill that scales action success/defence chance,,,,,,wh_main_effect_agent_action_success_chance_enemy_skill,[HIDDEN] Enemy Hero action success chance: %+n% (from skill),,character_to_character_own,-6,campaign,0,true,,,,,,,,,,,,,,,,,,,,,,,,,character_skill_level_to_effects_junctions_tables,wh3_main_skill_agent_action_success_scaling|wh_main_effect_agent_action_success_chance_enemy_skill|6|character_to_character_own
effect,warhammer_3,8.1.1,24237342,Norsca,norsca,wh_dlc08_sc_nor_norsca,Slavin Kurnz,Slavin_Kurnz,lord,wh3_main_pro_slavin_0,general,general,wh3_prologue_horde_of_kurnz,false,false,true,true,false,true,,,wh3_main_prologue_skill_node_set_nor_slavin,,1,general,false,false,,,,wh3_main_agent_action_scaling,wh3_main_skill_agent_action_success_scaling,Agent action success modifer,Hidden skill that scales action success/defence chance,mount_hellsteed.png,0,99,0,0,false,0,49,6,Agent action success modifer,Hidden skill that scales action success/defence chance,,,,,,wh_main_effect_agent_action_success_chance_skill,[HIDDEN] Hero action success chance: %+n% (from skill),,character_to_character_own,6,campaign,0,true,,,,,,,,,,,,,,,,,,,,,,,,,character_skill_level_to_effects_junctions_tables,wh3_main_skill_agent_action_success_scaling|wh_main_effect_agent_action_success_chance_skill|6|character_to_character_own
effect,warhammer_3,8.1.1,24237342,Norsca,norsca,wh_dlc08_sc_nor_norsca,Slavin Kurnz,Slavin_Kurnz,lord,wh3_main_pro_slavin_0,general,general,wh3_prologue_horde_of_kurnz,false,false,true,true,false,true,,,wh3_main_prologue_skill_node_set_nor_slavin,,1,general,false,false,,,,wh3_main_agent_action_scaling,wh3_main_skill_agent_action_success_scaling,Agent action success modifer,Hidden skill that scales action success/defence chance,mount_hellsteed.png,0,99,0,0,false,0,49,7,Agent action success modifer,Hidden skill that scales action success/defence chance,,,,,,wh_main_effect_agent_action_success_chance_enemy_skill,[HIDDEN] Enemy Hero action success chance: %+n% (from skill),,character_to_character_own,-7,campaign,0,true,,,,,,,,,,,,,,,,,,,,,,,,,character_skill_level_to_effects_junctions_tables,wh3_main_skill_agent_action_success_scaling|wh_main_effect_agent_action_success_chance_enemy_skill|7|character_to_character_own
effect,warhammer_3,8.1.1,24237342,Norsca,norsca,wh_dlc08_sc_nor_norsca,Slavin Kurnz,Slavin_Kurnz,lord,wh3_main_pro_slavin_0,general,general,wh3_prologue_horde_of_kurnz,false,false,true,true,false,true,,,wh3_main_prologue_skill_node_set_nor_slavin,,1,general,false,false,,,,wh3_main_agent_action_scaling,wh3_main_skill_agent_action_success_scaling,Agent action success modifer,Hidden skill that scales action success/defence chance,mount_hellsteed.png,0,99,0,0,false,0,49,7,Agent action success modifer,Hidden skill that scales action success/defence chance,,,,,,wh_main_effect_agent_action_success_chance_skill,[HIDDEN] Hero action success chance: %+n% (from skill),,character_to_character_own,7,campaign,0,true,,,,,,,,,,,,,,,,,,,,,,,,,character_skill_level_to_effects_junctions_tables,wh3_main_skill_agent_action_success_scaling|wh_main_effect_agent_action_success_chance_skill|7|character_to_character_own
effect,warhammer_3,8.1.1,24237342,Norsca,norsca,wh_dlc08_sc_nor_norsca,Slavin Kurnz,Slavin_Kurnz,lord,wh3_main_pro_slavin_0,general,general,wh3_prologue_horde_of_kurnz,false,false,true,true,false,true,,,wh3_main_prologue_skill_node_set_nor_slavin,,1,general,false,false,,,,wh3_main_agent_action_scaling,wh3_main_skill_agent_action_success_scaling,Agent action success modifer,Hidden skill that scales action success/defence chance,mount_hellsteed.png,0,99,0,0,false,0,49,8,Agent action success modifer,Hidden skill that scales action success/defence chance,,,,,,wh_main_effect_agent_action_success_chance_enemy_skill,[HIDDEN] Enemy Hero action success chance: %+n% (from skill),,character_to_character_own,-8,campaign,0,true,,,,,,,,,,,,,,,,,,,,,,,,,character_skill_level_to_effects_junctions_tables,wh3_main_skill_agent_action_success_scaling|wh_main_effect_agent_action_success_chance_enemy_skill|8|character_to_character_own
effect,warhammer_3,8.1.1,24237342,Norsca,norsca,wh_dlc08_sc_nor_norsca,Slavin Kurnz,Slavin_Kurnz,lord,wh3_main_pro_slavin_0,general,general,wh3_prologue_horde_of_kurnz,false,false,true,true,false,true,,,wh3_main_prologue_skill_node_set_nor_slavin,,1,general,false,false,,,,wh3_main_agent_action_scaling,wh3_main_skill_agent_action_success_scaling,Agent action success modifer,Hidden skill that scales action success/defence chance,mount_hellsteed.png,0,99,0,0,false,0,49,8,Agent action success modifer,Hidden skill that scales action success/defence chance,,,,,,wh_main_effect_agent_action_success_chance_skill,[HIDDEN] Hero action success chance: %+n% (from skill),,character_to_character_own,8,campaign,0,true,,,,,,,,,,,,,,,,,,,,,,,,,character_skill_level_to_effects_junctions_tables,wh3_main_skill_agent_action_success_scaling|wh_main_effect_agent_action_success_chance_skill|8|character_to_character_own
effect,warhammer_3,8.1.1,24237342,Norsca,norsca,wh_dlc08_sc_nor_norsca,Slavin Kurnz,Slavin_Kurnz,lord,wh3_main_pro_slavin_0,general,general,wh3_prologue_horde_of_kurnz,false,false,true,true,false,true,,,wh3_main_prologue_skill_node_set_nor_slavin,,1,general,false,false,,,,wh3_main_agent_action_scaling,wh3_main_skill_agent_action_success_scaling,Agent action success modifer,Hidden skill that scales action success/defence chance,mount_hellsteed.png,0,99,0,0,false,0,49,9,Agent action success modifer,Hidden skill that scales action success/defence chance,,,,,,wh_main_effect_agent_action_success_chance_enemy_skill,[HIDDEN] Enemy Hero action success chance: %+n% (from skill),,character_to_character_own,-9,campaign,0,true,,,,,,,,,,,,,,,,,,,,,,,,,character_skill_level_to_effects_junctions_tables,wh3_main_skill_agent_action_success_scaling|wh_main_effect_agent_action_success_chance_enemy_skill|9|character_to_character_own
effect,warhammer_3,8.1.1,24237342,Norsca,norsca,wh_dlc08_sc_nor_norsca,Slavin Kurnz,Slavin_Kurnz,lord,wh3_main_pro_slavin_0,general,general,wh3_prologue_horde_of_kurnz,false,false,true,true,false,true,,,wh3_main_prologue_skill_node_set_nor_slavin,,1,general,false,false,,,,wh3_main_agent_action_scaling,wh3_main_skill_agent_action_success_scaling,Agent action success modifer,Hidden skill that scales action success/defence chance,mount_hellsteed.png,0,99,0,0,false,0,49,9,Agent action success modifer,Hidden skill that scales action success/defence chance,,,,,,wh_main_effect_agent_action_success_chance_skill,[HIDDEN] Hero action success chance: %+n% (from skill),,character_to_character_own,9,campaign,0,true,,,,,,,,,,,,,,,,,,,,,,,,,character_skill_level_to_effects_junctions_tables,wh3_main_skill_agent_action_success_scaling|wh_main_effect_agent_action_success_chance_skill|9|character_to_character_own
effect,warhammer_3,8.1.1,24237342,Norsca,norsca,wh_dlc08_sc_nor_norsca,Slavin Kurnz,Slavin_Kurnz,lord,wh3_main_pro_slavin_0,general,general,wh3_prologue_horde_of_kurnz,false,false,true,true,false,true,,,wh3_main_prologue_skill_node_set_nor_slavin,,1,general,false,false,,,,wh3_main_agent_action_scaling,wh3_main_skill_agent_action_success_scaling,Agent action success modifer,Hidden skill that scales action success/defence chance,mount_hellsteed.png,0,99,0,0,false,0,49,10,Agent action success modifer,Hidden skill that scales action success/defence chance,,,,,,wh_main_effect_agent_action_success_chance_enemy_skill,[HIDDEN] Enemy Hero action success chance: %+n% (from skill),,character_to_character_own,-10,campaign,0,true,,,,,,,,,,,,,,,,,,,,,,,,,character_skill_level_to_effects_junctions_tables,wh3_main_skill_agent_action_success_scaling|wh_main_effect_agent_action_success_chance_enemy_skill|10|character_to_character_own
effect,warhammer_3,8.1.1,24237342,Norsca,norsca,wh_dlc08_sc_nor_norsca,Slavin Kurnz,Slavin_Kurnz,lord,wh3_main_pro_slavin_0,general,general,wh3_prologue_horde_of_kurnz,false,false,true,true,false,true,,,wh3_main_prologue_skill_node_set_nor_slavin,,1,general,false,false,,,,wh3_main_agent_action_scaling,wh3_main_skill_agent_action_success_scaling,Agent action success modifer,Hidden skill that scales action success/defence chance,mount_hellsteed.png,0,99,0,0,false,0,49,10,Agent action success modifer,Hidden skill that scales action success/defence chance,,,,,,wh_main_effect_agent_action_success_chance_skill,[HIDDEN] Hero action success chance: %+n% (from skill),,character_to_character_own,10,campaign,0,true,,,,,,,,,,,,,,,,,,,,,,,,,character_skill_level_to_effects_junctions_tables,wh3_main_skill_agent_action_success_scaling|wh_main_effect_agent_action_success_chance_skill|10|character_to_character_own
effect,warhammer_3,8.1.1,24237342,Norsca,norsca,wh_dlc08_sc_nor_norsca,Slavin Kurnz,Slavin_Kurnz,lord,wh3_main_pro_slavin_0,general,general,wh3_prologue_horde_of_kurnz,false,false,true,true,false,true,,,wh3_main_prologue_skill_node_set_nor_slavin,,1,general,false,false,,,,wh3_main_agent_action_scaling,wh3_main_skill_agent_action_success_scaling,Agent action success modifer,Hidden skill that scales action success/defence chance,mount_hellsteed.png,0,99,0,0,false,0,49,11,Agent action success modifer,Hidden skill that scales action success/defence chance,,,,,,wh_main_effect_agent_action_success_chance_enemy_skill,[HIDDEN] Enemy Hero action success chance: %+n% (from skill),,character_to_character_own,-11,campaign,0,true,,,,,,,,,,,,,,,,,,,,,,,,,character_skill_level_to_effects_junctions_tables,wh3_main_skill_agent_action_success_scaling|wh_main_effect_agent_action_success_chance_enemy_skill|11|character_to_character_own
effect,warhammer_3,8.1.1,24237342,Norsca,norsca,wh_dlc08_sc_nor_norsca,Slavin Kurnz,Slavin_Kurnz,lord,wh3_main_pro_slavin_0,general,general,wh3_prologue_horde_of_kurnz,false,false,true,true,false,true,,,wh3_main_prologue_skill_node_set_nor_slavin,,1,general,false,false,,,,wh3_main_agent_action_scaling,wh3_main_skill_agent_action_success_scaling,Agent action success modifer,Hidden skill that scales action success/defence chance,mount_hellsteed.png,0,99,0,0,false,0,49,11,Agent action success modifer,Hidden skill that scales action success/defence chance,,,,,,wh_main_effect_agent_action_success_chance_skill,[HIDDEN] Hero action success chance: %+n% (from skill),,character_to_character_own,11,campaign,0,true,,,,,,,,,,,,,,,,,,,,,,,,,character_skill_level_to_effects_junctions_tables,wh3_main_skill_agent_action_success_scaling|wh_main_effect_agent_action_success_chance_skill|11|character_to_character_own
effect,warhammer_3,8.1.1,24237342,Norsca,norsca,wh_dlc08_sc_nor_norsca,Slavin Kurnz,Slavin_Kurnz,lord,wh3_main_pro_slavin_0,general,general,wh3_prologue_horde_of_kurnz,false,false,true,true,false,true,,,wh3_main_prologue_skill_node_set_nor_slavin,,1,general,false,false,,,,wh3_main_agent_action_scaling,wh3_main_skill_agent_action_success_scaling,Agent action success modifer,Hidden skill that scales action success/defence chance,mount_hellsteed.png,0,99,0,0,false,0,49,12,Agent action success modifer,Hidden skill that scales action success/defence chance,,,,,,wh_main_effect_agent_action_success_chance_enemy_skill,[HIDDEN] Enemy Hero action success chance: %+n% (from skill),,character_to_character_own,-12,campaign,0,true,,,,,,,,,,,,,,,,,,,,,,,,,character_skill_level_to_effects_junctions_tables,wh3_main_skill_agent_action_success_scaling|wh_main_effect_agent_action_success_chance_enemy_skill|12|character_to_character_own
effect,warhammer_3,8.1.1,24237342,Norsca,norsca,wh_dlc08_sc_nor_norsca,Slavin Kurnz,Slavin_Kurnz,lord,wh3_main_pro_slavin_0,general,general,wh3_prologue_horde_of_kurnz,false,false,true,true,false,true,,,wh3_main_prologue_skill_node_set_nor_slavin,,1,general,false,false,,,,wh3_main_agent_action_scaling,wh3_main_skill_agent_action_success_scaling,Agent action success modifer,Hidden skill that scales action success/defence chance,mount_hellsteed.png,0,99,0,0,false,0,49,12,Agent action success modifer,Hidden skill that scales action success/defence chance,,,,,,wh_main_effect_agent_action_success_chance_skill,[HIDDEN] Hero action success chance: %+n% (from skill),,character_to_character_own,12,campaign,0,true,,,,,,,,,,,,,,,,,,,,,,,,,character_skill_level_to_effects_junctions_tables,wh3_main_skill_agent_action_success_scaling|wh_main_effect_agent_action_success_chance_skill|12|character_to_character_own
effect,warhammer_3,8.1.1,24237342,Norsca,norsca,wh_dlc08_sc_nor_norsca,Slavin Kurnz,Slavin_Kurnz,lord,wh3_main_pro_slavin_0,general,general,wh3_prologue_horde_of_kurnz,false,false,true,true,false,true,,,wh3_main_prologue_skill_node_set_nor_slavin,,1,general,false,false,,,,wh3_main_agent_action_scaling,wh3_main_skill_agent_action_success_scaling,Agent action success modifer,Hidden skill that scales action success/defence chance,mount_hellsteed.png,0,99,0,0,false,0,49,13,Agent action success modifer,Hidden skill that scales action success/defence chance,,,,,,wh_main_effect_agent_action_success_chance_enemy_skill,[HIDDEN] Enemy Hero action success chance: %+n% (from skill),,character_to_character_own,-13,campaign,0,true,,,,,,,,,,,,,,,,,,,,,,,,,character_skill_level_to_effects_junctions_tables,wh3_main_skill_agent_action_success_scaling|wh_main_effect_agent_action_success_chance_enemy_skill|13|character_to_character_own
effect,warhammer_3,8.1.1,24237342,Norsca,norsca,wh_dlc08_sc_nor_norsca,Slavin Kurnz,Slavin_Kurnz,lord,wh3_main_pro_slavin_0,general,general,wh3_prologue_horde_of_kurnz,false,false,true,true,false,true,,,wh3_main_prologue_skill_node_set_nor_slavin,,1,general,false,false,,,,wh3_main_agent_action_scaling,wh3_main_skill_agent_action_success_scaling,Agent action success modifer,Hidden skill that scales action success/defence chance,mount_hellsteed.png,0,99,0,0,false,0,49,13,Agent action success modifer,Hidden skill that scales action success/defence chance,,,,,,wh_main_effect_agent_action_success_chance_skill,[HIDDEN] Hero action success chance: %+n% (from skill),,character_to_character_own,13,campaign,0,true,,,,,,,,,,,,,,,,,,,,,,,,,character_skill_level_to_effects_junctions_tables,wh3_main_skill_agent_action_success_scaling|wh_main_effect_agent_action_success_chance_skill|13|character_to_character_own
effect,warhammer_3,8.1.1,24237342,Norsca,norsca,wh_dlc08_sc_nor_norsca,Slavin Kurnz,Slavin_Kurnz,lord,wh3_main_pro_slavin_0,general,general,wh3_prologue_horde_of_kurnz,false,false,true,true,false,true,,,wh3_main_prologue_skill_node_set_nor_slavin,,1,general,false,false,,,,wh3_main_agent_action_scaling,wh3_main_skill_agent_action_success_scaling,Agent action success modifer,Hidden skill that scales action success/defence chance,mount_hellsteed.png,0,99,0,0,false,0,49,14,Agent action success modifer,Hidden skill that scales action success/defence chance,,,,,,wh_main_effect_agent_action_success_chance_enemy_skill,[HIDDEN] Enemy Hero action success chance: %+n% (from skill),,character_to_character_own,-14,campaign,0,true,,,,,,,,,,,,,,,,,,,,,,,,,character_skill_level_to_effects_junctions_tables,wh3_main_skill_agent_action_success_scaling|wh_main_effect_agent_action_success_chance_enemy_skill|14|character_to_character_own
effect,warhammer_3,8.1.1,24237342,Norsca,norsca,wh_dlc08_sc_nor_norsca,Slavin Kurnz,Slavin_Kurnz,lord,wh3_main_pro_slavin_0,general,general,wh3_prologue_horde_of_kurnz,false,false,true,true,false,true,,,wh3_main_prologue_skill_node_set_nor_slavin,,1,general,false,false,,,,wh3_main_agent_action_scaling,wh3_main_skill_agent_action_success_scaling,Agent action success modifer,Hidden skill that scales action success/defence chance,mount_hellsteed.png,0,99,0,0,false,0,49,14,Agent action success modifer,Hidden skill that scales action success/defence chance,,,,,,wh_main_effect_agent_action_success_chance_skill,[HIDDEN] Hero action success chance: %+n% (from skill),,character_to_character_own,14,campaign,0,true,,,,,,,,,,,,,,,,,,,,,,,,,character_skill_level_to_effects_junctions_tables,wh3_main_skill_agent_action_success_scaling|wh_main_effect_agent_action_success_chance_skill|14|character_to_character_own
effect,warhammer_3,8.1.1,24237342,Norsca,norsca,wh_dlc08_sc_nor_norsca,Slavin Kurnz,Slavin_Kurnz,lord,wh3_main_pro_slavin_0,general,general,wh3_prologue_horde_of_kurnz,false,false,true,true,false,true,,,wh3_main_prologue_skill_node_set_nor_slavin,,1,general,false,false,,,,wh3_main_agent_action_scaling,wh3_main_skill_agent_action_success_scaling,Agent action success modifer,Hidden skill that scales action success/defence chance,mount_hellsteed.png,0,99,0,0,false,0,49,15,Agent action success modifer,Hidden skill that scales action success/defence chance,,,,,,wh_main_effect_agent_action_success_chance_enemy_skill,[HIDDEN] Enemy Hero action success chance: %+n% (from skill),,character_to_character_own,-15,campaign,0,true,,,,,,,,,,,,,,,,,,,,,,,,,character_skill_level_to_effects_junctions_tables,wh3_main_skill_agent_action_success_scaling|wh_main_effect_agent_action_success_chance_enemy_skill|15|character_to_character_own
effect,warhammer_3,8.1.1,24237342,Norsca,norsca,wh_dlc08_sc_nor_norsca,Slavin Kurnz,Slavin_Kurnz,lord,wh3_main_pro_slavin_0,general,general,wh3_prologue_horde_of_kurnz,false,false,true,true,false,true,,,wh3_main_prologue_skill_node_set_nor_slavin,,1,general,false,false,,,,wh3_main_agent_action_scaling,wh3_main_skill_agent_action_success_scaling,Agent action success modifer,Hidden skill that scales action success/defence chance,mount_hellsteed.png,0,99,0,0,false,0,49,15,Agent action success modifer,Hidden skill that scales action success/defence chance,,,,,,wh_main_effect_agent_action_success_chance_skill,[HIDDEN] Hero action success chance: %+n% (from skill),,character_to_character_own,15,campaign,0,true,,,,,,,,,,,,,,,,,,,,,,,,,character_skill_level_to_effects_junctions_tables,wh3_main_skill_agent_action_success_scaling|wh_main_effect_agent_action_success_chance_skill|15|character_to_character_own
effect,warhammer_3,8.1.1,24237342,Norsca,norsca,wh_dlc08_sc_nor_norsca,Slavin Kurnz,Slavin_Kurnz,lord,wh3_main_pro_slavin_0,general,general,wh3_prologue_horde_of_kurnz,false,false,true,true,false,true,,,wh3_main_prologue_skill_node_set_nor_slavin,,1,general,false,false,,,,wh3_main_agent_action_scaling,wh3_main_skill_agent_action_success_scaling,Agent action success modifer,Hidden skill that scales action success/defence chance,mount_hellsteed.png,0,99,0,0,false,0,49,16,Agent action success modifer,Hidden skill that scales action success/defence chance,,,,,,wh_main_effect_agent_action_success_chance_enemy_skill,[HIDDEN] Enemy Hero action success chance: %+n% (from skill),,character_to_character_own,-16,campaign,0,true,,,,,,,,,,,,,,,,,,,,,,,,,character_skill_level_to_effects_junctions_tables,wh3_main_skill_agent_action_success_scaling|wh_main_effect_agent_action_success_chance_enemy_skill|16|character_to_character_own
effect,warhammer_3,8.1.1,24237342,Norsca,norsca,wh_dlc08_sc_nor_norsca,Slavin Kurnz,Slavin_Kurnz,lord,wh3_main_pro_slavin_0,general,general,wh3_prologue_horde_of_kurnz,false,false,true,true,false,true,,,wh3_main_prologue_skill_node_set_nor_slavin,,1,general,false,false,,,,wh3_main_agent_action_scaling,wh3_main_skill_agent_action_success_scaling,Agent action success modifer,Hidden skill that scales action success/defence chance,mount_hellsteed.png,0,99,0,0,false,0,49,16,Agent action success modifer,Hidden skill that scales action success/defence chance,,,,,,wh_main_effect_agent_action_success_chance_skill,[HIDDEN] Hero action success chance: %+n% (from skill),,character_to_character_own,16,campaign,0,true,,,,,,,,,,,,,,,,,,,,,,,,,character_skill_level_to_effects_junctions_tables,wh3_main_skill_agent_action_success_scaling|wh_main_effect_agent_action_success_chance_skill|16|character_to_character_own
effect,warhammer_3,8.1.1,24237342,Norsca,norsca,wh_dlc08_sc_nor_norsca,Slavin Kurnz,Slavin_Kurnz,lord,wh3_main_pro_slavin_0,general,general,wh3_prologue_horde_of_kurnz,false,false,true,true,false,true,,,wh3_main_prologue_skill_node_set_nor_slavin,,1,general,false,false,,,,wh3_main_agent_action_scaling,wh3_main_skill_agent_action_success_scaling,Agent action success modifer,Hidden skill that scales action success/defence chance,mount_hellsteed.png,0,99,0,0,false,0,49,17,Agent action success modifer,Hidden skill that scales action success/defence chance,,,,,,wh_main_effect_agent_action_success_chance_enemy_skill,[HIDDEN] Enemy Hero action success chance: %+n% (from skill),,character_to_character_own,-17,campaign,0,true,,,,,,,,,,,,,,,,,,,,,,,,,character_skill_level_to_effects_junctions_tables,wh3_main_skill_agent_action_success_scaling|wh_main_effect_agent_action_success_chance_enemy_skill|17|character_to_character_own
effect,warhammer_3,8.1.1,24237342,Norsca,norsca,wh_dlc08_sc_nor_norsca,Slavin Kurnz,Slavin_Kurnz,lord,wh3_main_pro_slavin_0,general,general,wh3_prologue_horde_of_kurnz,false,false,true,true,false,true,,,wh3_main_prologue_skill_node_set_nor_slavin,,1,general,false,false,,,,wh3_main_agent_action_scaling,wh3_main_skill_agent_action_success_scaling,Agent action success modifer,Hidden skill that scales action success/defence chance,mount_hellsteed.png,0,99,0,0,false,0,49,17,Agent action success modifer,Hidden skill that scales action success/defence chance,,,,,,wh_main_effect_agent_action_success_chance_skill,[HIDDEN] Hero action success chance: %+n% (from skill),,character_to_character_own,17,campaign,0,true,,,,,,,,,,,,,,,,,,,,,,,,,character_skill_level_to_effects_junctions_tables,wh3_main_skill_agent_action_success_scaling|wh_main_effect_agent_action_success_chance_skill|17|character_to_character_own
effect,warhammer_3,8.1.1,24237342,Norsca,norsca,wh_dlc08_sc_nor_norsca,Slavin Kurnz,Slavin_Kurnz,lord,wh3_main_pro_slavin_0,general,general,wh3_prologue_horde_of_kurnz,false,false,true,true,false,true,,,wh3_main_prologue_skill_node_set_nor_slavin,,1,general,false,false,,,,wh3_main_agent_action_scaling,wh3_main_skill_agent_action_success_scaling,Agent action success modifer,Hidden skill that scales action success/defence chance,mount_hellsteed.png,0,99,0,0,false,0,49,18,Agent action success modifer,Hidden skill that scales action success/defence chance,,,,,,wh_main_effect_agent_action_success_chance_enemy_skill,[HIDDEN] Enemy Hero action success chance: %+n% (from skill),,character_to_character_own,-18,campaign,0,true,,,,,,,,,,,,,,,,,,,,,,,,,character_skill_level_to_effects_junctions_tables,wh3_main_skill_agent_action_success_scaling|wh_main_effect_agent_action_success_chance_enemy_skill|18|character_to_character_own
effect,warhammer_3,8.1.1,24237342,Norsca,norsca,wh_dlc08_sc_nor_norsca,Slavin Kurnz,Slavin_Kurnz,lord,wh3_main_pro_slavin_0,general,general,wh3_prologue_horde_of_kurnz,false,false,true,true,false,true,,,wh3_main_prologue_skill_node_set_nor_slavin,,1,general,false,false,,,,wh3_main_agent_action_scaling,wh3_main_skill_agent_action_success_scaling,Agent action success modifer,Hidden skill that scales action success/defence chance,mount_hellsteed.png,0,99,0,0,false,0,49,18,Agent action success modifer,Hidden skill that scales action success/defence chance,,,,,,wh_main_effect_agent_action_success_chance_skill,[HIDDEN] Hero action success chance: %+n% (from skill),,character_to_character_own,18,campaign,0,true,,,,,,,,,,,,,,,,,,,,,,,,,character_skill_level_to_effects_junctions_tables,wh3_main_skill_agent_action_success_scaling|wh_main_effect_agent_action_success_chance_skill|18|character_to_character_own
effect,warhammer_3,8.1.1,24237342,Norsca,norsca,wh_dlc08_sc_nor_norsca,Slavin Kurnz,Slavin_Kurnz,lord,wh3_main_pro_slavin_0,general,general,wh3_prologue_horde_of_kurnz,false,false,true,true,false,true,,,wh3_main_prologue_skill_node_set_nor_slavin,,1,general,false,false,,,,wh3_main_agent_action_scaling,wh3_main_skill_agent_action_success_scaling,Agent action success modifer,Hidden skill that scales action success/defence chance,mount_hellsteed.png,0,99,0,0,false,0,49,19,Agent action success modifer,Hidden skill that scales action success/defence chance,,,,,,wh_main_effect_agent_action_success_chance_enemy_skill,[HIDDEN] Enemy Hero action success chance: %+n% (from skill),,character_to_character_own,-19,campaign,0,true,,,,,,,,,,,,,,,,,,,,,,,,,character_skill_level_to_effects_junctions_tables,wh3_main_skill_agent_action_success_scaling|wh_main_effect_agent_action_success_chance_enemy_skill|19|character_to_character_own
effect,warhammer_3,8.1.1,24237342,Norsca,norsca,wh_dlc08_sc_nor_norsca,Slavin Kurnz,Slavin_Kurnz,lord,wh3_main_pro_slavin_0,general,general,wh3_prologue_horde_of_kurnz,false,false,true,true,false,true,,,wh3_main_prologue_skill_node_set_nor_slavin,,1,general,false,false,,,,wh3_main_agent_action_scaling,wh3_main_skill_agent_action_success_scaling,Agent action success modifer,Hidden skill that scales action success/defence chance,mount_hellsteed.png,0,99,0,0,false,0,49,19,Agent action success modifer,Hidden skill that scales action success/defence chance,,,,,,wh_main_effect_agent_action_success_chance_skill,[HIDDEN] Hero action success chance: %+n% (from skill),,character_to_character_own,19,campaign,0,true,,,,,,,,,,,,,,,,,,,,,,,,,character_skill_level_to_effects_junctions_tables,wh3_main_skill_agent_action_success_scaling|wh_main_effect_agent_action_success_chance_skill|19|character_to_character_own
effect,warhammer_3,8.1.1,24237342,Norsca,norsca,wh_dlc08_sc_nor_norsca,Slavin Kurnz,Slavin_Kurnz,lord,wh3_main_pro_slavin_0,general,general,wh3_prologue_horde_of_kurnz,false,false,true,true,false,true,,,wh3_main_prologue_skill_node_set_nor_slavin,,1,general,false,false,,,,wh3_main_agent_action_scaling,wh3_main_skill_agent_action_success_scaling,Agent action success modifer,Hidden skill that scales action success/defence chance,mount_hellsteed.png,0,99,0,0,false,0,49,20,Agent action success modifer,Hidden skill that scales action success/defence chance,,,,,,wh_main_effect_agent_action_success_chance_enemy_skill,[HIDDEN] Enemy Hero action success chance: %+n% (from skill),,character_to_character_own,-20,campaign,0,true,,,,,,,,,,,,,,,,,,,,,,,,,character_skill_level_to_effects_junctions_tables,wh3_main_skill_agent_action_success_scaling|wh_main_effect_agent_action_success_chance_enemy_skill|20|character_to_character_own
effect,warhammer_3,8.1.1,24237342,Norsca,norsca,wh_dlc08_sc_nor_norsca,Slavin Kurnz,Slavin_Kurnz,lord,wh3_main_pro_slavin_0,general,general,wh3_prologue_horde_of_kurnz,false,false,true,true,false,true,,,wh3_main_prologue_skill_node_set_nor_slavin,,1,general,false,false,,,,wh3_main_agent_action_scaling,wh3_main_skill_agent_action_success_scaling,Agent action success modifer,Hidden skill that scales action success/defence chance,mount_hellsteed.png,0,99,0,0,false,0,49,20,Agent action success modifer,Hidden skill that scales action success/defence chance,,,,,,wh_main_effect_agent_action_success_chance_skill,[HIDDEN] Hero action success chance: %+n% (from skill),,character_to_character_own,20,campaign,0,true,,,,,,,,,,,,,,,,,,,,,,,,,character_skill_level_to_effects_junctions_tables,wh3_main_skill_agent_action_success_scaling|wh_main_effect_agent_action_success_chance_skill|20|character_to_character_own
effect,warhammer_3,8.1.1,24237342,Norsca,norsca,wh_dlc08_sc_nor_norsca,Slavin Kurnz,Slavin_Kurnz,lord,wh3_main_pro_slavin_0,general,general,wh3_prologue_horde_of_kurnz,false,false,true,true,false,true,,,wh3_main_prologue_skill_node_set_nor_slavin,,1,general,false,false,,,,wh3_main_agent_action_scaling,wh3_main_skill_agent_action_success_scaling,Agent action success modifer,Hidden skill that scales action success/defence chance,mount_hellsteed.png,0,99,0,0,false,0,49,21,Agent action success modifer,Hidden skill that scales action success/defence chance,,,,,,wh_main_effect_agent_action_success_chance_enemy_skill,[HIDDEN] Enemy Hero action success chance: %+n% (from skill),,character_to_character_own,-21,campaign,0,true,,,,,,,,,,,,,,,,,,,,,,,,,character_skill_level_to_effects_junctions_tables,wh3_main_skill_agent_action_success_scaling|wh_main_effect_agent_action_success_chance_enemy_skill|21|character_to_character_own
effect,warhammer_3,8.1.1,24237342,Norsca,norsca,wh_dlc08_sc_nor_norsca,Slavin Kurnz,Slavin_Kurnz,lord,wh3_main_pro_slavin_0,general,general,wh3_prologue_horde_of_kurnz,false,false,true,true,false,true,,,wh3_main_prologue_skill_node_set_nor_slavin,,1,general,false,false,,,,wh3_main_agent_action_scaling,wh3_main_skill_agent_action_success_scaling,Agent action success modifer,Hidden skill that scales action success/defence chance,mount_hellsteed.png,0,99,0,0,false,0,49,21,Agent action success modifer,Hidden skill that scales action success/defence chance,,,,,,wh_main_effect_agent_action_success_chance_skill,[HIDDEN] Hero action success chance: %+n% (from skill),,character_to_character_own,21,campaign,0,true,,,,,,,,,,,,,,,,,,,,,,,,,character_skill_level_to_effects_junctions_tables,wh3_main_skill_agent_action_success_scaling|wh_main_effect_agent_action_success_chance_skill|21|character_to_character_own
effect,warhammer_3,8.1.1,24237342,Norsca,norsca,wh_dlc08_sc_nor_norsca,Slavin Kurnz,Slavin_Kurnz,lord,wh3_main_pro_slavin_0,general,general,wh3_prologue_horde_of_kurnz,false,false,true,true,false,true,,,wh3_main_prologue_skill_node_set_nor_slavin,,1,general,false,false,,,,wh3_main_agent_action_scaling,wh3_main_skill_agent_action_success_scaling,Agent action success modifer,Hidden skill that scales action success/defence chance,mount_hellsteed.png,0,99,0,0,false,0,49,22,Agent action success modifer,Hidden skill that scales action success/defence chance,,,,,,wh_main_effect_agent_action_success_chance_enemy_skill,[HIDDEN] Enemy Hero action success chance: %+n% (from skill),,character_to_character_own,-22,campaign,0,true,,,,,,,,,,,,,,,,,,,,,,,,,character_skill_level_to_effects_junctions_tables,wh3_main_skill_agent_action_success_scaling|wh_main_effect_agent_action_success_chance_enemy_skill|22|character_to_character_own
effect,warhammer_3,8.1.1,24237342,Norsca,norsca,wh_dlc08_sc_nor_norsca,Slavin Kurnz,Slavin_Kurnz,lord,wh3_main_pro_slavin_0,general,general,wh3_prologue_horde_of_kurnz,false,false,true,true,false,true,,,wh3_main_prologue_skill_node_set_nor_slavin,,1,general,false,false,,,,wh3_main_agent_action_scaling,wh3_main_skill_agent_action_success_scaling,Agent action success modifer,Hidden skill that scales action success/defence chance,mount_hellsteed.png,0,99,0,0,false,0,49,22,Agent action success modifer,Hidden skill that scales action success/defence chance,,,,,,wh_main_effect_agent_action_success_chance_skill,[HIDDEN] Hero action success chance: %+n% (from skill),,character_to_character_own,22,campaign,0,true,,,,,,,,,,,,,,,,,,,,,,,,,character_skill_level_to_effects_junctions_tables,wh3_main_skill_agent_action_success_scaling|wh_main_effect_agent_action_success_chance_skill|22|character_to_character_own
effect,warhammer_3,8.1.1,24237342,Norsca,norsca,wh_dlc08_sc_nor_norsca,Slavin Kurnz,Slavin_Kurnz,lord,wh3_main_pro_slavin_0,general,general,wh3_prologue_horde_of_kurnz,false,false,true,true,false,true,,,wh3_main_prologue_skill_node_set_nor_slavin,,1,general,false,false,,,,wh3_main_agent_action_scaling,wh3_main_skill_agent_action_success_scaling,Agent action success modifer,Hidden skill that scales action success/defence chance,mount_hellsteed.png,0,99,0,0,false,0,49,23,Agent action success modifer,Hidden skill that scales action success/defence chance,,,,,,wh_main_effect_agent_action_success_chance_enemy_skill,[HIDDEN] Enemy Hero action success chance: %+n% (from skill),,character_to_character_own,-23,campaign,0,true,,,,,,,,,,,,,,,,,,,,,,,,,character_skill_level_to_effects_junctions_tables,wh3_main_skill_agent_action_success_scaling|wh_main_effect_agent_action_success_chance_enemy_skill|23|character_to_character_own
effect,warhammer_3,8.1.1,24237342,Norsca,norsca,wh_dlc08_sc_nor_norsca,Slavin Kurnz,Slavin_Kurnz,lord,wh3_main_pro_slavin_0,general,general,wh3_prologue_horde_of_kurnz,false,false,true,true,false,true,,,wh3_main_prologue_skill_node_set_nor_slavin,,1,general,false,false,,,,wh3_main_agent_action_scaling,wh3_main_skill_agent_action_success_scaling,Agent action success modifer,Hidden skill that scales action success/defence chance,mount_hellsteed.png,0,99,0,0,false,0,49,23,Agent action success modifer,Hidden skill that scales action success/defence chance,,,,,,wh_main_effect_agent_action_success_chance_skill,[HIDDEN] Hero action success chance: %+n% (from skill),,character_to_character_own,23,campaign,0,true,,,,,,,,,,,,,,,,,,,,,,,,,character_skill_level_to_effects_junctions_tables,wh3_main_skill_agent_action_success_scaling|wh_main_effect_agent_action_success_chance_skill|23|character_to_character_own
effect,warhammer_3,8.1.1,24237342,Norsca,norsca,wh_dlc08_sc_nor_norsca,Slavin Kurnz,Slavin_Kurnz,lord,wh3_main_pro_slavin_0,general,general,wh3_prologue_horde_of_kurnz,false,false,true,true,false,true,,,wh3_main_prologue_skill_node_set_nor_slavin,,1,general,false,false,,,,wh3_main_agent_action_scaling,wh3_main_skill_agent_action_success_scaling,Agent action success modifer,Hidden skill that scales action success/defence chance,mount_hellsteed.png,0,99,0,0,false,0,49,24,Agent action success modifer,Hidden skill that scales action success/defence chance,,,,,,wh_main_effect_agent_action_success_chance_enemy_skill,[HIDDEN] Enemy Hero action success chance: %+n% (from skill),,character_to_character_own,-24,campaign,0,true,,,,,,,,,,,,,,,,,,,,,,,,,character_skill_level_to_effects_junctions_tables,wh3_main_skill_agent_action_success_scaling|wh_main_effect_agent_action_success_chance_enemy_skill|24|character_to_character_own
effect,warhammer_3,8.1.1,24237342,Norsca,norsca,wh_dlc08_sc_nor_norsca,Slavin Kurnz,Slavin_Kurnz,lord,wh3_main_pro_slavin_0,general,general,wh3_prologue_horde_of_kurnz,false,false,true,true,false,true,,,wh3_main_prologue_skill_node_set_nor_slavin,,1,general,false,false,,,,wh3_main_agent_action_scaling,wh3_main_skill_agent_action_success_scaling,Agent action success modifer,Hidden skill that scales action success/defence chance,mount_hellsteed.png,0,99,0,0,false,0,49,24,Agent action success modifer,Hidden skill that scales action success/defence chance,,,,,,wh_main_effect_agent_action_success_chance_skill,[HIDDEN] Hero action success chance: %+n% (from skill),,character_to_character_own,24,campaign,0,true,,,,,,,,,,,,,,,,,,,,,,,,,character_skill_level_to_effects_junctions_tables,wh3_main_skill_agent_action_success_scaling|wh_main_effect_agent_action_success_chance_skill|24|character_to_character_own
effect,warhammer_3,8.1.1,24237342,Norsca,norsca,wh_dlc08_sc_nor_norsca,Slavin Kurnz,Slavin_Kurnz,lord,wh3_main_pro_slavin_0,general,general,wh3_prologue_horde_of_kurnz,false,false,true,true,false,true,,,wh3_main_prologue_skill_node_set_nor_slavin,,1,general,false,false,,,,wh3_main_agent_action_scaling,wh3_main_skill_agent_action_success_scaling,Agent action success modifer,Hidden skill that scales action success/defence chance,mount_hellsteed.png,0,99,0,0,false,0,49,25,Agent action success modifer,Hidden skill that scales action success/defence chance,,,,,,wh_main_effect_agent_action_success_chance_enemy_skill,[HIDDEN] Enemy Hero action success chance: %+n% (from skill),,character_to_character_own,-25,campaign,0,true,,,,,,,,,,,,,,,,,,,,,,,,,character_skill_level_to_effects_junctions_tables,wh3_main_skill_agent_action_success_scaling|wh_main_effect_agent_action_success_chance_enemy_skill|25|character_to_character_own
effect,warhammer_3,8.1.1,24237342,Norsca,norsca,wh_dlc08_sc_nor_norsca,Slavin Kurnz,Slavin_Kurnz,lord,wh3_main_pro_slavin_0,general,general,wh3_prologue_horde_of_kurnz,false,false,true,true,false,true,,,wh3_main_prologue_skill_node_set_nor_slavin,,1,general,false,false,,,,wh3_main_agent_action_scaling,wh3_main_skill_agent_action_success_scaling,Agent action success modifer,Hidden skill that scales action success/defence chance,mount_hellsteed.png,0,99,0,0,false,0,49,25,Agent action success modifer,Hidden skill that scales action success/defence chance,,,,,,wh_main_effect_agent_action_success_chance_skill,[HIDDEN] Hero action success chance: %+n% (from skill),,character_to_character_own,25,campaign,0,true,,,,,,,,,,,,,,,,,,,,,,,,,character_skill_level_to_effects_junctions_tables,wh3_main_skill_agent_action_success_scaling|wh_main_effect_agent_action_success_chance_skill|25|character_to_character_own
effect,warhammer_3,8.1.1,24237342,Norsca,norsca,wh_dlc08_sc_nor_norsca,Slavin Kurnz,Slavin_Kurnz,lord,wh3_main_pro_slavin_0,general,general,wh3_prologue_horde_of_kurnz,false,false,true,true,false,true,,,wh3_main_prologue_skill_node_set_nor_slavin,,1,general,false,false,,,,wh3_main_agent_action_scaling,wh3_main_skill_agent_action_success_scaling,Agent action success modifer,Hidden skill that scales action success/defence chance,mount_hellsteed.png,0,99,0,0,false,0,49,26,Agent action success modifer,Hidden skill that scales action success/defence chance,,,,,,wh_main_effect_agent_action_success_chance_enemy_skill,[HIDDEN] Enemy Hero action success chance: %+n% (from skill),,character_to_character_own,-26,campaign,0,true,,,,,,,,,,,,,,,,,,,,,,,,,character_skill_level_to_effects_junctions_tables,wh3_main_skill_agent_action_success_scaling|wh_main_effect_agent_action_success_chance_enemy_skill|26|character_to_character_own
effect,warhammer_3,8.1.1,24237342,Norsca,norsca,wh_dlc08_sc_nor_norsca,Slavin Kurnz,Slavin_Kurnz,lord,wh3_main_pro_slavin_0,general,general,wh3_prologue_horde_of_kurnz,false,false,true,true,false,true,,,wh3_main_prologue_skill_node_set_nor_slavin,,1,general,false,false,,,,wh3_main_agent_action_scaling,wh3_main_skill_agent_action_success_scaling,Agent action success modifer,Hidden skill that scales action success/defence chance,mount_hellsteed.png,0,99,0,0,false,0,49,26,Agent action success modifer,Hidden skill that scales action success/defence chance,,,,,,wh_main_effect_agent_action_success_chance_skill,[HIDDEN] Hero action success chance: %+n% (from skill),,character_to_character_own,26,campaign,0,true,,,,,,,,,,,,,,,,,,,,,,,,,character_skill_level_to_effects_junctions_tables,wh3_main_skill_agent_action_success_scaling|wh_main_effect_agent_action_success_chance_skill|26|character_to_character_own
effect,warhammer_3,8.1.1,24237342,Norsca,norsca,wh_dlc08_sc_nor_norsca,Slavin Kurnz,Slavin_Kurnz,lord,wh3_main_pro_slavin_0,general,general,wh3_prologue_horde_of_kurnz,false,false,true,true,false,true,,,wh3_main_prologue_skill_node_set_nor_slavin,,1,general,false,false,,,,wh3_main_agent_action_scaling,wh3_main_skill_agent_action_success_scaling,Agent action success modifer,Hidden skill that scales action success/defence chance,mount_hellsteed.png,0,99,0,0,false,0,49,27,Agent action success modifer,Hidden skill that scales action success/defence chance,,,,,,wh_main_effect_agent_action_success_chance_enemy_skill,[HIDDEN] Enemy Hero action success chance: %+n% (from skill),,character_to_character_own,-27,campaign,0,true,,,,,,,,,,,,,,,,,,,,,,,,,character_skill_level_to_effects_junctions_tables,wh3_main_skill_agent_action_success_scaling|wh_main_effect_agent_action_success_chance_enemy_skill|27|character_to_character_own
effect,warhammer_3,8.1.1,24237342,Norsca,norsca,wh_dlc08_sc_nor_norsca,Slavin Kurnz,Slavin_Kurnz,lord,wh3_main_pro_slavin_0,general,general,wh3_prologue_horde_of_kurnz,false,false,true,true,false,true,,,wh3_main_prologue_skill_node_set_nor_slavin,,1,general,false,false,,,,wh3_main_agent_action_scaling,wh3_main_skill_agent_action_success_scaling,Agent action success modifer,Hidden skill that scales action success/defence chance,mount_hellsteed.png,0,99,0,0,false,0,49,27,Agent action success modifer,Hidden skill that scales action success/defence chance,,,,,,wh_main_effect_agent_action_success_chance_skill,[HIDDEN] Hero action success chance: %+n% (from skill),,character_to_character_own,27,campaign,0,true,,,,,,,,,,,,,,,,,,,,,,,,,character_skill_level_to_effects_junctions_tables,wh3_main_skill_agent_action_success_scaling|wh_main_effect_agent_action_success_chance_skill|27|character_to_character_own
effect,warhammer_3,8.1.1,24237342,Norsca,norsca,wh_dlc08_sc_nor_norsca,Slavin Kurnz,Slavin_Kurnz,lord,wh3_main_pro_slavin_0,general,general,wh3_prologue_horde_of_kurnz,false,false,true,true,false,true,,,wh3_main_prologue_skill_node_set_nor_slavin,,1,general,false,false,,,,wh3_main_agent_action_scaling,wh3_main_skill_agent_action_success_scaling,Agent action success modifer,Hidden skill that scales action success/defence chance,mount_hellsteed.png,0,99,0,0,false,0,49,28,Agent action success modifer,Hidden skill that scales action success/defence chance,,,,,,wh_main_effect_agent_action_success_chance_enemy_skill,[HIDDEN] Enemy Hero action success chance: %+n% (from skill),,character_to_character_own,-28,campaign,0,true,,,,,,,,,,,,,,,,,,,,,,,,,character_skill_level_to_effects_junctions_tables,wh3_main_skill_agent_action_success_scaling|wh_main_effect_agent_action_success_chance_enemy_skill|28|character_to_character_own
effect,warhammer_3,8.1.1,24237342,Norsca,norsca,wh_dlc08_sc_nor_norsca,Slavin Kurnz,Slavin_Kurnz,lord,wh3_main_pro_slavin_0,general,general,wh3_prologue_horde_of_kurnz,false,false,true,true,false,true,,,wh3_main_prologue_skill_node_set_nor_slavin,,1,general,false,false,,,,wh3_main_agent_action_scaling,wh3_main_skill_agent_action_success_scaling,Agent action success modifer,Hidden skill that scales action success/defence chance,mount_hellsteed.png,0,99,0,0,false,0,49,28,Agent action success modifer,Hidden skill that scales action success/defence chance,,,,,,wh_main_effect_agent_action_success_chance_skill,[HIDDEN] Hero action success chance: %+n% (from skill),,character_to_character_own,28,campaign,0,true,,,,,,,,,,,,,,,,,,,,,,,,,character_skill_level_to_effects_junctions_tables,wh3_main_skill_agent_action_success_scaling|wh_main_effect_agent_action_success_chance_skill|28|character_to_character_own
effect,warhammer_3,8.1.1,24237342,Norsca,norsca,wh_dlc08_sc_nor_norsca,Slavin Kurnz,Slavin_Kurnz,lord,wh3_main_pro_slavin_0,general,general,wh3_prologue_horde_of_kurnz,false,false,true,true,false,true,,,wh3_main_prologue_skill_node_set_nor_slavin,,1,general,false,false,,,,wh3_main_agent_action_scaling,wh3_main_skill_agent_action_success_scaling,Agent action success modifer,Hidden skill that scales action success/defence chance,mount_hellsteed.png,0,99,0,0,false,0,49,29,Agent action success modifer,Hidden skill that scales action success/defence chance,,,,,,wh_main_effect_agent_action_success_chance_enemy_skill,[HIDDEN] Enemy Hero action success chance: %+n% (from skill),,character_to_character_own,-29,campaign,0,true,,,,,,,,,,,,,,,,,,,,,,,,,character_skill_level_to_effects_junctions_tables,wh3_main_skill_agent_action_success_scaling|wh_main_effect_agent_action_success_chance_enemy_skill|29|character_to_character_own
effect,warhammer_3,8.1.1,24237342,Norsca,norsca,wh_dlc08_sc_nor_norsca,Slavin Kurnz,Slavin_Kurnz,lord,wh3_main_pro_slavin_0,general,general,wh3_prologue_horde_of_kurnz,false,false,true,true,false,true,,,wh3_main_prologue_skill_node_set_nor_slavin,,1,general,false,false,,,,wh3_main_agent_action_scaling,wh3_main_skill_agent_action_success_scaling,Agent action success modifer,Hidden skill that scales action success/defence chance,mount_hellsteed.png,0,99,0,0,false,0,49,29,Agent action success modifer,Hidden skill that scales action success/defence chance,,,,,,wh_main_effect_agent_action_success_chance_skill,[HIDDEN] Hero action success chance: %+n% (from skill),,character_to_character_own,29,campaign,0,true,,,,,,,,,,,,,,,,,,,,,,,,,character_skill_level_to_effects_junctions_tables,wh3_main_skill_agent_action_success_scaling|wh_main_effect_agent_action_success_chance_skill|29|character_to_character_own
effect,warhammer_3,8.1.1,24237342,Norsca,norsca,wh_dlc08_sc_nor_norsca,Slavin Kurnz,Slavin_Kurnz,lord,wh3_main_pro_slavin_0,general,general,wh3_prologue_horde_of_kurnz,false,false,true,true,false,true,,,wh3_main_prologue_skill_node_set_nor_slavin,,1,general,false,false,,,,wh3_main_agent_action_scaling,wh3_main_skill_agent_action_success_scaling,Agent action success modifer,Hidden skill that scales action success/defence chance,mount_hellsteed.png,0,99,0,0,false,0,49,30,Agent action success modifer,Hidden skill that scales action success/defence chance,,,,,,wh_main_effect_agent_action_success_chance_enemy_skill,[HIDDEN] Enemy Hero action success chance: %+n% (from skill),,character_to_character_own,-30,campaign,0,true,,,,,,,,,,,,,,,,,,,,,,,,,character_skill_level_to_effects_junctions_tables,wh3_main_skill_agent_action_success_scaling|wh_main_effect_agent_action_success_chance_enemy_skill|30|character_to_character_own
effect,warhammer_3,8.1.1,24237342,Norsca,norsca,wh_dlc08_sc_nor_norsca,Slavin Kurnz,Slavin_Kurnz,lord,wh3_main_pro_slavin_0,general,general,wh3_prologue_horde_of_kurnz,false,false,true,true,false,true,,,wh3_main_prologue_skill_node_set_nor_slavin,,1,general,false,false,,,,wh3_main_agent_action_scaling,wh3_main_skill_agent_action_success_scaling,Agent action success modifer,Hidden skill that scales action success/defence chance,mount_hellsteed.png,0,99,0,0,false,0,49,30,Agent action success modifer,Hidden skill that scales action success/defence chance,,,,,,wh_main_effect_agent_action_success_chance_skill,[HIDDEN] Hero action success chance: %+n% (from skill),,character_to_character_own,30,campaign,0,true,,,,,,,,,,,,,,,,,,,,,,,,,character_skill_level_to_effects_junctions_tables,wh3_main_skill_agent_action_success_scaling|wh_main_effect_agent_action_success_chance_skill|30|character_to_character_own
effect,warhammer_3,8.1.1,24237342,Norsca,norsca,wh_dlc08_sc_nor_norsca,Slavin Kurnz,Slavin_Kurnz,lord,wh3_main_pro_slavin_0,general,general,wh3_prologue_horde_of_kurnz,false,false,true,true,false,true,,,wh3_main_prologue_skill_node_set_nor_slavin,,1,general,false,false,,,,wh3_main_agent_action_scaling,wh3_main_skill_agent_action_success_scaling,Agent action success modifer,Hidden skill that scales action success/defence chance,mount_hellsteed.png,0,99,0,0,false,0,49,31,Agent action success modifer,Hidden skill that scales action success/defence chance,,,,,,wh_main_effect_agent_action_success_chance_enemy_skill,[HIDDEN] Enemy Hero action success chance: %+n% (from skill),,character_to_character_own,-31,campaign,0,true,,,,,,,,,,,,,,,,,,,,,,,,,character_skill_level_to_effects_junctions_tables,wh3_main_skill_agent_action_success_scaling|wh_main_effect_agent_action_success_chance_enemy_skill|31|character_to_character_own
effect,warhammer_3,8.1.1,24237342,Norsca,norsca,wh_dlc08_sc_nor_norsca,Slavin Kurnz,Slavin_Kurnz,lord,wh3_main_pro_slavin_0,general,general,wh3_prologue_horde_of_kurnz,false,false,true,true,false,true,,,wh3_main_prologue_skill_node_set_nor_slavin,,1,general,false,false,,,,wh3_main_agent_action_scaling,wh3_main_skill_agent_action_success_scaling,Agent action success modifer,Hidden skill that scales action success/defence chance,mount_hellsteed.png,0,99,0,0,false,0,49,31,Agent action success modifer,Hidden skill that scales action success/defence chance,,,,,,wh_main_effect_agent_action_success_chance_skill,[HIDDEN] Hero action success chance: %+n% (from skill),,character_to_character_own,31,campaign,0,true,,,,,,,,,,,,,,,,,,,,,,,,,character_skill_level_to_effects_junctions_tables,wh3_main_skill_agent_action_success_scaling|wh_main_effect_agent_action_success_chance_skill|31|character_to_character_own
effect,warhammer_3,8.1.1,24237342,Norsca,norsca,wh_dlc08_sc_nor_norsca,Slavin Kurnz,Slavin_Kurnz,lord,wh3_main_pro_slavin_0,general,general,wh3_prologue_horde_of_kurnz,false,false,true,true,false,true,,,wh3_main_prologue_skill_node_set_nor_slavin,,1,general,false,false,,,,wh3_main_agent_action_scaling,wh3_main_skill_agent_action_success_scaling,Agent action success modifer,Hidden skill that scales action success/defence chance,mount_hellsteed.png,0,99,0,0,false,0,49,32,Agent action success modifer,Hidden skill that scales action success/defence chance,,,,,,wh_main_effect_agent_action_success_chance_enemy_skill,[HIDDEN] Enemy Hero action success chance: %+n% (from skill),,character_to_character_own,-32,campaign,0,true,,,,,,,,,,,,,,,,,,,,,,,,,character_skill_level_to_effects_junctions_tables,wh3_main_skill_agent_action_success_scaling|wh_main_effect_agent_action_success_chance_enemy_skill|32|character_to_character_own
effect,warhammer_3,8.1.1,24237342,Norsca,norsca,wh_dlc08_sc_nor_norsca,Slavin Kurnz,Slavin_Kurnz,lord,wh3_main_pro_slavin_0,general,general,wh3_prologue_horde_of_kurnz,false,false,true,true,false,true,,,wh3_main_prologue_skill_node_set_nor_slavin,,1,general,false,false,,,,wh3_main_agent_action_scaling,wh3_main_skill_agent_action_success_scaling,Agent action success modifer,Hidden skill that scales action success/defence chance,mount_hellsteed.png,0,99,0,0,false,0,49,32,Agent action success modifer,Hidden skill that scales action success/defence chance,,,,,,wh_main_effect_agent_action_success_chance_skill,[HIDDEN] Hero action success chance: %+n% (from skill),,character_to_character_own,32,campaign,0,true,,,,,,,,,,,,,,,,,,,,,,,,,character_skill_level_to_effects_junctions_tables,wh3_main_skill_agent_action_success_scaling|wh_main_effect_agent_action_success_chance_skill|32|character_to_character_own
effect,warhammer_3,8.1.1,24237342,Norsca,norsca,wh_dlc08_sc_nor_norsca,Slavin Kurnz,Slavin_Kurnz,lord,wh3_main_pro_slavin_0,general,general,wh3_prologue_horde_of_kurnz,false,false,true,true,false,true,,,wh3_main_prologue_skill_node_set_nor_slavin,,1,general,false,false,,,,wh3_main_agent_action_scaling,wh3_main_skill_agent_action_success_scaling,Agent action success modifer,Hidden skill that scales action success/defence chance,mount_hellsteed.png,0,99,0,0,false,0,49,33,Agent action success modifer,Hidden skill that scales action success/defence chance,,,,,,wh_main_effect_agent_action_success_chance_enemy_skill,[HIDDEN] Enemy Hero action success chance: %+n% (from skill),,character_to_character_own,-33,campaign,0,true,,,,,,,,,,,,,,,,,,,,,,,,,character_skill_level_to_effects_junctions_tables,wh3_main_skill_agent_action_success_scaling|wh_main_effect_agent_action_success_chance_enemy_skill|33|character_to_character_own
effect,warhammer_3,8.1.1,24237342,Norsca,norsca,wh_dlc08_sc_nor_norsca,Slavin Kurnz,Slavin_Kurnz,lord,wh3_main_pro_slavin_0,general,general,wh3_prologue_horde_of_kurnz,false,false,true,true,false,true,,,wh3_main_prologue_skill_node_set_nor_slavin,,1,general,false,false,,,,wh3_main_agent_action_scaling,wh3_main_skill_agent_action_success_scaling,Agent action success modifer,Hidden skill that scales action success/defence chance,mount_hellsteed.png,0,99,0,0,false,0,49,33,Agent action success modifer,Hidden skill that scales action success/defence chance,,,,,,wh_main_effect_agent_action_success_chance_skill,[HIDDEN] Hero action success chance: %+n% (from skill),,character_to_character_own,33,campaign,0,true,,,,,,,,,,,,,,,,,,,,,,,,,character_skill_level_to_effects_junctions_tables,wh3_main_skill_agent_action_success_scaling|wh_main_effect_agent_action_success_chance_skill|33|character_to_character_own
effect,warhammer_3,8.1.1,24237342,Norsca,norsca,wh_dlc08_sc_nor_norsca,Slavin Kurnz,Slavin_Kurnz,lord,wh3_main_pro_slavin_0,general,general,wh3_prologue_horde_of_kurnz,false,false,true,true,false,true,,,wh3_main_prologue_skill_node_set_nor_slavin,,1,general,false,false,,,,wh3_main_agent_action_scaling,wh3_main_skill_agent_action_success_scaling,Agent action success modifer,Hidden skill that scales action success/defence chance,mount_hellsteed.png,0,99,0,0,false,0,49,34,Agent action success modifer,Hidden skill that scales action success/defence chance,,,,,,wh_main_effect_agent_action_success_chance_enemy_skill,[HIDDEN] Enemy Hero action success chance: %+n% (from skill),,character_to_character_own,-34,campaign,0,true,,,,,,,,,,,,,,,,,,,,,,,,,character_skill_level_to_effects_junctions_tables,wh3_main_skill_agent_action_success_scaling|wh_main_effect_agent_action_success_chance_enemy_skill|34|character_to_character_own
effect,warhammer_3,8.1.1,24237342,Norsca,norsca,wh_dlc08_sc_nor_norsca,Slavin Kurnz,Slavin_Kurnz,lord,wh3_main_pro_slavin_0,general,general,wh3_prologue_horde_of_kurnz,false,false,true,true,false,true,,,wh3_main_prologue_skill_node_set_nor_slavin,,1,general,false,false,,,,wh3_main_agent_action_scaling,wh3_main_skill_agent_action_success_scaling,Agent action success modifer,Hidden skill that scales action success/defence chance,mount_hellsteed.png,0,99,0,0,false,0,49,34,Agent action success modifer,Hidden skill that scales action success/defence chance,,,,,,wh_main_effect_agent_action_success_chance_skill,[HIDDEN] Hero action success chance: %+n% (from skill),,character_to_character_own,34,campaign,0,true,,,,,,,,,,,,,,,,,,,,,,,,,character_skill_level_to_effects_junctions_tables,wh3_main_skill_agent_action_success_scaling|wh_main_effect_agent_action_success_chance_skill|34|character_to_character_own
effect,warhammer_3,8.1.1,24237342,Norsca,norsca,wh_dlc08_sc_nor_norsca,Slavin Kurnz,Slavin_Kurnz,lord,wh3_main_pro_slavin_0,general,general,wh3_prologue_horde_of_kurnz,false,false,true,true,false,true,,,wh3_main_prologue_skill_node_set_nor_slavin,,1,general,false,false,,,,wh3_main_agent_action_scaling,wh3_main_skill_agent_action_success_scaling,Agent action success modifer,Hidden skill that scales action success/defence chance,mount_hellsteed.png,0,99,0,0,false,0,49,35,Agent action success modifer,Hidden skill that scales action success/defence chance,,,,,,wh_main_effect_agent_action_success_chance_enemy_skill,[HIDDEN] Enemy Hero action success chance: %+n% (from skill),,character_to_character_own,-35,campaign,0,true,,,,,,,,,,,,,,,,,,,,,,,,,character_skill_level_to_effects_junctions_tables,wh3_main_skill_agent_action_success_scaling|wh_main_effect_agent_action_success_chance_enemy_skill|35|character_to_character_own
effect,warhammer_3,8.1.1,24237342,Norsca,norsca,wh_dlc08_sc_nor_norsca,Slavin Kurnz,Slavin_Kurnz,lord,wh3_main_pro_slavin_0,general,general,wh3_prologue_horde_of_kurnz,false,false,true,true,false,true,,,wh3_main_prologue_skill_node_set_nor_slavin,,1,general,false,false,,,,wh3_main_agent_action_scaling,wh3_main_skill_agent_action_success_scaling,Agent action success modifer,Hidden skill that scales action success/defence chance,mount_hellsteed.png,0,99,0,0,false,0,49,35,Agent action success modifer,Hidden skill that scales action success/defence chance,,,,,,wh_main_effect_agent_action_success_chance_skill,[HIDDEN] Hero action success chance: %+n% (from skill),,character_to_character_own,35,campaign,0,true,,,,,,,,,,,,,,,,,,,,,,,,,character_skill_level_to_effects_junctions_tables,wh3_main_skill_agent_action_success_scaling|wh_main_effect_agent_action_success_chance_skill|35|character_to_character_own
effect,warhammer_3,8.1.1,24237342,Norsca,norsca,wh_dlc08_sc_nor_norsca,Slavin Kurnz,Slavin_Kurnz,lord,wh3_main_pro_slavin_0,general,general,wh3_prologue_horde_of_kurnz,false,false,true,true,false,true,,,wh3_main_prologue_skill_node_set_nor_slavin,,1,general,false,false,,,,wh3_main_agent_action_scaling,wh3_main_skill_agent_action_success_scaling,Agent action success modifer,Hidden skill that scales action success/defence chance,mount_hellsteed.png,0,99,0,0,false,0,49,36,Agent action success modifer,Hidden skill that scales action success/defence chance,,,,,,wh_main_effect_agent_action_success_chance_enemy_skill,[HIDDEN] Enemy Hero action success chance: %+n% (from skill),,character_to_character_own,-36,campaign,0,true,,,,,,,,,,,,,,,,,,,,,,,,,character_skill_level_to_effects_junctions_tables,wh3_main_skill_agent_action_success_scaling|wh_main_effect_agent_action_success_chance_enemy_skill|36|character_to_character_own
effect,warhammer_3,8.1.1,24237342,Norsca,norsca,wh_dlc08_sc_nor_norsca,Slavin Kurnz,Slavin_Kurnz,lord,wh3_main_pro_slavin_0,general,general,wh3_prologue_horde_of_kurnz,false,false,true,true,false,true,,,wh3_main_prologue_skill_node_set_nor_slavin,,1,general,false,false,,,,wh3_main_agent_action_scaling,wh3_main_skill_agent_action_success_scaling,Agent action success modifer,Hidden skill that scales action success/defence chance,mount_hellsteed.png,0,99,0,0,false,0,49,36,Agent action success modifer,Hidden skill that scales action success/defence chance,,,,,,wh_main_effect_agent_action_success_chance_skill,[HIDDEN] Hero action success chance: %+n% (from skill),,character_to_character_own,36,campaign,0,true,,,,,,,,,,,,,,,,,,,,,,,,,character_skill_level_to_effects_junctions_tables,wh3_main_skill_agent_action_success_scaling|wh_main_effect_agent_action_success_chance_skill|36|character_to_character_own
effect,warhammer_3,8.1.1,24237342,Norsca,norsca,wh_dlc08_sc_nor_norsca,Slavin Kurnz,Slavin_Kurnz,lord,wh3_main_pro_slavin_0,general,general,wh3_prologue_horde_of_kurnz,false,false,true,true,false,true,,,wh3_main_prologue_skill_node_set_nor_slavin,,1,general,false,false,,,,wh3_main_agent_action_scaling,wh3_main_skill_agent_action_success_scaling,Agent action success modifer,Hidden skill that scales action success/defence chance,mount_hellsteed.png,0,99,0,0,false,0,49,37,Agent action success modifer,Hidden skill that scales action success/defence chance,,,,,,wh_main_effect_agent_action_success_chance_enemy_skill,[HIDDEN] Enemy Hero action success chance: %+n% (from skill),,character_to_character_own,-37,campaign,0,true,,,,,,,,,,,,,,,,,,,,,,,,,character_skill_level_to_effects_junctions_tables,wh3_main_skill_agent_action_success_scaling|wh_main_effect_agent_action_success_chance_enemy_skill|37|character_to_character_own
effect,warhammer_3,8.1.1,24237342,Norsca,norsca,wh_dlc08_sc_nor_norsca,Slavin Kurnz,Slavin_Kurnz,lord,wh3_main_pro_slavin_0,general,general,wh3_prologue_horde_of_kurnz,false,false,true,true,false,true,,,wh3_main_prologue_skill_node_set_nor_slavin,,1,general,false,false,,,,wh3_main_agent_action_scaling,wh3_main_skill_agent_action_success_scaling,Agent action success modifer,Hidden skill that scales action success/defence chance,mount_hellsteed.png,0,99,0,0,false,0,49,37,Agent action success modifer,Hidden skill that scales action success/defence chance,,,,,,wh_main_effect_agent_action_success_chance_skill,[HIDDEN] Hero action success chance: %+n% (from skill),,character_to_character_own,37,campaign,0,true,,,,,,,,,,,,,,,,,,,,,,,,,character_skill_level_to_effects_junctions_tables,wh3_main_skill_agent_action_success_scaling|wh_main_effect_agent_action_success_chance_skill|37|character_to_character_own
effect,warhammer_3,8.1.1,24237342,Norsca,norsca,wh_dlc08_sc_nor_norsca,Slavin Kurnz,Slavin_Kurnz,lord,wh3_main_pro_slavin_0,general,general,wh3_prologue_horde_of_kurnz,false,false,true,true,false,true,,,wh3_main_prologue_skill_node_set_nor_slavin,,1,general,false,false,,,,wh3_main_agent_action_scaling,wh3_main_skill_agent_action_success_scaling,Agent action success modifer,Hidden skill that scales action success/defence chance,mount_hellsteed.png,0,99,0,0,false,0,49,38,Agent action success modifer,Hidden skill that scales action success/defence chance,,,,,,wh_main_effect_agent_action_success_chance_enemy_skill,[HIDDEN] Enemy Hero action success chance: %+n% (from skill),,character_to_character_own,-38,campaign,0,true,,,,,,,,,,,,,,,,,,,,,,,,,character_skill_level_to_effects_junctions_tables,wh3_main_skill_agent_action_success_scaling|wh_main_effect_agent_action_success_chance_enemy_skill|38|character_to_character_own
effect,warhammer_3,8.1.1,24237342,Norsca,norsca,wh_dlc08_sc_nor_norsca,Slavin Kurnz,Slavin_Kurnz,lord,wh3_main_pro_slavin_0,general,general,wh3_prologue_horde_of_kurnz,false,false,true,true,false,true,,,wh3_main_prologue_skill_node_set_nor_slavin,,1,general,false,false,,,,wh3_main_agent_action_scaling,wh3_main_skill_agent_action_success_scaling,Agent action success modifer,Hidden skill that scales action success/defence chance,mount_hellsteed.png,0,99,0,0,false,0,49,38,Agent action success modifer,Hidden skill that scales action success/defence chance,,,,,,wh_main_effect_agent_action_success_chance_skill,[HIDDEN] Hero action success chance: %+n% (from skill),,character_to_character_own,38,campaign,0,true,,,,,,,,,,,,,,,,,,,,,,,,,character_skill_level_to_effects_junctions_tables,wh3_main_skill_agent_action_success_scaling|wh_main_effect_agent_action_success_chance_skill|38|character_to_character_own
effect,warhammer_3,8.1.1,24237342,Norsca,norsca,wh_dlc08_sc_nor_norsca,Slavin Kurnz,Slavin_Kurnz,lord,wh3_main_pro_slavin_0,general,general,wh3_prologue_horde_of_kurnz,false,false,true,true,false,true,,,wh3_main_prologue_skill_node_set_nor_slavin,,1,general,false,false,,,,wh3_main_agent_action_scaling,wh3_main_skill_agent_action_success_scaling,Agent action success modifer,Hidden skill that scales action success/defence chance,mount_hellsteed.png,0,99,0,0,false,0,49,39,Agent action success modifer,Hidden skill that scales action success/defence chance,,,,,,wh_main_effect_agent_action_success_chance_enemy_skill,[HIDDEN] Enemy Hero action success chance: %+n% (from skill),,character_to_character_own,-39,campaign,0,true,,,,,,,,,,,,,,,,,,,,,,,,,character_skill_level_to_effects_junctions_tables,wh3_main_skill_agent_action_success_scaling|wh_main_effect_agent_action_success_chance_enemy_skill|39|character_to_character_own
effect,warhammer_3,8.1.1,24237342,Norsca,norsca,wh_dlc08_sc_nor_norsca,Slavin Kurnz,Slavin_Kurnz,lord,wh3_main_pro_slavin_0,general,general,wh3_prologue_horde_of_kurnz,false,false,true,true,false,true,,,wh3_main_prologue_skill_node_set_nor_slavin,,1,general,false,false,,,,wh3_main_agent_action_scaling,wh3_main_skill_agent_action_success_scaling,Agent action success modifer,Hidden skill that scales action success/defence chance,mount_hellsteed.png,0,99,0,0,false,0,49,39,Agent action success modifer,Hidden skill that scales action success/defence chance,,,,,,wh_main_effect_agent_action_success_chance_skill,[HIDDEN] Hero action success chance: %+n% (from skill),,character_to_character_own,39,campaign,0,true,,,,,,,,,,,,,,,,,,,,,,,,,character_skill_level_to_effects_junctions_tables,wh3_main_skill_agent_action_success_scaling|wh_main_effect_agent_action_success_chance_skill|39|character_to_character_own
effect,warhammer_3,8.1.1,24237342,Norsca,norsca,wh_dlc08_sc_nor_norsca,Slavin Kurnz,Slavin_Kurnz,lord,wh3_main_pro_slavin_0,general,general,wh3_prologue_horde_of_kurnz,false,false,true,true,false,true,,,wh3_main_prologue_skill_node_set_nor_slavin,,1,general,false,false,,,,wh3_main_agent_action_scaling,wh3_main_skill_agent_action_success_scaling,Agent action success modifer,Hidden skill that scales action success/defence chance,mount_hellsteed.png,0,99,0,0,false,0,49,40,Agent action success modifer,Hidden skill that scales action success/defence chance,,,,,,wh_main_effect_agent_action_success_chance_enemy_skill,[HIDDEN] Enemy Hero action success chance: %+n% (from skill),,character_to_character_own,-40,campaign,0,true,,,,,,,,,,,,,,,,,,,,,,,,,character_skill_level_to_effects_junctions_tables,wh3_main_skill_agent_action_success_scaling|wh_main_effect_agent_action_success_chance_enemy_skill|40|character_to_character_own
effect,warhammer_3,8.1.1,24237342,Norsca,norsca,wh_dlc08_sc_nor_norsca,Slavin Kurnz,Slavin_Kurnz,lord,wh3_main_pro_slavin_0,general,general,wh3_prologue_horde_of_kurnz,false,false,true,true,false,true,,,wh3_main_prologue_skill_node_set_nor_slavin,,1,general,false,false,,,,wh3_main_agent_action_scaling,wh3_main_skill_agent_action_success_scaling,Agent action success modifer,Hidden skill that scales action success/defence chance,mount_hellsteed.png,0,99,0,0,false,0,49,40,Agent action success modifer,Hidden skill that scales action success/defence chance,,,,,,wh_main_effect_agent_action_success_chance_skill,[HIDDEN] Hero action success chance: %+n% (from skill),,character_to_character_own,40,campaign,0,true,,,,,,,,,,,,,,,,,,,,,,,,,character_skill_level_to_effects_junctions_tables,wh3_main_skill_agent_action_success_scaling|wh_main_effect_agent_action_success_chance_skill|40|character_to_character_own
effect,warhammer_3,8.1.1,24237342,Norsca,norsca,wh_dlc08_sc_nor_norsca,Slavin Kurnz,Slavin_Kurnz,lord,wh3_main_pro_slavin_0,general,general,wh3_prologue_horde_of_kurnz,false,false,true,true,false,true,,,wh3_main_prologue_skill_node_set_nor_slavin,,1,general,false,false,,,,wh3_main_agent_action_scaling,wh3_main_skill_agent_action_success_scaling,Agent action success modifer,Hidden skill that scales action success/defence chance,mount_hellsteed.png,0,99,0,0,false,0,49,41,Agent action success modifer,Hidden skill that scales action success/defence chance,,,,,,wh_main_effect_agent_action_success_chance_enemy_skill,[HIDDEN] Enemy Hero action success chance: %+n% (from skill),,character_to_character_own,-41,campaign,0,true,,,,,,,,,,,,,,,,,,,,,,,,,character_skill_level_to_effects_junctions_tables,wh3_main_skill_agent_action_success_scaling|wh_main_effect_agent_action_success_chance_enemy_skill|41|character_to_character_own
effect,warhammer_3,8.1.1,24237342,Norsca,norsca,wh_dlc08_sc_nor_norsca,Slavin Kurnz,Slavin_Kurnz,lord,wh3_main_pro_slavin_0,general,general,wh3_prologue_horde_of_kurnz,false,false,true,true,false,true,,,wh3_main_prologue_skill_node_set_nor_slavin,,1,general,false,false,,,,wh3_main_agent_action_scaling,wh3_main_skill_agent_action_success_scaling,Agent action success modifer,Hidden skill that scales action success/defence chance,mount_hellsteed.png,0,99,0,0,false,0,49,41,Agent action success modifer,Hidden skill that scales action success/defence chance,,,,,,wh_main_effect_agent_action_success_chance_skill,[HIDDEN] Hero action success chance: %+n% (from skill),,character_to_character_own,41,campaign,0,true,,,,,,,,,,,,,,,,,,,,,,,,,character_skill_level_to_effects_junctions_tables,wh3_main_skill_agent_action_success_scaling|wh_main_effect_agent_action_success_chance_skill|41|character_to_character_own
effect,warhammer_3,8.1.1,24237342,Norsca,norsca,wh_dlc08_sc_nor_norsca,Slavin Kurnz,Slavin_Kurnz,lord,wh3_main_pro_slavin_0,general,general,wh3_prologue_horde_of_kurnz,false,false,true,true,false,true,,,wh3_main_prologue_skill_node_set_nor_slavin,,1,general,false,false,,,,wh3_main_agent_action_scaling,wh3_main_skill_agent_action_success_scaling,Agent action success modifer,Hidden skill that scales action success/defence chance,mount_hellsteed.png,0,99,0,0,false,0,49,42,Agent action success modifer,Hidden skill that scales action success/defence chance,,,,,,wh_main_effect_agent_action_success_chance_enemy_skill,[HIDDEN] Enemy Hero action success chance: %+n% (from skill),,character_to_character_own,-42,campaign,0,true,,,,,,,,,,,,,,,,,,,,,,,,,character_skill_level_to_effects_junctions_tables,wh3_main_skill_agent_action_success_scaling|wh_main_effect_agent_action_success_chance_enemy_skill|42|character_to_character_own
effect,warhammer_3,8.1.1,24237342,Norsca,norsca,wh_dlc08_sc_nor_norsca,Slavin Kurnz,Slavin_Kurnz,lord,wh3_main_pro_slavin_0,general,general,wh3_prologue_horde_of_kurnz,false,false,true,true,false,true,,,wh3_main_prologue_skill_node_set_nor_slavin,,1,general,false,false,,,,wh3_main_agent_action_scaling,wh3_main_skill_agent_action_success_scaling,Agent action success modifer,Hidden skill that scales action success/defence chance,mount_hellsteed.png,0,99,0,0,false,0,49,42,Agent action success modifer,Hidden skill that scales action success/defence chance,,,,,,wh_main_effect_agent_action_success_chance_skill,[HIDDEN] Hero action success chance: %+n% (from skill),,character_to_character_own,42,campaign,0,true,,,,,,,,,,,,,,,,,,,,,,,,,character_skill_level_to_effects_junctions_tables,wh3_main_skill_agent_action_success_scaling|wh_main_effect_agent_action_success_chance_skill|42|character_to_character_own
effect,warhammer_3,8.1.1,24237342,Norsca,norsca,wh_dlc08_sc_nor_norsca,Slavin Kurnz,Slavin_Kurnz,lord,wh3_main_pro_slavin_0,general,general,wh3_prologue_horde_of_kurnz,false,false,true,true,false,true,,,wh3_main_prologue_skill_node_set_nor_slavin,,1,general,false,false,,,,wh3_main_agent_action_scaling,wh3_main_skill_agent_action_success_scaling,Agent action success modifer,Hidden skill that scales action success/defence chance,mount_hellsteed.png,0,99,0,0,false,0,49,43,Agent action success modifer,Hidden skill that scales action success/defence chance,,,,,,wh_main_effect_agent_action_success_chance_enemy_skill,[HIDDEN] Enemy Hero action success chance: %+n% (from skill),,character_to_character_own,-43,campaign,0,true,,,,,,,,,,,,,,,,,,,,,,,,,character_skill_level_to_effects_junctions_tables,wh3_main_skill_agent_action_success_scaling|wh_main_effect_agent_action_success_chance_enemy_skill|43|character_to_character_own
effect,warhammer_3,8.1.1,24237342,Norsca,norsca,wh_dlc08_sc_nor_norsca,Slavin Kurnz,Slavin_Kurnz,lord,wh3_main_pro_slavin_0,general,general,wh3_prologue_horde_of_kurnz,false,false,true,true,false,true,,,wh3_main_prologue_skill_node_set_nor_slavin,,1,general,false,false,,,,wh3_main_agent_action_scaling,wh3_main_skill_agent_action_success_scaling,Agent action success modifer,Hidden skill that scales action success/defence chance,mount_hellsteed.png,0,99,0,0,false,0,49,43,Agent action success modifer,Hidden skill that scales action success/defence chance,,,,,,wh_main_effect_agent_action_success_chance_skill,[HIDDEN] Hero action success chance: %+n% (from skill),,character_to_character_own,43,campaign,0,true,,,,,,,,,,,,,,,,,,,,,,,,,character_skill_level_to_effects_junctions_tables,wh3_main_skill_agent_action_success_scaling|wh_main_effect_agent_action_success_chance_skill|43|character_to_character_own
effect,warhammer_3,8.1.1,24237342,Norsca,norsca,wh_dlc08_sc_nor_norsca,Slavin Kurnz,Slavin_Kurnz,lord,wh3_main_pro_slavin_0,general,general,wh3_prologue_horde_of_kurnz,false,false,true,true,false,true,,,wh3_main_prologue_skill_node_set_nor_slavin,,1,general,false,false,,,,wh3_main_agent_action_scaling,wh3_main_skill_agent_action_success_scaling,Agent action success modifer,Hidden skill that scales action success/defence chance,mount_hellsteed.png,0,99,0,0,false,0,49,44,Agent action success modifer,Hidden skill that scales action success/defence chance,,,,,,wh_main_effect_agent_action_success_chance_enemy_skill,[HIDDEN] Enemy Hero action success chance: %+n% (from skill),,character_to_character_own,-44,campaign,0,true,,,,,,,,,,,,,,,,,,,,,,,,,character_skill_level_to_effects_junctions_tables,wh3_main_skill_agent_action_success_scaling|wh_main_effect_agent_action_success_chance_enemy_skill|44|character_to_character_own
effect,warhammer_3,8.1.1,24237342,Norsca,norsca,wh_dlc08_sc_nor_norsca,Slavin Kurnz,Slavin_Kurnz,lord,wh3_main_pro_slavin_0,general,general,wh3_prologue_horde_of_kurnz,false,false,true,true,false,true,,,wh3_main_prologue_skill_node_set_nor_slavin,,1,general,false,false,,,,wh3_main_agent_action_scaling,wh3_main_skill_agent_action_success_scaling,Agent action success modifer,Hidden skill that scales action success/defence chance,mount_hellsteed.png,0,99,0,0,false,0,49,44,Agent action success modifer,Hidden skill that scales action success/defence chance,,,,,,wh_main_effect_agent_action_success_chance_skill,[HIDDEN] Hero action success chance: %+n% (from skill),,character_to_character_own,44,campaign,0,true,,,,,,,,,,,,,,,,,,,,,,,,,character_skill_level_to_effects_junctions_tables,wh3_main_skill_agent_action_success_scaling|wh_main_effect_agent_action_success_chance_skill|44|character_to_character_own
effect,warhammer_3,8.1.1,24237342,Norsca,norsca,wh_dlc08_sc_nor_norsca,Slavin Kurnz,Slavin_Kurnz,lord,wh3_main_pro_slavin_0,general,general,wh3_prologue_horde_of_kurnz,false,false,true,true,false,true,,,wh3_main_prologue_skill_node_set_nor_slavin,,1,general,false,false,,,,wh3_main_agent_action_scaling,wh3_main_skill_agent_action_success_scaling,Agent action success modifer,Hidden skill that scales action success/defence chance,mount_hellsteed.png,0,99,0,0,false,0,49,45,Agent action success modifer,Hidden skill that scales action success/defence chance,,,,,,wh_main_effect_agent_action_success_chance_enemy_skill,[HIDDEN] Enemy Hero action success chance: %+n% (from skill),,character_to_character_own,-45,campaign,0,true,,,,,,,,,,,,,,,,,,,,,,,,,character_skill_level_to_effects_junctions_tables,wh3_main_skill_agent_action_success_scaling|wh_main_effect_agent_action_success_chance_enemy_skill|45|character_to_character_own
effect,warhammer_3,8.1.1,24237342,Norsca,norsca,wh_dlc08_sc_nor_norsca,Slavin Kurnz,Slavin_Kurnz,lord,wh3_main_pro_slavin_0,general,general,wh3_prologue_horde_of_kurnz,false,false,true,true,false,true,,,wh3_main_prologue_skill_node_set_nor_slavin,,1,general,false,false,,,,wh3_main_agent_action_scaling,wh3_main_skill_agent_action_success_scaling,Agent action success modifer,Hidden skill that scales action success/defence chance,mount_hellsteed.png,0,99,0,0,false,0,49,45,Agent action success modifer,Hidden skill that scales action success/defence chance,,,,,,wh_main_effect_agent_action_success_chance_skill,[HIDDEN] Hero action success chance: %+n% (from skill),,character_to_character_own,45,campaign,0,true,,,,,,,,,,,,,,,,,,,,,,,,,character_skill_level_to_effects_junctions_tables,wh3_main_skill_agent_action_success_scaling|wh_main_effect_agent_action_success_chance_skill|45|character_to_character_own
effect,warhammer_3,8.1.1,24237342,Norsca,norsca,wh_dlc08_sc_nor_norsca,Slavin Kurnz,Slavin_Kurnz,lord,wh3_main_pro_slavin_0,general,general,wh3_prologue_horde_of_kurnz,false,false,true,true,false,true,,,wh3_main_prologue_skill_node_set_nor_slavin,,1,general,false,false,,,,wh3_main_agent_action_scaling,wh3_main_skill_agent_action_success_scaling,Agent action success modifer,Hidden skill that scales action success/defence chance,mount_hellsteed.png,0,99,0,0,false,0,49,46,Agent action success modifer,Hidden skill that scales action success/defence chance,,,,,,wh_main_effect_agent_action_success_chance_enemy_skill,[HIDDEN] Enemy Hero action success chance: %+n% (from skill),,character_to_character_own,-46,campaign,0,true,,,,,,,,,,,,,,,,,,,,,,,,,character_skill_level_to_effects_junctions_tables,wh3_main_skill_agent_action_success_scaling|wh_main_effect_agent_action_success_chance_enemy_skill|46|character_to_character_own
effect,warhammer_3,8.1.1,24237342,Norsca,norsca,wh_dlc08_sc_nor_norsca,Slavin Kurnz,Slavin_Kurnz,lord,wh3_main_pro_slavin_0,general,general,wh3_prologue_horde_of_kurnz,false,false,true,true,false,true,,,wh3_main_prologue_skill_node_set_nor_slavin,,1,general,false,false,,,,wh3_main_agent_action_scaling,wh3_main_skill_agent_action_success_scaling,Agent action success modifer,Hidden skill that scales action success/defence chance,mount_hellsteed.png,0,99,0,0,false,0,49,46,Agent action success modifer,Hidden skill that scales action success/defence chance,,,,,,wh_main_effect_agent_action_success_chance_skill,[HIDDEN] Hero action success chance: %+n% (from skill),,character_to_character_own,46,campaign,0,true,,,,,,,,,,,,,,,,,,,,,,,,,character_skill_level_to_effects_junctions_tables,wh3_main_skill_agent_action_success_scaling|wh_main_effect_agent_action_success_chance_skill|46|character_to_character_own
effect,warhammer_3,8.1.1,24237342,Norsca,norsca,wh_dlc08_sc_nor_norsca,Slavin Kurnz,Slavin_Kurnz,lord,wh3_main_pro_slavin_0,general,general,wh3_prologue_horde_of_kurnz,false,false,true,true,false,true,,,wh3_main_prologue_skill_node_set_nor_slavin,,1,general,false,false,,,,wh3_main_agent_action_scaling,wh3_main_skill_agent_action_success_scaling,Agent action success modifer,Hidden skill that scales action success/defence chance,mount_hellsteed.png,0,99,0,0,false,0,49,47,Agent action success modifer,Hidden skill that scales action success/defence chance,,,,,,wh_main_effect_agent_action_success_chance_enemy_skill,[HIDDEN] Enemy Hero action success chance: %+n% (from skill),,character_to_character_own,-47,campaign,0,true,,,,,,,,,,,,,,,,,,,,,,,,,character_skill_level_to_effects_junctions_tables,wh3_main_skill_agent_action_success_scaling|wh_main_effect_agent_action_success_chance_enemy_skill|47|character_to_character_own
effect,warhammer_3,8.1.1,24237342,Norsca,norsca,wh_dlc08_sc_nor_norsca,Slavin Kurnz,Slavin_Kurnz,lord,wh3_main_pro_slavin_0,general,general,wh3_prologue_horde_of_kurnz,false,false,true,true,false,true,,,wh3_main_prologue_skill_node_set_nor_slavin,,1,general,false,false,,,,wh3_main_agent_action_scaling,wh3_main_skill_agent_action_success_scaling,Agent action success modifer,Hidden skill that scales action success/defence chance,mount_hellsteed.png,0,99,0,0,false,0,49,47,Agent action success modifer,Hidden skill that scales action success/defence chance,,,,,,wh_main_effect_agent_action_success_chance_skill,[HIDDEN] Hero action success chance: %+n% (from skill),,character_to_character_own,47,campaign,0,true,,,,,,,,,,,,,,,,,,,,,,,,,character_skill_level_to_effects_junctions_tables,wh3_main_skill_agent_action_success_scaling|wh_main_effect_agent_action_success_chance_skill|47|character_to_character_own
effect,warhammer_3,8.1.1,24237342,Norsca,norsca,wh_dlc08_sc_nor_norsca,Slavin Kurnz,Slavin_Kurnz,lord,wh3_main_pro_slavin_0,general,general,wh3_prologue_horde_of_kurnz,false,false,true,true,false,true,,,wh3_main_prologue_skill_node_set_nor_slavin,,1,general,false,false,,,,wh3_main_agent_action_scaling,wh3_main_skill_agent_action_success_scaling,Agent action success modifer,Hidden skill that scales action success/defence chance,mount_hellsteed.png,0,99,0,0,false,0,49,48,Agent action success modifer,Hidden skill that scales action success/defence chance,,,,,,wh_main_effect_agent_action_success_chance_enemy_skill,[HIDDEN] Enemy Hero action success chance: %+n% (from skill),,character_to_character_own,-48,campaign,0,true,,,,,,,,,,,,,,,,,,,,,,,,,character_skill_level_to_effects_junctions_tables,wh3_main_skill_agent_action_success_scaling|wh_main_effect_agent_action_success_chance_enemy_skill|48|character_to_character_own
effect,warhammer_3,8.1.1,24237342,Norsca,norsca,wh_dlc08_sc_nor_norsca,Slavin Kurnz,Slavin_Kurnz,lord,wh3_main_pro_slavin_0,general,general,wh3_prologue_horde_of_kurnz,false,false,true,true,false,true,,,wh3_main_prologue_skill_node_set_nor_slavin,,1,general,false,false,,,,wh3_main_agent_action_scaling,wh3_main_skill_agent_action_success_scaling,Agent action success modifer,Hidden skill that scales action success/defence chance,mount_hellsteed.png,0,99,0,0,false,0,49,48,Agent action success modifer,Hidden skill that scales action success/defence chance,,,,,,wh_main_effect_agent_action_success_chance_skill,[HIDDEN] Hero action success chance: %+n% (from skill),,character_to_character_own,48,campaign,0,true,,,,,,,,,,,,,,,,,,,,,,,,,character_skill_level_to_effects_junctions_tables,wh3_main_skill_agent_action_success_scaling|wh_main_effect_agent_action_success_chance_skill|48|character_to_character_own
effect,warhammer_3,8.1.1,24237342,Norsca,norsca,wh_dlc08_sc_nor_norsca,Slavin Kurnz,Slavin_Kurnz,lord,wh3_main_pro_slavin_0,general,general,wh3_prologue_horde_of_kurnz,false,false,true,true,false,true,,,wh3_main_prologue_skill_node_set_nor_slavin,,1,general,false,false,,,,wh3_main_agent_action_scaling,wh3_main_skill_agent_action_success_scaling,Agent action success modifer,Hidden skill that scales action success/defence chance,mount_hellsteed.png,0,99,0,0,false,0,49,49,Agent action success modifer,Hidden skill that scales action success/defence chance,,,,,,wh_main_effect_agent_action_success_chance_enemy_skill,[HIDDEN] Enemy Hero action success chance: %+n% (from skill),,character_to_character_own,-49,campaign,0,true,,,,,,,,,,,,,,,,,,,,,,,,,character_skill_level_to_effects_junctions_tables,wh3_main_skill_agent_action_success_scaling|wh_main_effect_agent_action_success_chance_enemy_skill|49|character_to_character_own
effect,warhammer_3,8.1.1,24237342,Norsca,norsca,wh_dlc08_sc_nor_norsca,Slavin Kurnz,Slavin_Kurnz,lord,wh3_main_pro_slavin_0,general,general,wh3_prologue_horde_of_kurnz,false,false,true,true,false,true,,,wh3_main_prologue_skill_node_set_nor_slavin,,1,general,false,false,,,,wh3_main_agent_action_scaling,wh3_main_skill_agent_action_success_scaling,Agent action success modifer,Hidden skill that scales action success/defence chance,mount_hellsteed.png,0,99,0,0,false,0,49,49,Agent action success modifer,Hidden skill that scales action success/defence chance,,,,,,wh_main_effect_agent_action_success_chance_skill,[HIDDEN] Hero action success chance: %+n% (from skill),,character_to_character_own,49,campaign,0,true,,,,,,,,,,,,,,,,,,,,,,,,,character_skill_level_to_effects_junctions_tables,wh3_main_skill_agent_action_success_scaling|wh_main_effect_agent_action_success_chance_skill|49|character_to_character_own
