game,patch,steam_build_id,unit_scale,faction_name,faction_key,subculture_key,military_group,roster_scope,is_faction_exclusive,military_group_count,permitted_faction_count,availability_notes,unit_key,unit_name,category,unit_class,caste,tier,weight,in_encyclopedia,is_renown,entity_count,model_count,source_total_component_count,hp_per_entity,total_hp,barrier_health,primary_component_role,primary_target_size,is_large,is_single_entity,armour,shield_block_chance,melee_defence,leadership,physical_resistance,missile_resistance,spell_resistance,ward_save,fire_resistance,melee_attack,weapon_base_damage,weapon_ap_damage,charge_bonus,bonus_vs_infantry,bonus_vs_large,attack_interval,max_splash_targets,melee_is_magical,melee_is_flaming,speed,mass,has_missile_weapon,accuracy,ammunition,range,reload_time,missile_base_damage,missile_ap_damage,missile_bonus_vs_infantry,missile_bonus_vs_large,projectiles_per_shot,shots_per_volley,burst_size,burst_shot_delay,projectile_velocity,projectile_spread,marksmanship_bonus,calibration_distance,calibration_area,missile_is_magical,missile_is_flaming,projectile_shot_type,projectile_penetration_class,projectile_expiry_range,projectile_can_damage_buildings,projectile_can_damage_allies,projectile_is_spell,projectile_contact_effect,explosion_key,explosion_base_damage,explosion_ap_damage,explosion_radius,explosion_is_magical,explosion_is_flaming,explosion_affects_allies,explosion_contact_effect,multiplayer_cost,campaign_recruit_cost,campaign_upkeep,source_main_unit_key,source_land_unit_key,source_battle_entity_key,source_man_entity_key,source_mount_entity_key,source_engine_entity_key,source_melee_weapon_key,source_missile_weapon_key,source_projectile_key,extracted_at_utc,data_quality_status,notes
warhammer_3,8.1.1,24237342,ultra,Norsca,wh_dlc08_nor_norsca,wh_dlc08_sc_nor_norsca,wh_main_group_norsca,race_core,false,1,0,,wh3_dlc27_chs_inf_chaos_warriors_0,Chaos Warriors,infantry,inf_mel,melee_infantry,2,heavy,true,false,100,100,100,90,9000,0,man,small,false,false,100,55,44,75,0,0,0,0,0,36,26,10,20,0,0,4,1,false,false,2.8,160,false,,,,,,,,,,,,,,,,,,,,,,,,,,,,,,,,,,,750,750,188,wh3_dlc27_chs_inf_chaos_warriors_0,wh_main_chs_inf_chaos_warriors_0,wh_main_infantry_standard_very_large_blood_dismembers,wh_main_infantry_standard_very_large_blood_dismembers,,,wh_main_chs_axe,,,2026-08-26T04:13:50.342Z,complete,
warhammer_3,8.1.1,24237342,ultra,Norsca,wh_dlc08_nor_norsca,wh_dlc08_sc_nor_norsca,wh_main_group_norsca,race_core,false,1,0,,wh3_dlc27_chs_inf_chaos_warriors_1,Chaos Warriors (Halberds),infantry,inf_mel,melee_infantry,2,heavy,true,false,100,100,100,90,9000,0,man,small,false,false,100,0,42,75,0,0,0,0,0,30,10,24,10,0,19,4.4,1,false,false,2.8,160,false,,,,,,,,,,,,,,,,,,,,,,,,,,,,,,,,,,,850,850,213,wh3_dlc27_chs_inf_chaos_warriors_1,wh_main_chs_inf_chaos_warriors_1,wh_main_infantry_standard_very_large_blood_dismembers,wh_main_infantry_standard_very_large_blood_dismembers,,,wh_main_chs_halberd,,,2026-08-26T04:13:50.342Z,complete,
warhammer_3,8.1.1,24237342,ultra,Norsca,wh_dlc08_nor_norsca,wh_dlc08_sc_nor_norsca,wh_main_group_norsca,race_core,false,1,0,,wh3_dlc27_chs_inf_chaos_warriors_2,Chaos Warriors (Great Weapons),infantry,inf_mel,melee_infantry,2,heavy,true,false,100,100,100,90,9000,0,man,small,false,false,100,0,32,75,0,0,0,0,0,38,10,28,30,0,0,4.2,1,false,false,2.8,160,false,,,,,,,,,,,,,,,,,,,,,,,,,,,,,,,,,,,825,825,206,wh3_dlc27_chs_inf_chaos_warriors_2,wh_dlc01_chs_inf_chaos_warriors_2,wh_main_infantry_standard_very_large_blood_dismembers,wh_main_infantry_standard_very_large_blood_dismembers,,,wh_dlc01_chs_axe_great,,,2026-08-26T04:13:50.342Z,complete,
warhammer_3,8.1.1,24237342,ultra,Norsca,wh_dlc08_nor_norsca,wh_dlc08_sc_nor_norsca,wh_main_group_norsca,race_core,false,1,0,,wh3_dlc27_chs_inf_chaos_warriors_mnur_greatweapons,Chaos Warriors of Nurgle (Great Weapons),infantry,inf_mel,melee_infantry,2,heavy,true,false,100,100,100,98,9800,0,man,small,false,false,100,0,37,75,0,0,0,0,0,33,10,28,30,0,0,4.2,1,false,false,2.8,160,false,,,,,,,,,,,,,,,,,,,,,,,,,,,,,,,,,,,875,875,218,wh3_dlc27_chs_inf_chaos_warriors_mnur_greatweapons,wh3_dlc20_chs_inf_chaos_warriors_mnur_greatweapons,wh3_dlc20_infantry_standard_mnur_very_large_blood_dismembers,wh3_dlc20_infantry_standard_mnur_very_large_blood_dismembers,,,wh3_dlc20_chs_warriors_mnur_great_axe,,,2026-08-26T04:13:50.342Z,complete,
warhammer_3,8.1.1,24237342,ultra,Norsca,wh_dlc08_nor_norsca,wh_dlc08_sc_nor_norsca,wh_main_group_norsca,race_core,false,1,0,,wh3_dlc27_chs_inf_chaos_warriors_msla_hellscourges,Chaos Warriors of Slaanesh (Hellscourges),infantry,inf_mel,melee_infantry,2,heavy,true,false,100,100,100,90,9000,0,man,small,false,false,100,55,54,75,5,0,0,0,0,32,26,6,20,0,0,4,1,false,false,3.3,160,false,,,,,,,,,,,,,,,,,,,,,,,,,,,,,,,,,,,950,950,237,wh3_dlc27_chs_inf_chaos_warriors_msla_hellscourges,wh3_dlc20_chs_inf_chaos_warriors_msla_hellscourges,wh3_dlc20_infantry_standard_msla_very_large_blood_dismembers,wh3_dlc20_infantry_standard_msla_very_large_blood_dismembers,,,wh3_dlc20_chs_warriors_hellscourge_whip,,,2026-08-26T04:13:50.342Z,complete,
warhammer_3,8.1.1,24237342,ultra,Norsca,wh_dlc08_nor_norsca,wh_dlc08_sc_nor_norsca,wh_main_group_norsca,race_core,false,1,0,,wh3_dlc27_chs_inf_chaos_warriors_mtze_halberds,Chaos Warriors of Tzeentch (Halberds),infantry,inf_mel,melee_infantry,2,heavy,true,false,100,100,100,90,9000,800,man,small,false,false,100,0,42,75,0,0,0,0,0,30,10,24,10,0,19,4.4,1,true,false,2.8,160,false,,,,,,,,,,,,,,,,,,,,,,,,,,,,,,,,,,,900,925,231,wh3_dlc27_chs_inf_chaos_warriors_mtze_halberds,wh3_dlc20_chs_inf_chaos_warriors_mtze_halberds,wh_main_infantry_standard_very_large_blood_dismembers,wh_main_infantry_standard_very_large_blood_dismembers,,,wh3_dlc20_chs_warriors_mtze_halberd,,,2026-08-26T04:13:50.342Z,complete,
warhammer_3,8.1.1,24237342,ultra,Norsca,wh_dlc08_nor_norsca,wh_dlc08_sc_nor_norsca,wh_main_group_norsca,race_core,false,1,0,,wh3_dlc27_chs_mon_chaos_spawn,Chaos Spawn,infantry,inf_mel,monstrous_infantry,3,heavy,true,false,16,16,16,548,8768,0,man,large,true,false,10,0,28,100,0,0,0,0,0,36,120,50,35,0,0,3.8,5,false,false,4.2,1500,false,,,,,,,,,,,,,,,,,,,,,,,,,,,,,,,,,,,950,900,225,wh3_dlc27_chs_mon_chaos_spawn,wh_main_chs_mon_chaos_spawn,wh_main_monster_chaos_spawn_blood,wh_main_monster_chaos_spawn_blood,,,wh_main_chs_claws_chaos_spawn,,,2026-08-26T04:13:50.342Z,complete,
warhammer_3,8.1.1,24237342,ultra,Norsca,wh_dlc08_nor_norsca,wh_dlc08_sc_nor_norsca,wh_main_group_norsca,race_core,false,1,0,,wh3_dlc27_kho_inf_chaos_warriors_2,Chaos Warriors of Khorne (Dual Weapons),infantry,inf_mel,melee_infantry,2,heavy,true,false,100,100,100,90,9000,0,man,small,false,false,110,0,33,75,0,0,35,0,0,36,39,13,32,5,0,4,1,false,false,2.8,160,false,,,,,,,,,,,,,,,,,,,,,,,,,,,,,,,,,,,950,950,238,wh3_dlc27_kho_inf_chaos_warriors_2,wh3_main_kho_inf_chaos_warriors_2,wh_main_infantry_standard_very_large_blood_dismembers,wh_main_infantry_standard_very_large_blood_dismembers,,,wh3_main_kho_chaos_warrior_dual_axes,,,2026-08-26T04:13:50.342Z,complete,
warhammer_3,8.1.1,24237342,ultra,Norsca,wh_dlc08_nor_norsca,wh_dlc08_sc_nor_norsca,wh_main_group_norsca,race_core,false,1,0,,wh3_dlc27_kho_mon_spawn_of_khorne_0,Spawn of Khorne,infantry,inf_mel,monstrous_infantry,3,heavy,true,false,16,16,16,548,8768,0,man,large,true,false,30,0,23,100,0,0,35,0,0,36,120,50,35,0,0,3.8,5,false,true,4.2,1500,false,,,,,,,,,,,,,,,,,,,,,,,,,,,,,,,,,,,1050,1050,263,wh3_dlc27_kho_mon_spawn_of_khorne_0,wh3_main_kho_mon_spawn_of_khorne_0,wh3_main_monster_spawn_of_khorne_blood,wh3_main_monster_spawn_of_khorne_blood,,,wh3_main_kho_claws_chaos_spawn,,,2026-08-26T04:13:50.342Z,complete,
warhammer_3,8.1.1,24237342,ultra,Norsca,wh_dlc08_nor_norsca,wh_dlc08_sc_nor_norsca,wh_main_group_norsca,race_core,false,1,3,,wh3_dlc27_nor_cav_chaos_chariot_ror,Followers of the Great Eagle (Marauder Chariots),monster,chariot,generic,2,heavy,true,true,4,4,8,1368,5472,800,engine,large,true,false,90,0,36,80,0,0,0,0,0,29,11,29,76,18,0,4,3,true,true,7.8,1500,false,,,,,,,,,,,,,,,,,,,,,,,,,,,,,,,,,,,1000,1000,250,wh3_dlc27_nor_cav_chaos_chariot_ror,wh3_dlc27_nor_cav_chaos_chariot_ror,wh3_dlc27_vehicle_nor_chariot_ror,wh_main_cavalry_rider_standard_blood,wh3_dlc20_chs_mnt_chaos_steed_chariots,wh3_dlc27_vehicle_nor_chariot_ror,wh3_dlc27_nor_cav_chaos_chariot_ror,,,2026-08-26T04:13:50.342Z,complete,
warhammer_3,8.1.1,24237342,ultra,Norsca,wh_dlc08_nor_norsca,wh_dlc08_sc_nor_norsca,wh_main_group_norsca,race_core,false,1,1,,wh3_dlc27_nor_cav_kurgan_horsemen_dualweapons,Kurgan Horsemen (Dual Weapons),monster,cav_shk,melee_cavalry,2,medium,true,false,60,60,60,90,5400,0,mount,medium,false,false,15,0,29,55,0,0,0,0,0,29,28,14,40,15,0,4,1,false,false,9,500,false,,,,,,,,,,,,,,,,,,,,,,,,,,,,,,,,,,,700,700,175,wh3_dlc27_nor_cav_kurgan_horsemen_dualweapons,wh3_dlc27_nor_cav_kurgan_horsemen_dualweapons,wh3_dlc20_chs_mnt_norscan_warhorse_horsemen,wh3_dlc20_marauder_horsemen_rider_blood,wh3_dlc20_chs_mnt_norscan_warhorse_horsemen,,wh3_dlc27_nor_kurgan_dual_axe,,,2026-08-26T04:13:50.342Z,complete,
warhammer_3,8.1.1,24237342,ultra,Norsca,wh_dlc08_nor_norsca,wh_dlc08_sc_nor_norsca,wh_main_group_norsca,race_core,false,1,1,,wh3_dlc27_nor_cav_kurgan_horsemen_greatweapons,Kurgan Horsemen (Great Weapons),monster,cav_shk,melee_cavalry,2,medium,true,false,60,60,60,90,5400,0,mount,medium,false,false,15,0,24,55,0,0,0,0,0,29,13,29,44,0,0,4,1,false,false,9,500,false,,,,,,,,,,,,,,,,,,,,,,,,,,,,,,,,,,,750,750,187,wh3_dlc27_nor_cav_kurgan_horsemen_greatweapons,wh3_dlc27_nor_cav_kurgan_horsemen_greatweapons,wh3_dlc20_chs_mnt_norscan_warhorse_horsemen,wh3_dlc20_marauder_horsemen_rider_blood,wh3_dlc20_chs_mnt_norscan_warhorse_horsemen,,wh3_dlc27_nor_kurgan_great_axe,,,2026-08-26T04:13:50.342Z,complete,
warhammer_3,8.1.1,24237342,ultra,Norsca,wh_dlc08_nor_norsca,wh_dlc08_sc_nor_norsca,wh_main_group_norsca,race_core,false,1,3,,wh3_dlc27_nor_cav_marauder_horsemen_ror,Riders of the Mighty Serpent (Marauder Horsemen),monster,cav_mis,melee_cavalry,2,medium,true,true,60,60,60,83,4980,0,mount,medium,false,false,15,0,27,58,5,0,0,0,0,29,19,5,24,0,0,5,1,true,false,9.5,500,true,37,16,80,9,15,7,0,5,1,1,1,0,46,0,10,50,2.3,true,false,small_arm_default,low,140,false,true,false,,,,,,,,,,850,850,188,wh3_dlc27_nor_cav_marauder_horsemen_ror,wh3_dlc27_nor_cav_marauder_horsemen_ror,wh3_dlc20_chs_mnt_norscan_warhorse_horsemen_msla,wh3_dlc20_marauder_horsemen_rider_blood,wh3_dlc20_chs_mnt_norscan_warhorse_horsemen_msla,,wh3_dlc27_chs_marauder_horsemen_msla_spear_ror,wh3_dlc27_chs_marauder_horsemen_msla_javelin_ror,wh3_dlc27_chs_marauder_horsemen_msla_javelin_ror,2026-08-26T04:13:50.342Z,complete,
warhammer_3,8.1.1,24237342,ultra,Norsca,wh_dlc08_nor_norsca,wh_dlc08_sc_nor_norsca,wh_main_group_norsca,race_core,false,1,2,,wh3_dlc27_nor_cha_beorg_bearstruck,Beorg Bearstruck,character,com,hero,0,heavy,false,false,1,1,1,6170,6170,0,man,large,true,true,90,0,53,80,20,0,0,0,0,40,220,230,35,0,20,4,5,false,false,5.6,2500,false,,,,,,,,,,,,,,,,,,,,,,,,,,,,,,,,,,,1300,1300,0,wh3_dlc27_nor_cha_beorg_bearstruck,wh3_dlc27_nor_cha_beorg_bearstruck,wh3_dlc27_nor_cha_beorg_bearstruck,wh3_dlc27_nor_cha_beorg_bearstruck,,,wh3_dlc27_nor_cha_beorg_claws,,,2026-08-26T04:13:50.342Z,complete,
warhammer_3,8.1.1,24237342,ultra,Norsca,wh_dlc08_nor_norsca,wh_dlc08_sc_nor_norsca,wh_main_group_norsca,race_core,false,1,1,,wh3_dlc27_nor_cha_fimir_noble,Fimir Noble,character,com,hero,0,medium,false,false,1,1,1,5440,5440,0,man,large,true,true,110,0,30,70,0,25,0,0,0,52,100,350,40,0,20,4,5,true,false,5,2000,false,,,,,,,,,,,,,,,,,,,,,,,,,,,,,,,,,,,900,900,237,wh3_dlc27_nor_cha_fimir_noble,wh3_dlc27_nor_cha_fimir_noble,wh3_dlc27_nor_cha_fimir_noble,wh3_dlc27_nor_cha_fimir_noble,,,wh3_dlc27_nor_cha_fimir_noble_mace,,,2026-08-26T04:13:50.342Z,complete,
warhammer_3,8.1.1,24237342,ultra,Norsca,wh_dlc08_nor_norsca,wh_dlc08_sc_nor_norsca,wh_main_group_norsca,race_core,false,1,1,,wh3_dlc27_nor_cha_great_shaman_sorcerer_death,Great Shaman-Sorcerer (Death),character,com,lord,0,heavy,false,false,1,1,1,3660,3660,0,man,small,false,true,35,0,35,70,0,15,0,0,0,35,240,105,20,0,0,4,3,false,false,3.5,300,false,,,,,,,,,,,,,,,,,,,,,,,,,,,,,,,,,,,400,1000,250,wh3_dlc27_nor_cha_great_shaman_sorcerer_death,wh3_dlc27_nor_cha_great_shaman_sorcerer_death,wh_main_infantry_standard_wizard_blood_dismembers,wh_main_infantry_standard_wizard_blood_dismembers,,,wh3_dlc27_great_shaman_sorcerer_axe,,,2026-08-26T04:13:50.342Z,complete,
warhammer_3,8.1.1,24237342,ultra,Norsca,wh_dlc08_nor_norsca,wh_dlc08_sc_nor_norsca,wh_main_group_norsca,race_core,false,1,1,,wh3_dlc27_nor_cha_great_shaman_sorcerer_death_chariot,{{tr:land_units_onscreen_name_wh3_dlc27_nor_cha_great_shaman_sorcerer_death}},character,com,lord,0,heavy,false,false,1,1,2,4416,4416,0,engine,large,true,true,90,0,29,70,0,15,0,0,0,35,100,200,52,26,0,4,3,false,false,7.8,1500,false,,,,,,,,,,,,,,,,,,,,,,,,,,,,,,,,,,,900,1600,400,wh3_dlc27_nor_cha_great_shaman_sorcerer_death_chariot,wh3_dlc27_nor_cha_great_shaman_sorcerer_death_chariot,wh_main_vehicle_chs_chariot,wh2_dlc16_infantry_standard_large_hero_blood_dismembers_low_kb_resist,wh3_dlc20_chs_mnt_chaos_steed_chariots,wh_main_vehicle_chs_chariot,wh_main_chs_chariot_caster_hero,,,2026-08-26T04:13:50.342Z,complete,
warhammer_3,8.1.1,24237342,ultra,Norsca,wh_dlc08_nor_norsca,wh_dlc08_sc_nor_norsca,wh_main_group_norsca,race_core,false,1,1,,wh3_dlc27_nor_cha_great_shaman_sorcerer_death_mammoth,{{tr:land_units_onscreen_name_wh3_dlc27_nor_cha_great_shaman_sorcerer_death}},character,com,lord,0,heavy,false,false,1,1,1,13596,13596,0,mount,very_large,true,true,80,0,30,70,0,15,0,0,0,34,155,370,68,34,0,3.5,5,false,false,5.6,6500,false,,,,,,,,,,,,,,,,,,,,,,,,,,,,,,,,,,,2250,2250,563,wh3_dlc27_nor_cha_great_shaman_sorcerer_death_mammoth,wh3_dlc27_nor_cha_great_shaman_sorcerer_death_mammoth,wh_dlc08_nor_mon_mammoth_warshrine_blood,wh_main_infantry_standard_hero_blood,wh_dlc08_nor_mon_mammoth_warshrine_blood,,wh_dlc08_nor_mammoth_tusks,,,2026-08-26T04:13:50.342Z,complete,
warhammer_3,8.1.1,24237342,ultra,Norsca,wh_dlc08_nor_norsca,wh_dlc08_sc_nor_norsca,wh_main_group_norsca,race_core,false,1,1,,wh3_dlc27_nor_cha_great_shaman_sorcerer_death_warhorse,{{tr:land_units_onscreen_name_wh3_dlc27_nor_cha_great_shaman_sorcerer_death}},character,com,lord,0,heavy,false,false,1,1,1,4040,4040,0,mount,medium,false,true,35,0,35,70,0,15,0,0,0,35,240,105,45,0,0,4,3,false,false,7.8,1000,false,,,,,,,,,,,,,,,,,,,,,,,,,,,,,,,,,,,600,1200,300,wh3_dlc27_nor_cha_great_shaman_sorcerer_death_warhorse,wh3_dlc27_nor_cha_great_shaman_sorcerer_death_warhorse,wh_main_cavalry_standard_360_blood,wh_main_infantry_standard_wizard_blood_dismembers,wh_main_cavalry_standard_360_blood,,wh3_dlc27_great_shaman_sorcerer_axe,,,2026-08-26T04:13:50.342Z,complete,
warhammer_3,8.1.1,24237342,ultra,Norsca,wh_dlc08_nor_norsca,wh_dlc08_sc_nor_norsca,wh_main_group_norsca,race_core,false,1,1,,wh3_dlc27_nor_cha_great_shaman_sorcerer_fire,Great Shaman-Sorcerer (Fire),character,com,lord,0,heavy,false,false,1,1,1,3660,3660,0,man,small,false,true,35,0,35,70,0,15,0,0,0,35,240,105,20,0,0,4,3,false,false,3.5,300,false,,,,,,,,,,,,,,,,,,,,,,,,,,,,,,,,,,,400,1000,250,wh3_dlc27_nor_cha_great_shaman_sorcerer_fire,wh3_dlc27_nor_cha_great_shaman_sorcerer_fire,wh_main_infantry_standard_wizard_blood_dismembers,wh_main_infantry_standard_wizard_blood_dismembers,,,wh3_dlc27_great_shaman_sorcerer_axe,,,2026-08-26T04:13:50.342Z,complete,
warhammer_3,8.1.1,24237342,ultra,Norsca,wh_dlc08_nor_norsca,wh_dlc08_sc_nor_norsca,wh_main_group_norsca,race_core,false,1,1,,wh3_dlc27_nor_cha_great_shaman_sorcerer_fire_chariot,{{tr:land_units_onscreen_name_wh3_dlc27_nor_cha_great_shaman_sorcerer_fire}},character,com,lord,0,heavy,false,false,1,1,2,4416,4416,0,engine,large,true,true,90,0,29,70,0,15,0,0,0,35,100,200,52,26,0,4,3,false,false,7.8,1500,false,,,,,,,,,,,,,,,,,,,,,,,,,,,,,,,,,,,900,1600,400,wh3_dlc27_nor_cha_great_shaman_sorcerer_fire_chariot,wh3_dlc27_nor_cha_great_shaman_sorcerer_fire_chariot,wh_main_vehicle_chs_chariot,wh2_dlc16_infantry_standard_large_hero_blood_dismembers_low_kb_resist,wh3_dlc20_chs_mnt_chaos_steed_chariots,wh_main_vehicle_chs_chariot,wh_main_chs_chariot_caster_hero,,,2026-08-26T04:13:50.342Z,complete,
warhammer_3,8.1.1,24237342,ultra,Norsca,wh_dlc08_nor_norsca,wh_dlc08_sc_nor_norsca,wh_main_group_norsca,race_core,false,1,1,,wh3_dlc27_nor_cha_great_shaman_sorcerer_fire_mammoth,{{tr:land_units_onscreen_name_wh3_dlc27_nor_cha_great_shaman_sorcerer_fire}},character,com,lord,0,heavy,false,false,1,1,1,13596,13596,0,mount,very_large,true,true,80,0,30,70,0,15,0,0,0,34,155,370,68,34,0,3.5,5,false,false,5.6,6500,false,,,,,,,,,,,,,,,,,,,,,,,,,,,,,,,,,,,2250,2250,563,wh3_dlc27_nor_cha_great_shaman_sorcerer_fire_mammoth,wh3_dlc27_nor_cha_great_shaman_sorcerer_fire_mammoth,wh_dlc08_nor_mon_mammoth_warshrine_blood,wh_main_infantry_standard_hero_blood,wh_dlc08_nor_mon_mammoth_warshrine_blood,,wh_dlc08_nor_mammoth_tusks,,,2026-08-26T04:13:50.342Z,complete,
warhammer_3,8.1.1,24237342,ultra,Norsca,wh_dlc08_nor_norsca,wh_dlc08_sc_nor_norsca,wh_main_group_norsca,race_core,false,1,1,,wh3_dlc27_nor_cha_great_shaman_sorcerer_fire_warhorse,{{tr:land_units_onscreen_name_wh3_dlc27_nor_cha_great_shaman_sorcerer_fire}},character,com,lord,0,heavy,false,false,1,1,1,4040,4040,0,mount,medium,false,true,35,0,35,70,0,15,0,0,0,35,240,105,45,0,0,4,3,false,false,7.8,1000,false,,,,,,,,,,,,,,,,,,,,,,,,,,,,,,,,,,,600,1200,300,wh3_dlc27_nor_cha_great_shaman_sorcerer_fire_warhorse,wh3_dlc27_nor_cha_great_shaman_sorcerer_fire_warhorse,wh_main_cavalry_standard_360_blood,wh_main_infantry_standard_wizard_blood_dismembers,wh_main_cavalry_standard_360_blood,,wh3_dlc27_great_shaman_sorcerer_axe,,,2026-08-26T04:13:50.342Z,complete,
warhammer_3,8.1.1,24237342,ultra,Norsca,wh_dlc08_nor_norsca,wh_dlc08_sc_nor_norsca,wh_main_group_norsca,race_core,false,1,1,,wh3_dlc27_nor_cha_great_shaman_sorcerer_metal,Great Shaman-Sorcerer (Metal),character,com,lord,0,heavy,false,false,1,1,1,3660,3660,0,man,small,false,true,35,0,35,70,0,15,0,0,0,35,240,105,20,0,0,4,3,false,false,3.5,300,false,,,,,,,,,,,,,,,,,,,,,,,,,,,,,,,,,,,400,1000,250,wh3_dlc27_nor_cha_great_shaman_sorcerer_metal,wh3_dlc27_nor_cha_great_shaman_sorcerer_metal,wh_main_infantry_standard_wizard_blood_dismembers,wh_main_infantry_standard_wizard_blood_dismembers,,,wh3_dlc27_great_shaman_sorcerer_axe,,,2026-08-26T04:13:50.342Z,complete,
warhammer_3,8.1.1,24237342,ultra,Norsca,wh_dlc08_nor_norsca,wh_dlc08_sc_nor_norsca,wh_main_group_norsca,race_core,false,1,1,,wh3_dlc27_nor_cha_great_shaman_sorcerer_metal_chariot,{{tr:land_units_onscreen_name_wh3_dlc27_nor_cha_great_shaman_sorcerer_metal}},character,com,lord,0,heavy,false,false,1,1,2,4416,4416,0,engine,large,true,true,90,0,29,70,0,15,0,0,0,35,100,200,52,26,0,4,3,false,false,7.8,1500,false,,,,,,,,,,,,,,,,,,,,,,,,,,,,,,,,,,,900,1600,400,wh3_dlc27_nor_cha_great_shaman_sorcerer_metal_chariot,wh3_dlc27_nor_cha_great_shaman_sorcerer_metal_chariot,wh_main_vehicle_chs_chariot,wh2_dlc16_infantry_standard_large_hero_blood_dismembers_low_kb_resist,wh3_dlc20_chs_mnt_chaos_steed_chariots,wh_main_vehicle_chs_chariot,wh_main_chs_chariot_caster_hero,,,2026-08-26T04:13:50.342Z,complete,
warhammer_3,8.1.1,24237342,ultra,Norsca,wh_dlc08_nor_norsca,wh_dlc08_sc_nor_norsca,wh_main_group_norsca,race_core,false,1,1,,wh3_dlc27_nor_cha_great_shaman_sorcerer_metal_mammoth,{{tr:land_units_onscreen_name_wh3_dlc27_nor_cha_great_shaman_sorcerer_metal}},character,com,lord,0,heavy,false,false,1,1,1,13596,13596,0,mount,very_large,true,true,80,0,30,70,0,15,0,0,0,34,155,370,68,34,0,3.5,5,false,false,5.6,6500,false,,,,,,,,,,,,,,,,,,,,,,,,,,,,,,,,,,,2250,2250,563,wh3_dlc27_nor_cha_great_shaman_sorcerer_metal_mammoth,wh3_dlc27_nor_cha_great_shaman_sorcerer_metal_mammoth,wh_dlc08_nor_mon_mammoth_warshrine_blood,wh_main_infantry_standard_hero_blood,wh_dlc08_nor_mon_mammoth_warshrine_blood,,wh_dlc08_nor_mammoth_tusks,,,2026-08-26T04:13:50.342Z,complete,
warhammer_3,8.1.1,24237342,ultra,Norsca,wh_dlc08_nor_norsca,wh_dlc08_sc_nor_norsca,wh_main_group_norsca,race_core,false,1,1,,wh3_dlc27_nor_cha_great_shaman_sorcerer_metal_warhorse,{{tr:land_units_onscreen_name_wh3_dlc27_nor_cha_great_shaman_sorcerer_metal}},character,com,lord,0,heavy,false,false,1,1,1,4040,4040,0,mount,medium,false,true,35,0,35,70,0,15,0,0,0,35,240,105,45,0,0,4,3,false,false,7.8,1000,false,,,,,,,,,,,,,,,,,,,,,,,,,,,,,,,,,,,600,1200,300,wh3_dlc27_nor_cha_great_shaman_sorcerer_metal_warhorse,wh3_dlc27_nor_cha_great_shaman_sorcerer_metal_warhorse,wh_main_cavalry_standard_360_blood,wh_main_infantry_standard_wizard_blood_dismembers,wh_main_cavalry_standard_360_blood,,wh3_dlc27_great_shaman_sorcerer_axe,,,2026-08-26T04:13:50.342Z,complete,
warhammer_3,8.1.1,24237342,ultra,Norsca,wh_dlc08_nor_norsca,wh_dlc08_sc_nor_norsca,wh_main_group_norsca,race_core,false,1,1,,wh3_dlc27_nor_cha_sayl_the_faithless,Sayl the Faithless,character,com,lord,0,heavy,false,false,1,1,1,4030,4030,0,man,small,false,true,30,0,36,75,0,15,0,0,0,43,270,110,15,0,0,4,4,true,false,3.3,1000,false,,,,,,,,,,,,,,,,,,,,,,,,,,,,,,,,,,,450,1000,250,wh3_dlc27_nor_cha_sayl_the_faithless,wh3_dlc27_nor_cha_sayl_the_faithless,wh3_dlc27_nor_cha_sayl_the_faithless,wh3_dlc27_nor_cha_sayl_the_faithless,,,wh3_dlc27_nor_cha_sayl_staff,,,2026-08-26T04:13:50.342Z,complete,
warhammer_3,8.1.1,24237342,ultra,Norsca,wh_dlc08_nor_norsca,wh_dlc08_sc_nor_norsca,wh_main_group_norsca,race_core,false,1,1,,wh3_dlc27_nor_cha_sayl_the_faithless_chariot,{{tr:land_units_onscreen_name_wh3_dlc27_nor_cha_sayl_the_faithless}},character,com,lord,0,heavy,false,false,1,1,2,4690,4690,0,engine,large,true,true,90,0,28,75,0,15,0,0,0,43,120,220,50,26,0,4,3,true,false,7.8,1500,false,,,,,,,,,,,,,,,,,,,,,,,,,,,,,,,,,,,900,1600,400,wh3_dlc27_nor_cha_sayl_the_faithless_chariot,wh3_dlc27_nor_cha_sayl_the_faithless_chariot,wh_main_vehicle_chs_chariot,wh3_dlc27_nor_cha_sayl_the_faithless,wh3_dlc20_chs_mnt_chaos_steed_chariots,wh_main_vehicle_chs_chariot,wh3_dlc27_nor_cha_sayl_chariot,,,2026-08-26T04:13:50.342Z,complete,
warhammer_3,8.1.1,24237342,ultra,Norsca,wh_dlc08_nor_norsca,wh_dlc08_sc_nor_norsca,wh_main_group_norsca,race_core,false,1,1,,wh3_dlc27_nor_cha_sayl_the_faithless_mammoth,{{tr:land_units_onscreen_name_wh3_dlc27_nor_cha_sayl_the_faithless}},character,com,lord,0,heavy,true,false,1,1,1,13766,13766,0,mount,very_large,true,true,80,0,30,75,0,15,0,0,0,34,155,370,68,34,0,3.5,5,false,false,5.6,6500,false,,,,,,,,,,,,,,,,,,,,,,,,,,,,,,,,,,,2300,2300,575,wh3_dlc27_nor_cha_sayl_the_faithless_mammoth,wh3_dlc27_nor_cha_sayl_the_faithless_mammoth,wh_dlc08_nor_mon_mammoth_warshrine_blood,wh3_dlc27_nor_cha_sayl_the_faithless,wh_dlc08_nor_mon_mammoth_warshrine_blood,,wh_dlc08_nor_mammoth_tusks,,,2026-08-26T04:13:50.342Z,complete,
warhammer_3,8.1.1,24237342,ultra,Norsca,wh_dlc08_nor_norsca,wh_dlc08_sc_nor_norsca,wh_main_group_norsca,race_core,false,1,1,,wh3_dlc27_nor_cha_sayl_the_faithless_warhorse,{{tr:land_units_onscreen_name_wh3_dlc27_nor_cha_sayl_the_faithless}},character,com,lord,0,heavy,false,false,1,1,1,4390,4390,0,mount,medium,false,true,30,0,36,75,0,15,0,0,0,43,270,110,35,0,0,4,4,true,false,9,1300,false,,,,,,,,,,,,,,,,,,,,,,,,,,,,,,,,,,,650,1200,300,wh3_dlc27_nor_cha_sayl_the_faithless_warhorse,wh3_dlc27_nor_cha_sayl_the_faithless_warhorse,wh3_dlc20_chs_mnt_norscan_warhorse_lords,wh3_dlc27_nor_cha_sayl_the_faithless,wh3_dlc20_chs_mnt_norscan_warhorse_lords,,wh3_dlc27_nor_cha_sayl_staff,,,2026-08-26T04:13:50.342Z,complete,
warhammer_3,8.1.1,24237342,ultra,Norsca,wh_dlc08_nor_norsca,wh_dlc08_sc_nor_norsca,wh_main_group_norsca,race_core,false,1,3,,wh3_dlc27_nor_inf_chaos_marauders_great_weapons_ror,Worshippers of the Crow (Marauders – Great Weapons),infantry,inf_mel,melee_infantry,2,medium,true,true,120,120,120,85,10200,0,man,small,false,false,15,0,32,70,0,0,0,0,0,38,7,23,22,0,0,4.6,1,false,false,3.5,100,false,,,,,,,,,,,,,,,,,,,,,,,,,,,,,,,,,,,650,650,163,wh3_dlc27_nor_inf_chaos_marauders_great_weapons_ror,wh3_dlc27_nor_inf_chaos_marauders_great_weapons_ror,wh_main_chs_infantry_fast_blood_dismembers,wh_main_chs_infantry_fast_blood_dismembers,,,wh3_dlc27_nor_inf_chaos_marauders_great_weapons_ror,,,2026-08-26T04:13:50.342Z,complete,
warhammer_3,8.1.1,24237342,ultra,Norsca,wh_dlc08_nor_norsca,wh_dlc08_sc_nor_norsca,wh_main_group_norsca,race_core,false,1,2,,wh3_dlc27_nor_inf_marauder_bearmen,Marauder Bearmen,infantry,inf_mel,melee_infantry,2,medium,true,false,100,100,100,116,11600,0,man,small,false,false,45,35,35,65,0,0,0,0,0,32,22,8,18,0,0,4.2,1,false,false,3.1,120,false,,,,,,,,,,,,,,,,,,,,,,,,,,,,,,,,,,,575,575,144,wh3_dlc27_nor_inf_marauder_bearmen,wh3_dlc27_nor_inf_marauder_bearmen,wh3_dlc27_nor_inf_marauder_bearmen,wh3_dlc27_nor_inf_marauder_bearmen,,,wh3_dlc27_chs_axe_marauder_bearmen,,,2026-08-26T04:13:50.342Z,complete,
warhammer_3,8.1.1,24237342,ultra,Norsca,wh_dlc08_nor_norsca,wh_dlc08_sc_nor_norsca,wh_main_group_norsca,race_core,false,1,2,,wh3_dlc27_nor_inf_marauder_bearmen_greatweapons,Marauder Bearmen (Great Weapons),infantry,inf_mel,melee_infantry,2,medium,true,false,100,100,100,116,11600,0,man,small,false,false,45,0,29,65,0,0,0,0,0,32,8,25,24,0,0,4.6,1,false,false,3.1,120,false,,,,,,,,,,,,,,,,,,,,,,,,,,,,,,,,,,,650,650,163,wh3_dlc27_nor_inf_marauder_bearmen_greatweapons,wh3_dlc27_nor_inf_marauder_bearmen_greatweapons,wh3_dlc27_nor_inf_marauder_bearmen,wh3_dlc27_nor_inf_marauder_bearmen,,,wh3_dlc27_chs_axe_great_marauder_bearmen,,,2026-08-26T04:13:50.342Z,complete,
warhammer_3,8.1.1,24237342,ultra,Norsca,wh_dlc08_nor_norsca,wh_dlc08_sc_nor_norsca,wh_main_group_norsca,race_core,false,1,2,,wh3_dlc27_nor_mon_chimera,Chimera,monster,inf_mel,monster,4,heavy,true,false,1,1,1,6390,6390,0,man,large,true,true,80,0,38,60,0,15,0,0,0,52,240,280,45,0,0,3.6,5,true,true,6.2,2000,false,,,,,,,,,,,,,,,,,,,,,,,,,,,,,,,,,,,1500,1500,375,wh3_dlc27_nor_mon_chimera,wh3_dlc27_nor_mon_chimera,wh3_dlc27_nor_mon_chimera,wh3_dlc27_nor_mon_chimera,,,wh3_dlc27_nor_chimera,,,2026-08-26T04:13:50.342Z,complete,
warhammer_3,8.1.1,24237342,ultra,Norsca,wh_dlc08_nor_norsca,wh_dlc08_sc_nor_norsca,wh_main_group_norsca,race_core,false,1,0,,wh3_dlc27_nor_mon_chimera_monst_arcanum_reward,Chimera,monster,inf_mel,monster,4,heavy,true,false,1,1,1,6390,6390,0,man,large,true,true,80,0,38,60,0,15,0,0,0,52,240,280,45,0,0,3.6,5,true,true,6.2,2000,false,,,,,,,,,,,,,,,,,,,,,,,,,,,,,,,,,,,1500,1500,375,wh3_dlc27_nor_mon_chimera_monst_arcanum_reward,wh3_dlc27_nor_mon_chimera,wh3_dlc27_nor_mon_chimera,wh3_dlc27_nor_mon_chimera,,,wh3_dlc27_nor_chimera,,,2026-08-26T04:13:50.342Z,complete,
warhammer_3,8.1.1,24237342,ultra,Norsca,wh_dlc08_nor_norsca,wh_dlc08_sc_nor_norsca,wh_main_group_norsca,race_core,false,1,1,,wh3_dlc27_nor_mon_chimera_ror,Bloodshriek Chimera (Chimera),monster,inf_mel,monster,4,heavy,true,true,1,1,1,6390,6390,0,man,large,true,true,80,0,48,70,0,15,0,0,0,64,240,280,45,0,0,3.6,5,true,true,6.2,2000,false,,,,,,,,,,,,,,,,,,,,,,,,,,,,,,,,,,,1900,1900,475,wh3_dlc27_nor_mon_chimera_ror,wh3_dlc27_nor_mon_chimera_ror,wh3_dlc27_nor_mon_chimera,wh3_dlc27_nor_mon_chimera,,,wh3_dlc27_nor_chimera,,,2026-08-26T04:13:50.342Z,complete,
warhammer_3,8.1.1,24237342,ultra,Norsca,wh_dlc08_nor_norsca,wh_dlc08_sc_nor_norsca,wh_main_group_norsca,race_core,false,1,1,,wh3_dlc27_nor_mon_cursd_ettin,Curs'd Ettin,monster,inf_mel,monster,4,very_heavy,true,false,1,1,1,14320,14320,0,man,very_large,true,true,35,0,40,100,0,15,25,0,0,65,300,350,45,0,0,3,7,false,false,3.9,7500,false,,,,,,,,,,,,,,,,,,,,,,,,,,,,,,,,,,,1500,1500,375,wh3_dlc27_nor_mon_cursd_ettin,wh3_dlc27_nor_mon_cursd_ettin,wh3_dlc27_nor_mon_cursd_ettin,wh3_dlc27_nor_mon_cursd_ettin,,,wh3_dlc27_nor_mon_cursd_ettin_fist,,,2026-08-26T04:13:50.342Z,complete,
warhammer_3,8.1.1,24237342,ultra,Norsca,wh_dlc08_nor_norsca,wh_dlc08_sc_nor_norsca,wh_main_group_norsca,race_core,false,1,1,,wh3_dlc27_nor_mon_cursd_ettin_runecaller,Curs'd Ettin (Runecaller),monster,inf_mel,monster,4,very_heavy,true,false,1,1,1,11820,11820,0,man,very_large,true,true,35,0,35,100,0,15,25,0,0,60,300,250,35,0,0,3,7,true,false,3.9,6500,false,,,,,,,,,,,,,,,,,,,,,,,,,,,,,,,,,,,1600,1600,400,wh3_dlc27_nor_mon_cursd_ettin_runecaller,wh3_dlc27_nor_mon_cursd_ettin_runecaller,wh3_dlc27_nor_mon_runecaller,wh3_dlc27_nor_mon_runecaller,,,wh3_dlc27_nor_mon_cursd_ettin_fist_runecaller,,,2026-08-26T04:13:50.342Z,complete,
warhammer_3,8.1.1,24237342,ultra,Norsca,wh_dlc08_nor_norsca,wh_dlc08_sc_nor_norsca,wh_main_group_norsca,race_core,false,1,0,,wh3_dlc27_nor_mon_dread_maw,Dread Maw,monster,inf_mel,monster,3,heavy,true,false,1,1,1,9640,9640,0,man,very_large,true,true,80,0,33,60,0,25,0,0,0,65,120,280,0,0,0,4.5,7,false,false,0,1000000,true,10,25,200,10,30,60,0,0,1,1,1,0,70,0,10,150,0.5,false,false,artillery_default,low,250,true,true,false,wh_main_unit_contact_poison,wh3_dlc27_unit_dreadmaw_explosion,25,35,6,false,false,true,,1100,1100,275,wh3_dlc27_nor_mon_dread_maw,wh3_dlc27_nor_mon_dread_maw,wh3_dlc27_nor_mon_dread_maw,wh3_dlc27_nor_mon_dread_maw,,,wh3_dlc27_nor_mon_dread_maw,wh3_dlc27_nor_mon_dread_maw_spit,wh3_dlc27_nor_mon_dread_maw_spit,2026-08-26T04:13:50.342Z,complete,
warhammer_3,8.1.1,24237342,ultra,Norsca,wh_dlc08_nor_norsca,wh_dlc08_sc_nor_norsca,wh_main_group_norsca,race_core,false,1,2,,wh3_dlc27_nor_mon_dread_maw_underground,Dread Maw,monster,inf_mel,monster,3,heavy,true,false,1,1,1,9640,9640,0,man,very_large,true,true,80,0,33,65,0,25,0,0,0,65,120,280,0,0,0,4.5,7,false,false,5,1000000,true,10,25,200,10,30,60,0,0,1,1,1,0,70,0,10,150,0.5,false,false,artillery_default,low,250,true,true,false,wh_main_unit_contact_poison,wh3_dlc27_unit_dreadmaw_explosion,25,35,6,false,false,true,,1100,1100,275,wh3_dlc27_nor_mon_dread_maw_underground,wh3_dlc27_nor_mon_dread_maw_underground,wh3_dlc27_nor_mon_dread_maw_underground,wh3_dlc27_nor_mon_dread_maw_underground,,,wh3_dlc27_nor_mon_dread_maw,wh3_dlc27_nor_mon_dread_maw_spit,wh3_dlc27_nor_mon_dread_maw_spit,2026-08-26T04:13:50.342Z,complete,
warhammer_3,8.1.1,24237342,ultra,Norsca,wh_dlc08_nor_norsca,wh_dlc08_sc_nor_norsca,wh_main_group_norsca,race_core,false,1,0,,wh3_dlc27_nur_mon_spawn_of_nurgle_0,Spawn of Nurgle,infantry,inf_mel,monstrous_infantry,3,heavy,true,false,16,16,16,602,9632,0,man,large,true,false,10,0,33,100,0,0,0,0,0,31,120,50,35,0,0,3.8,5,false,false,4.2,1500,false,,,,,,,,,,,,,,,,,,,,,,,,,,,,,,,,,,,1050,1000,250,wh3_dlc27_nur_mon_spawn_of_nurgle_0,wh3_main_nur_mon_spawn_of_nurgle_0,wh3_main_monster_spawn_of_nurgle_blood,wh3_main_monster_spawn_of_nurgle_blood,,,wh3_main_nur_claws_chaos_spawn,,,2026-08-26T04:13:50.342Z,complete,
warhammer_3,8.1.1,24237342,ultra,Norsca,wh_dlc08_nor_norsca,wh_dlc08_sc_nor_norsca,wh_main_group_norsca,race_core,false,1,1,,wh3_dlc27_sla_mon_preyton,Preyton,monster,inf_mel,monster,4,heavy,true,false,1,1,1,7289,7289,0,man,very_large,true,true,60,0,28,70,20,45,0,0,0,50,120,365,40,0,20,4,5,false,false,6.5,2800,false,,,,,,,,,,,,,,,,,,,,,,,,,,,,,,,,,,,1600,1600,400,wh3_dlc27_sla_mon_preyton,wh3_dlc27_sla_mon_preyton,wh3_dlc27_sla_mon_preyton,wh3_dlc27_sla_mon_preyton,,,wh3_dlc27_preyton_claws,,,2026-08-26T04:13:50.342Z,complete,
warhammer_3,8.1.1,24237342,ultra,Norsca,wh_dlc08_nor_norsca,wh_dlc08_sc_nor_norsca,wh_main_group_norsca,race_core,false,1,0,,wh3_dlc27_sla_mon_spawn_of_slaanesh_0,Spawn of Slaanesh,infantry,inf_mel,monstrous_infantry,3,heavy,true,false,16,16,16,548,8768,0,man,large,true,false,10,0,28,100,5,0,0,0,0,36,120,50,35,0,0,3.8,5,false,false,4.7,1500,false,,,,,,,,,,,,,,,,,,,,,,,,,,,,,,,,,,,1050,1000,250,wh3_dlc27_sla_mon_spawn_of_slaanesh_0,wh3_main_sla_mon_spawn_of_slaanesh_0,wh3_main_monster_spawn_of_slaanesh_blood,wh3_main_monster_spawn_of_slaanesh_blood,,,wh3_main_sla_claws_chaos_spawn,,,2026-08-26T04:13:50.342Z,complete,
warhammer_3,8.1.1,24237342,ultra,Norsca,wh_dlc08_nor_norsca,wh_dlc08_sc_nor_norsca,wh_main_group_norsca,race_core,false,1,1,,wh3_dlc27_throgg_mon_bile_trolls,Bile Trolls,infantry,inf_mel,monstrous_infantry,3,very_heavy,true,false,16,16,16,542,8672,0,man,large,true,false,60,0,45,50,0,0,0,0,0,29,45,70,24,0,0,3.8,4,false,false,5.4,1500,false,,,,,,,,,,,,,,,,,,,,,,,,,,,,,,,,,,,1050,1050,250,wh3_dlc27_throgg_mon_bile_trolls,wh3_dlc25_nur_mon_bile_trolls,wh3_dlc25_nur_mon_bile_trolls,wh3_dlc25_nur_mon_bile_trolls,,,wh3_dlc25_nur_bile_trolls_club,,,2026-08-26T04:13:50.342Z,complete,
warhammer_3,8.1.1,24237342,ultra,Norsca,wh_dlc08_nor_norsca,wh_dlc08_sc_nor_norsca,wh_main_group_norsca,race_core,false,1,1,,wh3_dlc27_throgg_mon_chs_trolls_0,Chaos Trolls,infantry,inf_mel,monstrous_infantry,2,heavy,true,false,16,16,16,494,7904,0,man,large,true,false,40,0,32,45,0,0,0,0,0,34,30,70,24,0,0,3.8,4,false,false,5.4,1500,false,,,,,,,,,,,,,,,,,,,,,,,,,,,,,,,,,,,800,800,200,wh3_dlc27_throgg_mon_chs_trolls_0,wh_main_chs_mon_trolls,wh_main_monster_troll_blood,wh_main_monster_troll_blood,,,wh_main_club_troll,,,2026-08-26T04:13:50.342Z,complete,
warhammer_3,8.1.1,24237342,ultra,Norsca,wh_dlc08_nor_norsca,wh_dlc08_sc_nor_norsca,wh_main_group_norsca,race_core,false,1,1,,wh3_dlc27_throgg_mon_chs_trolls_1,Chaos Trolls (Armoured),infantry,inf_mel,monstrous_infantry,2,heavy,true,false,16,16,16,494,7904,0,man,large,true,false,110,0,32,45,0,0,0,0,0,34,30,70,24,0,0,3.8,4,false,false,5.4,1500,false,,,,,,,,,,,,,,,,,,,,,,,,,,,,,,,,,,,900,950,238,wh3_dlc27_throgg_mon_chs_trolls_1,wh_dlc01_chs_mon_trolls_1,wh_main_monster_troll_blood,wh_main_monster_troll_blood,,,wh_main_club_troll,,,2026-08-26T04:13:50.342Z,complete,
warhammer_3,8.1.1,24237342,ultra,Norsca,wh_dlc08_nor_norsca,wh_dlc08_sc_nor_norsca,wh_main_group_norsca,race_core,false,1,1,,wh3_dlc27_throgg_mon_river_trolls_0,River Trolls,infantry,inf_mel,monstrous_infantry,2,very_heavy,true,false,16,16,16,494,7904,0,man,large,true,false,40,0,40,45,0,0,0,0,0,34,35,70,30,0,0,3.8,4,false,false,5.4,1500,false,,,,,,,,,,,,,,,,,,,,,,,,,,,,,,,,,,,900,900,225,wh3_dlc27_throgg_mon_river_trolls_0,wh2_dlc15_grn_mon_river_trolls_0,wh_main_monster_troll_blood,wh_main_monster_troll_blood,,,wh_dlc15_club_river_troll,,,2026-08-26T04:13:50.342Z,complete,
warhammer_3,8.1.1,24237342,ultra,Norsca,wh_dlc08_nor_norsca,wh_dlc08_sc_nor_norsca,wh_main_group_norsca,race_core,false,1,1,,wh3_dlc27_throgg_mon_stone_trolls_0,Stone Trolls,infantry,inf_mel,monstrous_infantry,3,very_heavy,true,false,16,16,16,494,7904,0,man,large,true,false,70,0,32,45,0,25,25,0,0,36,40,80,34,0,0,4,4,false,false,5.4,1500,false,,,,,,,,,,,,,,,,,,,,,,,,,,,,,,,,,,,1100,1100,275,wh3_dlc27_throgg_mon_stone_trolls_0,wh2_dlc15_grn_mon_stone_trolls_0,wh2_dlc15_monster_troll_stone_blood,wh2_dlc15_monster_troll_stone_blood,,,wh_dlc15_club_stone_troll,,,2026-08-26T04:13:50.342Z,complete,
warhammer_3,8.1.1,24237342,ultra,Norsca,wh_dlc08_nor_norsca,wh_dlc08_sc_nor_norsca,wh_main_group_norsca,race_core,false,1,0,,wh3_dlc27_tze_mon_spawn_of_tzeentch_0,Spawn of Tzeentch,infantry,inf_mel,monstrous_infantry,3,heavy,true,false,16,16,16,548,8768,1000,man,large,true,false,10,0,28,100,0,0,0,0,0,36,120,50,35,0,0,3.8,5,true,false,4.2,1500,false,,,,,,,,,,,,,,,,,,,,,,,,,,,,,,,,,,,1050,1000,250,wh3_dlc27_tze_mon_spawn_of_tzeentch_0,wh3_main_tze_mon_spawn_of_tzeentch_0,wh3_main_monster_spawn_of_tzeentch_blood,wh3_main_monster_spawn_of_tzeentch_blood,,,wh3_main_tze_claws_chaos_spawn,,,2026-08-26T04:13:50.342Z,complete,
warhammer_3,8.1.1,24237342,ultra,Norsca,wh_dlc08_nor_norsca,wh_dlc08_sc_nor_norsca,wh_main_group_norsca,race_core,false,1,1,,wh3_main_ie_nor_cha_exalted_great_unclean_one_burplesmirk_spewpit,Burplesmirk Spewpit,character,com,lord,0,heavy,false,false,1,1,1,13620,13620,0,man,very_large,true,true,50,0,50,80,20,0,0,0,0,60,165,385,20,0,0,4,6,true,false,3.6,7000,false,,,,,,,,,,,,,,,,,,,,,,,,,,,,,,,,,,,2200,2000,0,wh3_main_ie_nor_cha_exalted_great_unclean_one_burplesmirk_spewpit,wh3_main_ie_nor_cha_exalted_great_unclean_one_burplesmirk_spewpit,wh3_main_monster_exalted_great_unclean_one,wh3_main_monster_exalted_great_unclean_one,,,wh3_main_exalted_great_unclean_one,,,2026-08-26T04:13:50.342Z,complete,
warhammer_3,8.1.1,24237342,ultra,Norsca,wh_dlc08_nor_norsca,wh_dlc08_sc_nor_norsca,wh_main_group_norsca,race_core,false,1,1,,wh3_main_ie_nor_cha_exalted_hero_mkho_killgore_slaymaim,Killgore Slaymaim,character,com,hero,0,heavy,false,false,1,1,1,7508,7508,0,mount,medium,false,true,130,0,45,75,0,15,35,0,0,65,125,300,70,20,0,4,4,true,true,7,1800,false,,,,,,,,,,,,,,,,,,,,,,,,,,,,,,,,,,,1400,1400,0,wh3_main_ie_nor_cha_exalted_hero_mkho_killgore_slaymaim,wh3_main_ie_nor_cha_exalted_hero_mkho_killgore_slaymaim,wh3_main_kho_mnt_juggernaut_hero,wh3_dlc20_chs_cha_lord_mkho,wh3_main_kho_mnt_juggernaut_hero,,wh3_main_ie_nor_bloodreaper_juggernaut_killgore,,,2026-08-26T04:13:50.342Z,complete,
warhammer_3,8.1.1,24237342,ultra,Norsca,wh_dlc08_nor_norsca,wh_dlc08_sc_nor_norsca,wh_main_group_norsca,race_core,false,1,0,,wh_dlc01_nor_cha_chaos_sorcerer_lord_0,Chaos Sorcerer Lord (Metal),character,com,lord,0,heavy,false,false,1,1,1,3808,3808,0,man,small,false,true,80,0,44,65,0,15,0,0,0,48,240,120,20,0,0,4,4,false,false,3.3,1000,false,,,,,,,,,,,,,,,,,,,,,,,,,,,,,,,,,,,750,1000,250,wh_dlc01_nor_cha_chaos_sorcerer_lord_0,wh_dlc01_nor_cha_chaos_sorcerer_lord_0,wh3_dlc20_chs_cha_chaos_sorcerer_metal,wh3_dlc20_chs_cha_chaos_sorcerer_metal,,,wh_main_chs_sword_caster_lord_hero,,,2026-08-26T04:13:50.342Z,complete,
warhammer_3,8.1.1,24237342,ultra,Norsca,wh_dlc08_nor_norsca,wh_dlc08_sc_nor_norsca,wh_main_group_norsca,race_core,false,1,0,,wh_dlc01_nor_cha_chaos_sorcerer_lord_1,Chaos Sorcerer Lord (Metal),character,com,lord,0,heavy,false,false,1,1,1,4288,4288,0,mount,medium,false,true,100,0,44,65,0,15,0,0,0,48,240,120,40,0,0,4,4,false,false,9,1300,false,,,,,,,,,,,,,,,,,,,,,,,,,,,,,,,,,,,850,1100,275,wh_dlc01_nor_cha_chaos_sorcerer_lord_1,wh_dlc01_nor_cha_chaos_sorcerer_lord_1,wh3_dlc20_chs_mnt_norscan_warhorse_lords,wh3_dlc20_chs_cha_chaos_sorcerer_metal,wh3_dlc20_chs_mnt_norscan_warhorse_lords,,wh_main_chs_sword_caster_lord_hero,,,2026-08-26T04:13:50.342Z,complete,
warhammer_3,8.1.1,24237342,ultra,Norsca,wh_dlc08_nor_norsca,wh_dlc08_sc_nor_norsca,wh_main_group_norsca,race_core,false,1,0,,wh_dlc01_nor_cha_chaos_sorcerer_lord_2,Chaos Sorcerer Lord (Metal),character,com,lord,0,heavy,false,false,1,1,2,4288,4288,0,engine,large,true,true,90,0,44,65,0,15,0,0,0,48,240,120,40,0,0,4,4,false,false,7.8,1500,false,,,,,,,,,,,,,,,,,,,,,,,,,,,,,,,,,,,1050,1200,300,wh_dlc01_nor_cha_chaos_sorcerer_lord_2,wh_dlc01_nor_cha_chaos_sorcerer_lord_2,wh_main_vehicle_chs_chariot,wh3_dlc20_chs_cha_chaos_sorcerer_metal,wh3_dlc20_chs_mnt_chaos_steed_chariots,wh_main_vehicle_chs_chariot,wh_main_chs_sword_caster_lord_hero,,,2026-08-26T04:13:50.342Z,complete,
warhammer_3,8.1.1,24237342,ultra,Norsca,wh_dlc08_nor_norsca,wh_dlc08_sc_nor_norsca,wh_main_group_norsca,race_core,false,1,1,,wh_dlc08_nor_cav_marauder_horsemasters_0,Marauder Horsemasters,monster,cav_mis,missile_cavalry,2,medium,true,false,60,60,60,90,5400,0,mount,medium,false,false,50,0,26,54,0,0,0,0,0,26,21,7,30,0,0,5,1,false,false,9,750,true,10,18,90,8,18,8,0,0,1,1,1,0,46,0,20,55,2.3,false,false,small_arm_default,low,150,false,true,false,,,,,,,,,,800,750,188,wh_dlc08_nor_cav_marauder_horsemasters_0,wh_dlc08_nor_cav_marauder_horsemasters_0,wh3_dlc20_chs_mnt_norscan_warhorse_horsemasters,wh3_dlc20_marauder_horsemen_rider_blood,wh3_dlc20_chs_mnt_norscan_warhorse_horsemasters,,wh_main_chs_marauder_horsemaster_spear,wh_main_chs_javelin_heavy,wh_chs_javelin_heavy,2026-08-26T04:13:50.342Z,complete,
warhammer_3,8.1.1,24237342,ultra,Norsca,wh_dlc08_nor_norsca,wh_dlc08_sc_nor_norsca,wh_main_group_norsca,race_core,false,1,1,,wh_dlc08_nor_cha_fimir_balefiend_fire_0,Fimir Balefiend (Fire),character,com,hero,0,heavy,false,false,1,1,1,5040,5040,0,man,large,true,true,65,0,35,70,0,25,0,0,0,35,80,320,25,0,0,4,4,true,false,5.4,1500,false,,,,,,,,,,,,,,,,,,,,,,,,,,,,,,,,,,,550,1000,188,wh_dlc08_nor_cha_fimir_balefiend_fire_0,wh_dlc08_nor_cha_fimir_balefiend_fire_0,wh2_dlc16_monster_fimir_balefiend_hero_blood,wh2_dlc16_monster_fimir_balefiend_hero_blood,,,wh_dlc08_nor_fimir_balefiend_staff,,,2026-08-26T04:13:50.342Z,complete,
warhammer_3,8.1.1,24237342,ultra,Norsca,wh_dlc08_nor_norsca,wh_dlc08_sc_nor_norsca,wh_main_group_norsca,race_core,false,1,1,,wh_dlc08_nor_cha_fimir_balefiend_shadow_0,Fimir Balefiend (Shadows),character,com,hero,0,heavy,false,false,1,1,1,5040,5040,0,man,large,true,true,65,0,35,70,0,25,0,0,0,35,80,320,25,0,0,4,4,true,false,5.4,1500,false,,,,,,,,,,,,,,,,,,,,,,,,,,,,,,,,,,,550,1000,188,wh_dlc08_nor_cha_fimir_balefiend_shadow_0,wh_dlc08_nor_cha_fimir_balefiend_shadow_0,wh2_dlc16_monster_fimir_balefiend_hero_blood,wh2_dlc16_monster_fimir_balefiend_hero_blood,,,wh_dlc08_nor_fimir_balefiend_staff,,,2026-08-26T04:13:50.342Z,complete,
warhammer_3,8.1.1,24237342,ultra,Norsca,wh_dlc08_nor_norsca,wh_dlc08_sc_nor_norsca,wh_main_group_norsca,race_core,false,1,1,,wh_dlc08_nor_cha_shaman_sorcerer_death_0,Shaman-Sorcerer (Death),character,com,hero,0,heavy,false,false,1,1,1,3360,3360,0,man,small,false,true,30,0,30,60,0,15,0,0,0,30,220,95,15,0,0,4,3,false,false,3.5,300,false,,,,,,,,,,,,,,,,,,,,,,,,,,,,,,,,,,,275,1000,275,wh_dlc08_nor_cha_shaman_sorcerer_death_0,wh_dlc08_nor_cha_shaman_sorcerer_death_0,wh_main_infantry_standard_wizard_blood_dismembers,wh_main_infantry_standard_wizard_blood_dismembers,,,wh_main_chs_sword_caster_hero,,,2026-08-26T04:13:50.342Z,complete,
warhammer_3,8.1.1,24237342,ultra,Norsca,wh_dlc08_nor_norsca,wh_dlc08_sc_nor_norsca,wh_main_group_norsca,race_core,false,1,1,,wh_dlc08_nor_cha_shaman_sorcerer_death_1,Shaman-Sorcerer (Death),character,com,hero,0,heavy,false,false,1,1,1,3740,3740,0,mount,medium,false,true,30,0,30,60,0,15,0,0,0,30,220,95,35,0,0,4,3,false,false,7.8,1000,false,,,,,,,,,,,,,,,,,,,,,,,,,,,,,,,,,,,475,1100,337,wh_dlc08_nor_cha_shaman_sorcerer_death_1,wh_dlc08_nor_cha_shaman_sorcerer_death_1,wh_main_cavalry_standard_360_blood,wh_main_infantry_standard_wizard_blood_dismembers,wh_main_cavalry_standard_360_blood,,wh_main_chs_sword_caster_hero,,,2026-08-26T04:13:50.342Z,complete,
warhammer_3,8.1.1,24237342,ultra,Norsca,wh_dlc08_nor_norsca,wh_dlc08_sc_nor_norsca,wh_main_group_norsca,race_core,false,1,1,,wh_dlc08_nor_cha_shaman_sorcerer_death_2,Shaman-Sorcerer (Death),character,com,hero,0,heavy,false,false,1,1,2,4116,4116,0,engine,large,true,true,90,0,24,60,0,15,0,0,0,30,100,200,52,26,0,4,3,false,false,7.8,1500,false,,,,,,,,,,,,,,,,,,,,,,,,,,,,,,,,,,,775,1350,300,wh_dlc08_nor_cha_shaman_sorcerer_death_2,wh_dlc08_nor_cha_shaman_sorcerer_death_2,wh_main_vehicle_chs_chariot,wh2_dlc16_infantry_standard_large_hero_blood_dismembers_low_kb_resist,wh3_dlc20_chs_mnt_chaos_steed_chariots,wh_main_vehicle_chs_chariot,wh_main_chs_chariot_caster_hero,,,2026-08-26T04:13:50.342Z,complete,
warhammer_3,8.1.1,24237342,ultra,Norsca,wh_dlc08_nor_norsca,wh_dlc08_sc_nor_norsca,wh_main_group_norsca,race_core,false,1,1,,wh_dlc08_nor_cha_shaman_sorcerer_fire_0,Shaman-Sorcerer (Fire),character,com,hero,0,heavy,false,false,1,1,1,3360,3360,0,man,small,false,true,30,0,30,60,0,15,0,0,0,30,220,95,15,0,0,4,3,false,false,3.5,300,false,,,,,,,,,,,,,,,,,,,,,,,,,,,,,,,,,,,275,1000,275,wh_dlc08_nor_cha_shaman_sorcerer_fire_0,wh_dlc08_nor_cha_shaman_sorcerer_fire_0,wh_main_infantry_standard_wizard_blood_dismembers,wh_main_infantry_standard_wizard_blood_dismembers,,,wh_main_chs_sword_caster_hero,,,2026-08-26T04:13:50.342Z,complete,
warhammer_3,8.1.1,24237342,ultra,Norsca,wh_dlc08_nor_norsca,wh_dlc08_sc_nor_norsca,wh_main_group_norsca,race_core,false,1,1,,wh_dlc08_nor_cha_shaman_sorcerer_fire_1,Shaman-Sorcerer (Fire),character,com,hero,0,heavy,false,false,1,1,1,3740,3740,0,mount,medium,false,true,30,0,30,60,0,15,0,0,0,30,220,95,35,0,0,4,3,false,false,7.8,1000,false,,,,,,,,,,,,,,,,,,,,,,,,,,,,,,,,,,,475,1100,337,wh_dlc08_nor_cha_shaman_sorcerer_fire_1,wh_dlc08_nor_cha_shaman_sorcerer_fire_1,wh_main_cavalry_standard_360_blood,wh_main_infantry_standard_wizard_blood_dismembers,wh_main_cavalry_standard_360_blood,,wh_main_chs_sword_caster_hero,,,2026-08-26T04:13:50.342Z,complete,
warhammer_3,8.1.1,24237342,ultra,Norsca,wh_dlc08_nor_norsca,wh_dlc08_sc_nor_norsca,wh_main_group_norsca,race_core,false,1,1,,wh_dlc08_nor_cha_shaman_sorcerer_fire_2,Shaman-Sorcerer (Fire),character,com,hero,0,heavy,false,false,1,1,2,4116,4116,0,engine,large,true,true,90,0,24,60,0,15,0,0,0,30,100,200,52,26,0,4,3,false,false,7.8,1500,false,,,,,,,,,,,,,,,,,,,,,,,,,,,,,,,,,,,775,1350,300,wh_dlc08_nor_cha_shaman_sorcerer_fire_2,wh_dlc08_nor_cha_shaman_sorcerer_fire_2,wh_main_vehicle_chs_chariot,wh2_dlc16_infantry_standard_large_hero_blood_dismembers_low_kb_resist,wh3_dlc20_chs_mnt_chaos_steed_chariots,wh_main_vehicle_chs_chariot,wh_main_chs_chariot_caster_hero,,,2026-08-26T04:13:50.342Z,complete,
warhammer_3,8.1.1,24237342,ultra,Norsca,wh_dlc08_nor_norsca,wh_dlc08_sc_nor_norsca,wh_main_group_norsca,race_core,false,1,1,,wh_dlc08_nor_cha_shaman_sorcerer_metal_0,Shaman-Sorcerer (Metal),character,com,hero,0,heavy,false,false,1,1,1,3360,3360,0,man,small,false,true,30,0,30,60,0,15,0,0,0,30,220,95,15,0,0,4,3,false,false,3.5,300,false,,,,,,,,,,,,,,,,,,,,,,,,,,,,,,,,,,,275,1000,275,wh_dlc08_nor_cha_shaman_sorcerer_metal_0,wh_dlc08_nor_cha_shaman_sorcerer_metal_0,wh_main_infantry_standard_wizard_blood_dismembers,wh_main_infantry_standard_wizard_blood_dismembers,,,wh_main_chs_sword_caster_hero,,,2026-08-26T04:13:50.342Z,complete,
warhammer_3,8.1.1,24237342,ultra,Norsca,wh_dlc08_nor_norsca,wh_dlc08_sc_nor_norsca,wh_main_group_norsca,race_core,false,1,1,,wh_dlc08_nor_cha_shaman_sorcerer_metal_1,Shaman-Sorcerer (Metal),character,com,hero,0,heavy,false,false,1,1,1,3740,3740,0,mount,medium,false,true,30,0,30,60,0,15,0,0,0,30,220,95,35,0,0,4,3,false,false,7.8,1000,false,,,,,,,,,,,,,,,,,,,,,,,,,,,,,,,,,,,475,1100,337,wh_dlc08_nor_cha_shaman_sorcerer_metal_1,wh_dlc08_nor_cha_shaman_sorcerer_metal_1,wh_main_cavalry_standard_360_blood,wh_main_infantry_standard_wizard_blood_dismembers,wh_main_cavalry_standard_360_blood,,wh_main_chs_sword_caster_hero,,,2026-08-26T04:13:50.342Z,complete,
warhammer_3,8.1.1,24237342,ultra,Norsca,wh_dlc08_nor_norsca,wh_dlc08_sc_nor_norsca,wh_main_group_norsca,race_core,false,1,1,,wh_dlc08_nor_cha_shaman_sorcerer_metal_2,Shaman-Sorcerer (Metal),character,com,hero,0,heavy,false,false,1,1,2,4116,4116,0,engine,large,true,true,90,0,24,60,0,15,0,0,0,30,100,200,52,26,0,4,3,false,false,7.8,1500,false,,,,,,,,,,,,,,,,,,,,,,,,,,,,,,,,,,,775,1350,300,wh_dlc08_nor_cha_shaman_sorcerer_metal_2,wh_dlc08_nor_cha_shaman_sorcerer_metal_2,wh_main_vehicle_chs_chariot,wh2_dlc16_infantry_standard_large_hero_blood_dismembers_low_kb_resist,wh3_dlc20_chs_mnt_chaos_steed_chariots,wh_main_vehicle_chs_chariot,wh_main_chs_chariot_caster_hero,,,2026-08-26T04:13:50.342Z,complete,
warhammer_3,8.1.1,24237342,ultra,Norsca,wh_dlc08_nor_norsca,wh_dlc08_sc_nor_norsca,wh_main_group_norsca,race_core,false,1,1,,wh_dlc08_nor_cha_skin_wolf_werekin_0,Skin Wolf Werekin,character,com,hero,0,heavy,false,false,1,1,1,5040,5040,0,man,large,true,true,70,0,32,70,20,0,0,0,0,45,140,280,40,0,36,4,4,false,false,7.5,1500,false,,,,,,,,,,,,,,,,,,,,,,,,,,,,,,,,,,,1100,1100,275,wh_dlc08_nor_cha_skin_wolf_werekin_0,wh_dlc08_nor_cha_skin_wolf_werekin_0,wh_dlc08_nor_skin_wolf_werekin_blood,wh_dlc08_nor_skin_wolf_werekin_blood,,,wh_dlc08_nor_werekin_claws,,,2026-08-26T04:13:50.342Z,complete,
warhammer_3,8.1.1,24237342,ultra,Norsca,wh_dlc08_nor_norsca,wh_dlc08_sc_nor_norsca,wh_main_group_norsca,race_core,false,1,1,,wh_dlc08_nor_cha_throgg_0,Throgg,character,com,lord,0,heavy,false,false,1,1,1,8008,8008,0,man,large,true,true,55,0,50,70,0,15,0,0,0,60,123,372,50,0,28,4,5,false,false,5.6,4000,false,,,,,,,,,,,,,,,,,,,,,,,,,,,,,,,,,,,1550,1550,400,wh_dlc08_nor_cha_throgg_0,wh_dlc08_nor_cha_throgg_0,wh_dlc08_monster_throgg_blood,wh_dlc08_monster_throgg_blood,,,wh_dlc08_club_troll_throgg,,,2026-08-26T04:13:50.342Z,complete,
warhammer_3,8.1.1,24237342,ultra,Norsca,wh_dlc08_nor_norsca,wh_dlc08_sc_nor_norsca,wh_main_group_norsca,race_core,false,1,1,,wh_dlc08_nor_cha_wulfrik_0,Wulfrik the Wanderer,character,com,lord,0,heavy,false,false,1,1,1,4840,4840,0,man,small,false,true,100,55,50,75,0,15,0,0,0,70,320,170,50,0,0,4,5,false,false,3.5,1100,false,,,,,,,,,,,,,,,,,,,,,,,,,,,,,,,,,,,1000,1100,275,wh_dlc08_nor_cha_wulfrik_0,wh_dlc08_nor_cha_wulfrik_0,wh_main_infantry_wulfrik_fast_hero_blood,wh_main_infantry_wulfrik_fast_hero_blood,,,wh_dlc08_nor_wulfrik_sword,,,2026-08-26T04:13:50.342Z,complete,
warhammer_3,8.1.1,24237342,ultra,Norsca,wh_dlc08_nor_norsca,wh_dlc08_sc_nor_norsca,wh_main_group_norsca,race_core,false,1,1,,wh_dlc08_nor_cha_wulfrik_1,Wulfrik the Wanderer,character,com,lord,0,heavy,false,false,1,1,1,5152,5152,0,mount,medium,false,true,100,35,50,75,0,15,0,0,0,70,320,170,65,0,0,4,5,false,false,9,1300,false,,,,,,,,,,,,,,,,,,,,,,,,,,,,,,,,,,,1200,1200,300,wh_dlc08_nor_cha_wulfrik_1,wh_dlc08_nor_cha_wulfrik_1,wh3_dlc20_chs_mnt_norscan_warhorse_lords,wh_main_infantry_wulfrik_fast_hero_blood,wh3_dlc20_chs_mnt_norscan_warhorse_lords,,wh_dlc08_nor_wulfrik_sword,,,2026-08-26T04:13:50.342Z,complete,
warhammer_3,8.1.1,24237342,ultra,Norsca,wh_dlc08_nor_norsca,wh_dlc08_sc_nor_norsca,wh_main_group_norsca,race_core,false,1,1,,wh_dlc08_nor_cha_wulfrik_2,Wulfrik the Wanderer,character,com,lord,0,heavy,false,false,1,1,2,5784,5784,0,engine,large,true,true,100,35,30,75,0,15,0,0,0,48,170,320,90,20,0,4,5,false,false,7.8,1500,false,,,,,,,,,,,,,,,,,,,,,,,,,,,,,,,,,,,1400,1400,350,wh_dlc08_nor_cha_wulfrik_2,wh_dlc08_nor_cha_wulfrik_2,wh_main_vehicle_chs_chariot,wh_main_infantry_wulfrik_fast_hero_blood,wh3_dlc20_chs_mnt_chaos_steed_chariots,wh_main_vehicle_chs_chariot,wh_dlc08_nor_wulfrik_sword_chariot,,,2026-08-26T04:13:50.342Z,complete,
warhammer_3,8.1.1,24237342,ultra,Norsca,wh_dlc08_nor_norsca,wh_dlc08_sc_nor_norsca,wh_main_group_norsca,race_core,false,1,1,,wh_dlc08_nor_cha_wulfrik_3,Wulfrik the Wanderer,character,com,lord,0,heavy,false,false,1,1,1,14096,14096,0,mount,very_large,true,true,80,0,34,75,0,15,0,0,0,38,155,370,68,34,0,3.5,5,false,false,5.6,6500,false,,,,,,,,,,,,,,,,,,,,,,,,,,,,,,,,,,,2000,2050,550,wh_dlc08_nor_cha_wulfrik_3,wh_dlc08_nor_cha_wulfrik_3,wh_dlc08_nor_mon_mammoth_howdah_blood,wh_main_infantry_wulfrik_mammoth_hero_blood,wh_dlc08_nor_mon_mammoth_howdah_blood,,wh_dlc08_nor_mammoth_tusks,,,2026-08-26T04:13:50.342Z,complete,
warhammer_3,8.1.1,24237342,ultra,Norsca,wh_dlc08_nor_norsca,wh_dlc08_sc_nor_norsca,wh_main_group_norsca,race_core,false,1,1,,wh_dlc08_nor_feral_manticore,Feral Manticore,monster,inf_mel,monster,2,heavy,true,false,1,1,1,5103,5103,0,man,large,true,true,45,0,34,56,0,15,0,0,0,40,290,155,50,0,0,3.6,4,false,false,7,2000,false,,,,,,,,,,,,,,,,,,,,,,,,,,,,,,,,,,,800,800,200,wh_dlc08_nor_feral_manticore,wh_dlc08_nor_feral_manticore,wh_dlc01_flying_manticore_blood,wh_dlc01_flying_manticore_blood,,,wh_dlc03_bst_manticore,,,2026-08-26T04:13:50.342Z,complete,
warhammer_3,8.1.1,24237342,ultra,Norsca,wh_dlc08_nor_norsca,wh_dlc08_sc_nor_norsca,wh_main_group_norsca,race_core,false,1,1,,wh_dlc08_nor_inf_marauder_berserkers_0,Marauder Berserkers,infantry,inf_mel,melee_infantry,2,medium,true,false,100,100,100,102,10200,0,man,small,false,false,15,0,24,80,0,0,0,0,0,40,39,13,42,5,0,4,1,false,false,4,180,false,,,,,,,,,,,,,,,,,,,,,,,,,,,,,,,,,,,750,750,188,wh_dlc08_nor_inf_marauder_berserkers_0,wh_dlc08_nor_inf_marauder_berserkers_0,wh_dlc08_nor_inf_berserkers_blood_dismembers,wh_dlc08_nor_inf_berserkers_blood_dismembers,,,wh_dlc08_nor_berserker_dual_axes,,,2026-08-26T04:13:50.342Z,complete,
warhammer_3,8.1.1,24237342,ultra,Norsca,wh_dlc08_nor_norsca,wh_dlc08_sc_nor_norsca,wh_main_group_norsca,race_core,false,1,1,,wh_dlc08_nor_inf_marauder_champions_0,Marauder Champions,infantry,inf_mel,melee_infantry,3,heavy,true,false,100,100,100,96,9600,0,man,small,false,false,80,35,53,75,0,0,0,0,0,35,32,14,20,0,0,4,1,false,false,3.5,160,false,,,,,,,,,,,,,,,,,,,,,,,,,,,,,,,,,,,1000,1000,250,wh_dlc08_nor_inf_marauder_champions_0,wh_dlc08_nor_inf_marauder_champions_0,wh_dlc08_infantry_champion_large_blood_dismembers,wh_dlc08_infantry_champion_large_blood_dismembers,,,wh_dlc08_nor_axe_champion,,,2026-08-26T04:13:50.342Z,complete,
warhammer_3,8.1.1,24237342,ultra,Norsca,wh_dlc08_nor_norsca,wh_dlc08_sc_nor_norsca,wh_main_group_norsca,race_core,false,1,1,,wh_dlc08_nor_inf_marauder_champions_1,Marauder Champions (Great Weapons),infantry,inf_mel,melee_infantry,3,heavy,true,false,100,100,100,96,9600,0,man,small,false,false,80,0,40,75,0,0,0,0,0,35,15,35,30,0,0,4.3,1,false,false,3.5,160,false,,,,,,,,,,,,,,,,,,,,,,,,,,,,,,,,,,,1000,1100,275,wh_dlc08_nor_inf_marauder_champions_1,wh_dlc08_nor_inf_marauder_champions_1,wh_dlc08_infantry_champion_large_blood_dismembers,wh_dlc08_infantry_champion_large_blood_dismembers,,,wh_dlc08_nor_axe_great_champion,,,2026-08-26T04:13:50.342Z,complete,
warhammer_3,8.1.1,24237342,ultra,Norsca,wh_dlc08_nor_norsca,wh_dlc08_sc_nor_norsca,wh_main_group_norsca,race_core,false,1,1,,wh_dlc08_nor_inf_marauder_hunters_0,Marauder Hunters,infantry,inf_mis,missile_infantry,2,medium,true,false,90,90,90,67,6030,0,man,small,false,false,15,0,20,50,0,0,0,0,0,36,21,7,12,0,0,4.2,1,false,false,3.5,100,true,10,12,80,8,6,22,0,0,1,1,1,0,32,0,10,40,2,false,false,small_arm_default,low,140,false,true,false,wh2_dlc09_unit_contact_shieldbreaker,,,,,,,,,550,550,138,wh_dlc08_nor_inf_marauder_hunters_0,wh_dlc08_nor_inf_marauder_hunters_0,wh_main_chs_infantry_fast_blood_dismembers,wh_main_chs_infantry_fast_blood_dismembers,,,wh_main_chs_axe_marauders,wh_dlc08_nor_throwing_axe,wh2_nor_throwing_axe,2026-08-26T04:13:50.342Z,complete,
warhammer_3,8.1.1,24237342,ultra,Norsca,wh_dlc08_nor_norsca,wh_dlc08_sc_nor_norsca,wh_main_group_norsca,race_core,false,1,1,,wh_dlc08_nor_inf_marauder_hunters_1,Marauder Hunters (Javelins),infantry,inf_mis,missile_infantry,2,medium,true,false,90,90,90,67,6030,0,man,small,false,false,15,0,22,50,0,0,0,0,0,26,21,7,8,0,0,4.2,1,false,false,3.5,100,true,10,12,90,8,18,7,0,15,1,1,1,0,40,0,10,40,2,false,false,small_arm_default,low,150,false,true,false,,,,,,,,,,550,500,138,wh_dlc08_nor_inf_marauder_hunters_1,wh_dlc08_nor_inf_marauder_hunters_1,wh_main_chs_infantry_fast_blood_dismembers,wh_main_chs_infantry_fast_blood_dismembers,,,wh_main_chs_axe_marauders,wh_dlc08_nor_javelin_heavy,wh_nor_javelin_heavy,2026-08-26T04:13:50.342Z,complete,
warhammer_3,8.1.1,24237342,ultra,Norsca,wh_dlc08_nor_norsca,wh_dlc08_sc_nor_norsca,wh_main_group_norsca,race_core,false,1,1,,wh_dlc08_nor_inf_marauder_spearman_0,Marauder Spearmen,infantry,inf_mel,melee_infantry,1,medium,true,false,120,120,120,78,9360,0,man,small,false,false,15,0,37,60,0,0,0,0,0,25,20,5,6,0,15,5.7,1,false,false,3.5,100,false,,,,,,,,,,,,,,,,,,,,,,,,,,,,,,,,,,,425,425,113,wh_dlc08_nor_inf_marauder_spearman_0,wh_dlc08_nor_inf_marauder_spearman_0,wh_main_chs_infantry_fast_blood_dismembers,wh_main_chs_infantry_fast_blood_dismembers,,,wh_dlc08_nor_spear,,,2026-08-26T04:13:50.342Z,complete,
warhammer_3,8.1.1,24237342,ultra,Norsca,wh_dlc08_nor_norsca,wh_dlc08_sc_nor_norsca,wh_main_group_norsca,race_core,false,1,1,,wh_dlc08_nor_mon_fimir_0,Fimir Warriors,infantry,inf_mel,monstrous_infantry,3,heavy,true,false,16,16,16,514,8224,0,man,large,true,false,110,0,42,70,0,25,0,0,0,30,32,68,30,15,0,3.8,4,true,false,4.5,1500,false,,,,,,,,,,,,,,,,,,,,,,,,,,,,,,,,,,,1150,1200,300,wh_dlc08_nor_mon_fimir_0,wh_dlc08_nor_mon_fimir_0,wh_dlc08_nor_monster_fimir_blood,wh_dlc08_nor_monster_fimir_blood,,,wh_dlc08_nor_fimir_dual_axe,,,2026-08-26T04:13:50.342Z,complete,
warhammer_3,8.1.1,24237342,ultra,Norsca,wh_dlc08_nor_norsca,wh_dlc08_sc_nor_norsca,wh_main_group_norsca,race_core,false,1,1,,wh_dlc08_nor_mon_fimir_1,Fimir Warriors (Great Weapons),infantry,inf_mel,monstrous_infantry,3,heavy,true,false,16,16,16,514,8224,0,man,large,true,false,110,0,32,70,0,25,0,0,0,30,32,68,35,0,25,4,2,true,false,4.5,1500,false,,,,,,,,,,,,,,,,,,,,,,,,,,,,,,,,,,,1300,1300,325,wh_dlc08_nor_mon_fimir_1,wh_dlc08_nor_mon_fimir_1,wh_dlc08_nor_monster_fimir_blood,wh_dlc08_nor_monster_fimir_blood,,,wh_dlc08_nor_fimir_great_mace,,,2026-08-26T04:13:50.342Z,complete,
warhammer_3,8.1.1,24237342,ultra,Norsca,wh_dlc08_nor_norsca,wh_dlc08_sc_nor_norsca,wh_main_group_norsca,race_core,false,1,1,,wh_dlc08_nor_mon_frost_wyrm_0,Chaos Frost Dragon,monster,inf_mel,monster,4,very_heavy,true,false,1,1,1,7120,7120,0,man,very_large,true,true,70,0,41,70,0,25,0,0,-25,45,155,340,57,0,0,3.8,5,true,false,7,3800,false,,,,,,,,,,,,,,,,,,,,,,,,,,,,,,,,,,,1500,1500,375,wh_dlc08_nor_mon_frost_wyrm_0,wh_dlc08_nor_mon_frost_wyrm_0,wh_dlc08_flying_chaos_frost_dragon_blood,wh_dlc08_flying_chaos_frost_dragon_blood,,,wh_dlc08_nor_wyrm,,,2026-08-26T04:13:50.342Z,complete,
warhammer_3,8.1.1,24237342,ultra,Norsca,wh_dlc08_nor_norsca,wh_dlc08_sc_nor_norsca,wh_main_group_norsca,race_core,false,1,0,,wh_dlc08_nor_mon_frost_wyrm_boss,"Frigustrex, Scion of the Cold-Void",monster,com,monster,5,very_heavy,false,true,1,1,1,12656,12656,0,man,very_large,true,true,70,0,41,70,0,45,0,45,0,45,193,356,63,0,0,4,5,true,false,7,7000,false,,,,,,,,,,,,,,,,,,,,,,,,,,,,,,,,,,,2000,1800,450,wh_dlc08_nor_mon_frost_wyrm_boss,wh_dlc08_nor_mon_frost_wyrm_boss,wh_main_flying_dragon_blood_boss,wh_main_flying_dragon_blood_boss,,,wh_dlc08_nor_wyrm_boss,,,2026-08-26T04:13:50.342Z,complete,
warhammer_3,8.1.1,24237342,ultra,Norsca,wh_dlc08_nor_norsca,wh_dlc08_sc_nor_norsca,wh_main_group_norsca,race_core,false,1,1,,wh_dlc08_nor_mon_frost_wyrm_ror_0,The Cold-Voider (Chaos Frost Dragon),monster,inf_mel,monster,4,very_heavy,false,true,1,1,1,7120,7120,0,man,very_large,true,true,70,0,51,80,0,25,0,0,-25,56,155,340,57,0,0,3.8,5,true,false,7,3800,false,,,,,,,,,,,,,,,,,,,,,,,,,,,,,,,,,,,1800,1800,450,wh_dlc08_nor_mon_frost_wyrm_ror_0,wh_dlc08_nor_mon_frost_wyrm_ror_0,wh_dlc08_flying_chaos_frost_dragon_blood,wh_dlc08_flying_chaos_frost_dragon_blood,,,wh_dlc08_nor_wyrm,,,2026-08-26T04:13:50.342Z,complete,
warhammer_3,8.1.1,24237342,ultra,Norsca,wh_dlc08_nor_norsca,wh_dlc08_sc_nor_norsca,wh_main_group_norsca,race_core,false,1,1,,wh_dlc08_nor_mon_norscan_giant_0,Norscan Giant,monster,inf_mel,monster,4,very_heavy,true,false,1,1,1,12620,12620,0,man,very_large,true,true,50,0,30,100,0,15,0,0,0,65,200,500,40,0,0,4,7,false,false,3.9,6500,false,,,,,,,,,,,,,,,,,,,,,,,,,,,,,,,,,,,1400,1500,375,wh_dlc08_nor_mon_norscan_giant_0,wh_dlc08_nor_mon_norscan_giant_0,wh_main_monster_giant_blood,wh_main_monster_giant_blood,,,wh_main_club_giant,,,2026-08-26T04:13:50.342Z,complete,
warhammer_3,8.1.1,24237342,ultra,Norsca,wh_dlc08_nor_norsca,wh_dlc08_sc_nor_norsca,wh_main_group_norsca,race_core,false,1,1,,wh_dlc08_nor_mon_norscan_ice_trolls_0,Norscan Ice Trolls,infantry,inf_mel,monstrous_infantry,2,medium,true,false,16,16,16,494,7904,0,man,large,true,false,60,0,32,45,0,0,0,0,-25,38,40,80,34,0,0,4,4,false,false,5.4,1500,false,,,,,,,,,,,,,,,,,,,,,,,,,,,,,,,,,,,950,950,238,wh_dlc08_nor_mon_norscan_ice_trolls_0,wh_dlc08_nor_mon_norscan_ice_trolls_0,wh_main_monster_troll_ice_blood,wh_main_monster_troll_ice_blood,,,wh_dlc08_club_ice_troll,,,2026-08-26T04:13:50.342Z,complete,
warhammer_3,8.1.1,24237342,ultra,Norsca,wh_dlc08_nor_norsca,wh_dlc08_sc_nor_norsca,wh_main_group_norsca,race_core,false,1,1,,wh_dlc08_nor_mon_skinwolves_0,Skin Wolves,infantry,inf_mel,melee_infantry,2,heavy,true,false,24,24,24,309,7416,0,man,large,true,false,15,0,28,60,20,0,0,0,0,32,40,20,32,0,30,4,3,false,false,7.5,1300,false,,,,,,,,,,,,,,,,,,,,,,,,,,,,,,,,,,,950,950,238,wh_dlc08_nor_mon_skinwolves_0,wh_dlc08_nor_mon_skinwolves_0,wh_dlc08_nor_skin_wolf_blood,wh_dlc08_nor_skin_wolf_blood,,,wh_dlc08_nor_skinwolves_claws,,,2026-08-26T04:13:50.342Z,complete,
warhammer_3,8.1.1,24237342,ultra,Norsca,wh_dlc08_nor_norsca,wh_dlc08_sc_nor_norsca,wh_main_group_norsca,race_core,false,1,1,,wh_dlc08_nor_mon_skinwolves_1,Skin Wolves (Armoured),infantry,inf_mel,melee_infantry,3,heavy,true,false,24,24,24,309,7416,0,man,large,true,false,70,0,28,60,20,0,0,0,0,32,40,20,32,0,30,4,3,false,false,6.5,1400,false,,,,,,,,,,,,,,,,,,,,,,,,,,,,,,,,,,,1100,1100,275,wh_dlc08_nor_mon_skinwolves_1,wh_dlc08_nor_mon_skinwolves_1,wh_dlc08_nor_skin_wolf_blood_armoured,wh_dlc08_nor_skin_wolf_blood_armoured,,,wh_dlc08_nor_skinwolves_claws,,,2026-08-26T04:13:50.342Z,complete,
warhammer_3,8.1.1,24237342,ultra,Norsca,wh_dlc08_nor_norsca,wh_dlc08_sc_nor_norsca,wh_main_group_norsca,race_core,false,1,1,,wh_dlc08_nor_mon_war_mammoth_0,Feral Mammoth,monster,inf_mel,monster,4,super_heavy,true,false,1,1,1,12988,12988,0,man,very_large,true,true,50,0,28,60,0,15,0,0,0,30,155,370,68,34,0,3.5,5,false,false,5.6,6000,false,,,,,,,,,,,,,,,,,,,,,,,,,,,,,,,,,,,1300,1350,362,wh_dlc08_nor_mon_war_mammoth_0,wh_dlc08_nor_mon_war_mammoth_0,wh_dlc08_nor_mon_mammoth_blood,wh_dlc08_nor_mon_mammoth_blood,,,wh_dlc08_nor_mammoth_tusks,,,2026-08-26T04:13:50.342Z,complete,
warhammer_3,8.1.1,24237342,ultra,Norsca,wh_dlc08_nor_norsca,wh_dlc08_sc_nor_norsca,wh_main_group_norsca,race_core,false,1,1,,wh_dlc08_nor_mon_war_mammoth_1,War Mammoth,monster,inf_mel,monster,5,super_heavy,true,false,1,1,6,14096,14096,0,mount,very_large,true,true,80,0,30,65,0,15,0,0,0,34,155,370,68,34,0,3.5,5,false,false,5.6,6500,true,10,0,90,8,18,8,0,25,1,1,1,0,46,0,10,55,2.3,false,false,small_arm_default,low,150,false,true,false,,,,,,,,,,1800,1900,475,wh_dlc08_nor_mon_war_mammoth_1,wh_dlc08_nor_mon_war_mammoth_1,wh_dlc08_nor_mon_mammoth_howdah_blood,wh_main_infantry_rider,wh_dlc08_nor_mon_mammoth_howdah_blood,,wh_dlc08_nor_mammoth_tusks,wh2_dlc17_nor_javelin_heavy_anti_large,wh2_dlc17_nor_javelin_heavy_anti_large,2026-08-26T04:13:50.342Z,complete,
warhammer_3,8.1.1,24237342,ultra,Norsca,wh_dlc08_nor_norsca,wh_dlc08_sc_nor_norsca,wh_main_group_norsca,race_core,false,1,1,,wh_dlc08_nor_mon_war_mammoth_2,War Mammoth (Warshrine),monster,inf_mel,monster,5,super_heavy,true,false,1,1,1,14136,14136,0,mount,very_large,true,true,80,0,30,65,0,15,0,0,0,34,155,370,68,34,0,3.5,5,false,false,5.6,6500,false,,,,,,,,,,,,,,,,,,,,,,,,,,,,,,,,,,,2000,1900,475,wh_dlc08_nor_mon_war_mammoth_2,wh_dlc08_nor_mon_war_mammoth_2,wh_dlc08_nor_mon_mammoth_warshrine_blood,wh_main_infantry_rider,wh_dlc08_nor_mon_mammoth_warshrine_blood,,wh_dlc08_nor_mammoth_tusks,,,2026-08-26T04:13:50.342Z,complete,
warhammer_3,8.1.1,24237342,ultra,Norsca,wh_dlc08_nor_norsca,wh_dlc08_sc_nor_norsca,wh_main_group_norsca,race_core,false,1,0,,wh_dlc08_nor_mon_war_mammoth_boss,The Great Mawherd of Bloodfjord (Feral Mammoths),monster,inf_mel,monster,5,super_heavy,false,true,5,5,5,3408,17040,0,man,large,true,false,50,0,30,100,0,55,0,95,0,34,155,370,93,34,0,3.5,5,false,false,5.6,6500,false,,,,,,,,,,,,,,,,,,,,,,,,,,,,,,,,,,,5000,1700,425,wh_dlc08_nor_mon_war_mammoth_boss,wh_dlc08_nor_mon_war_mammoth_boss,wh_dlc08_nor_mon_mammoth_ror_blood,wh_dlc08_nor_mon_mammoth_ror_blood,,,wh_dlc08_nor_mammoth_tusks,,,2026-08-26T04:13:50.342Z,complete,
warhammer_3,8.1.1,24237342,ultra,Norsca,wh_dlc08_nor_norsca,wh_dlc08_sc_nor_norsca,wh_main_group_norsca,race_core,false,1,1,,wh_dlc08_nor_mon_war_mammoth_ror_1,The Great Mawherd of Bloodfjord (Feral Mammoths),monster,inf_mel,monster,5,super_heavy,false,true,5,5,5,2692,13460,0,man,large,true,false,50,0,20,50,0,30,0,0,0,34,30,100,73,17,0,3.2,5,false,false,5.6,6500,false,,,,,,,,,,,,,,,,,,,,,,,,,,,,,,,,,,,2000,2000,500,wh_dlc08_nor_mon_war_mammoth_ror_1,wh_dlc08_nor_mon_war_mammoth_ror_1,wh_dlc08_nor_mon_mammoth_ror_blood,wh_dlc08_nor_mon_mammoth_ror_blood,,,wh_dlc08_nor_mammoth_tusks_ror,,,2026-08-26T04:13:50.342Z,complete,
warhammer_3,8.1.1,24237342,ultra,Norsca,wh_dlc08_nor_norsca,wh_dlc08_sc_nor_norsca,wh_main_group_norsca,race_core,false,1,1,,wh_dlc08_nor_mon_warwolves_0,Norscan Ice Wolves,infantry,inf_mel,war_beast,2,medium,true,false,48,48,48,143,6864,0,man,medium,false,false,15,0,21,45,0,15,0,0,0,30,32,16,38,0,0,4,1,false,false,9.5,700,false,,,,,,,,,,,,,,,,,,,,,,,,,,,,,,,,,,,600,600,150,wh_dlc08_nor_mon_warwolves_0,wh_dlc08_nor_mon_marauder_warwolves_0,wh_dlc08_nor_war_wolf_blood,wh_dlc08_nor_war_wolf_blood,,,wh_dlc08_nor_warwolf_claw,,,2026-08-26T04:13:50.342Z,complete,
warhammer_3,8.1.1,24237342,ultra,Norsca,wh_dlc08_nor_norsca,wh_dlc08_sc_nor_norsca,wh_main_group_norsca,race_core,false,1,1,,wh_dlc08_nor_veh_marauder_warwolves_chariot_0,Marauder Ice Wolf Chariots,monster,chariot,chariot,2,very_heavy,true,false,4,4,8,1488,5952,0,engine,large,true,false,90,0,32,70,0,0,0,0,0,34,50,25,76,18,0,4,3,false,false,9.5,2000,true,10,12,70,10,24,80,0,0,1,1,1,0,32,0,10,40,2,false,false,small_arm_default,low,140,false,true,false,,,,,,,,,,1050,1050,263,wh_dlc08_nor_veh_marauder_warwolves_chariot_0,wh_dlc08_nor_cav_marauder_warwolves_chariot_0,wh_dlc08_vehicle_nor_war_wolf_chariot,wh_nor_chariot_rider_throwing_axe_180,wh_dlc08_nor_war_wolf_blood_draught,wh_dlc08_vehicle_nor_war_wolf_chariot,wh_dlc08_nor_warwolf_chariot,wh_dlc08_nor_cav_marauder_warwolves_chariot_throwing_axe,wh_dlc08_nor_cav_marauder_warwolves_chariot_throwing_axe,2026-08-26T04:13:50.342Z,complete,
warhammer_3,8.1.1,24237342,ultra,Norsca,wh_dlc08_nor_norsca,wh_dlc08_sc_nor_norsca,wh_main_group_norsca,race_core,false,1,1,,wh_main_nor_cav_chaos_chariot,Marauder Chariots,monster,chariot,generic,2,heavy,true,false,4,4,8,1394,5576,0,engine,large,true,false,90,0,28,70,0,0,0,0,0,22,29,11,76,18,0,4,3,false,false,7.8,1500,false,,,,,,,,,,,,,,,,,,,,,,,,,,,,,,,,,,,750,750,188,wh_main_nor_cav_chaos_chariot,wh_main_nor_cav_chaos_chariot,wh_main_vehicle_chs_chariot,wh_main_cavalry_rider_standard_blood,wh3_dlc20_chs_mnt_chaos_steed_chariots,wh_main_vehicle_chs_chariot,wh_main_chs_chariot,,,2026-08-26T04:13:50.342Z,complete,
warhammer_3,8.1.1,24237342,ultra,Norsca,wh_dlc08_nor_norsca,wh_dlc08_sc_nor_norsca,wh_main_group_norsca,race_core,false,1,1,,wh_main_nor_cav_marauder_horsemen_0,Marauder Horsemen,monster,cav_mis,melee_cavalry,2,medium,true,false,60,60,60,83,4980,0,mount,medium,false,false,15,0,20,48,0,0,0,0,0,22,19,5,24,0,0,5,1,false,false,9,500,true,10,16,80,9,15,7,0,0,1,1,1,0,46,0,10,50,2.3,false,false,small_arm_default,low,140,false,true,false,,,,,,,,,,550,525,131,wh_main_nor_cav_marauder_horsemen_0,wh_main_nor_cav_marauder_horsemen_0,wh3_dlc20_chs_mnt_norscan_warhorse_horsemen,wh3_dlc20_marauder_horsemen_rider_blood,wh3_dlc20_chs_mnt_norscan_warhorse_horsemen,,wh_main_chs_marauder_horsemen_spear,wh_main_chs_javelin,wh_chs_javelin,2026-08-26T04:13:50.342Z,complete,
warhammer_3,8.1.1,24237342,ultra,Norsca,wh_dlc08_nor_norsca,wh_dlc08_sc_nor_norsca,wh_main_group_norsca,race_core,false,1,1,,wh_main_nor_cav_marauder_horsemen_1,Marauder Horsemen (Throwing Axes),monster,cav_mis,missile_cavalry,2,medium,true,false,60,60,60,83,4980,0,mount,medium,false,false,15,30,26,48,0,0,0,0,0,22,19,5,24,0,0,5,1,false,false,9,500,true,10,12,70,10,6,21,0,0,1,1,1,0,32,0,10,40,2,false,false,small_arm_default,low,140,false,true,false,,,,,,,,,,600,625,156,wh_main_nor_cav_marauder_horsemen_1,wh_main_nor_cav_marauder_horsemen_1,wh3_dlc20_chs_mnt_norscan_warhorse_horsemen,wh3_dlc20_marauder_horsemen_rider_blood,wh3_dlc20_chs_mnt_norscan_warhorse_horsemen,,wh_main_chs_marauder_horsemen_spear,wh_main_chs_throwing_axe,wh_chs_throwing_axe,2026-08-26T04:13:50.342Z,complete,
warhammer_3,8.1.1,24237342,ultra,Norsca,wh_dlc08_nor_norsca,wh_dlc08_sc_nor_norsca,wh_main_group_norsca,race_core,false,1,0,,wh_main_nor_cha_chaos_sorcerer_0,Chaos Sorcerer (Metal),character,com,hero,0,heavy,false,false,1,1,1,3360,3360,0,man,small,false,true,80,0,26,60,0,15,0,0,0,38,210,90,20,0,0,4,3,false,false,3.3,1000,false,,,,,,,,,,,,,,,,,,,,,,,,,,,,,,,,,,,450,1000,250,wh_main_nor_cha_chaos_sorcerer_0,wh_main_nor_cha_chaos_sorcerer_0,wh3_dlc20_chs_cha_chaos_sorcerer_metal,wh3_dlc20_chs_cha_chaos_sorcerer_metal,,,wh_main_emp_sword_caster,,,2026-08-26T04:13:50.342Z,complete,
warhammer_3,8.1.1,24237342,ultra,Norsca,wh_dlc08_nor_norsca,wh_dlc08_sc_nor_norsca,wh_main_group_norsca,race_core,false,1,0,,wh_main_nor_cha_chaos_sorcerer_1,Chaos Sorcerer (Metal),character,com,hero,0,heavy,false,false,1,1,1,3740,3740,0,mount,medium,false,true,90,0,40,60,0,15,0,0,0,42,220,95,40,0,0,4,3,false,false,9,1300,false,,,,,,,,,,,,,,,,,,,,,,,,,,,,,,,,,,,550,1100,275,wh_main_nor_cha_chaos_sorcerer_1,wh_main_nor_cha_chaos_sorcerer_1,wh3_dlc20_chs_mnt_norscan_warhorse_lords,wh3_dlc20_chs_cha_chaos_sorcerer_metal,wh3_dlc20_chs_mnt_norscan_warhorse_lords,,wh_main_chs_sword_caster_hero,,,2026-08-26T04:13:50.342Z,complete,
warhammer_3,8.1.1,24237342,ultra,Norsca,wh_dlc08_nor_norsca,wh_dlc08_sc_nor_norsca,wh_main_group_norsca,race_core,false,1,0,,wh_main_nor_cha_chaos_sorcerer_2,Chaos Sorcerer (Metal),character,com,hero,0,heavy,false,false,1,1,2,4116,4116,0,engine,large,true,true,90,0,16,60,0,15,0,0,0,26,100,200,60,26,0,4,3,false,false,7.8,1500,false,,,,,,,,,,,,,,,,,,,,,,,,,,,,,,,,,,,650,1200,300,wh_main_nor_cha_chaos_sorcerer_2,wh_main_nor_cha_chaos_sorcerer_2,wh_main_vehicle_chs_chariot,wh3_dlc20_chs_cha_chaos_sorcerer_metal,wh3_dlc20_chs_mnt_norscan_warhorse_lords,wh_main_vehicle_chs_chariot,wh_main_chs_chariot_caster_hero,,,2026-08-26T04:13:50.342Z,complete,
warhammer_3,8.1.1,24237342,ultra,Norsca,wh_dlc08_nor_norsca,wh_dlc08_sc_nor_norsca,wh_main_group_norsca,race_core,false,1,1,,wh_main_nor_cha_marauder_chieftan_0,Marauder Chieftain,character,com,lord,0,heavy,false,false,1,1,1,4268,4268,0,man,small,false,true,50,35,40,70,0,15,0,0,0,60,300,150,55,0,0,4,5,false,false,3.5,600,false,,,,,,,,,,,,,,,,,,,,,,,,,,,,,,,,,,,700,700,200,wh_main_nor_cha_marauder_chieftan_0,wh_main_nor_cha_marauder_chieftan_0,wh_main_nor_infantry_standard_large_fast_hero_blood_dismembers,wh_main_nor_infantry_standard_large_fast_hero_blood_dismembers,,,wh_dlc08_nor_axe_lord,,,2026-08-26T04:13:50.342Z,complete,
warhammer_3,8.1.1,24237342,ultra,Norsca,wh_dlc08_nor_norsca,wh_dlc08_sc_nor_norsca,wh_main_group_norsca,race_core,false,1,1,,wh_main_nor_cha_marauder_chieftan_1,Marauder Chieftain,character,com,lord,0,heavy,false,false,1,1,1,4668,4668,0,mount,medium,false,true,50,35,40,70,0,15,0,0,0,60,300,150,65,0,0,4,5,false,false,9,1300,false,,,,,,,,,,,,,,,,,,,,,,,,,,,,,,,,,,,900,900,220,wh_main_nor_cha_marauder_chieftan_1,wh_main_nor_cha_marauder_chieftan_1,wh3_dlc20_chs_mnt_norscan_warhorse_lords,wh_main_infantry_standard_hero_blood,wh3_dlc20_chs_mnt_norscan_warhorse_lords,,wh_dlc08_nor_axe_lord,,,2026-08-26T04:13:50.342Z,complete,
warhammer_3,8.1.1,24237342,ultra,Norsca,wh_dlc08_nor_norsca,wh_dlc08_sc_nor_norsca,wh_main_group_norsca,race_core,false,1,1,,wh_main_nor_cha_marauder_chieftan_2,Marauder Chieftain,character,com,lord,0,heavy,false,false,1,1,2,4956,4956,0,engine,large,true,true,90,35,20,70,0,15,0,0,0,38,145,275,90,20,0,4,4,false,false,7.8,1500,false,,,,,,,,,,,,,,,,,,,,,,,,,,,,,,,,,,,1100,1100,275,wh_main_nor_cha_marauder_chieftan_2,wh_main_nor_cha_marauder_chieftan_2,wh_main_vehicle_chs_chariot,wh_main_infantry_standard_hero_blood,wh3_dlc20_chs_mnt_chaos_steed_chariots,wh_main_vehicle_chs_chariot,wh_main_chs_chariot_hero,,,2026-08-26T04:13:50.342Z,complete,
warhammer_3,8.1.1,24237342,ultra,Norsca,wh_dlc08_nor_norsca,wh_dlc08_sc_nor_norsca,wh_main_group_norsca,race_core,false,1,1,,wh_main_nor_cha_marauder_chieftan_3,Marauder Chieftain,character,com,lord,0,heavy,false,false,1,1,1,14096,14096,0,mount,very_large,true,true,80,0,30,70,0,15,0,0,0,34,155,370,68,34,0,3.5,5,false,false,5.6,6500,false,,,,,,,,,,,,,,,,,,,,,,,,,,,,,,,,,,,1900,1900,475,wh_main_nor_cha_marauder_chieftan_3,wh_main_nor_cha_marauder_chieftan_3,wh_dlc08_nor_mon_mammoth_howdah_blood,wh_main_infantry_standard_hero_blood,wh_dlc08_nor_mon_mammoth_howdah_blood,,wh_dlc08_nor_mammoth_tusks,,,2026-08-26T04:13:50.342Z,complete,
warhammer_3,8.1.1,24237342,ultra,Norsca,wh_dlc08_nor_norsca,wh_dlc08_sc_nor_norsca,wh_main_group_norsca,race_core,false,1,1,,wh_main_nor_inf_chaos_marauders_0,Marauders,infantry,inf_mel,melee_infantry,1,medium,true,false,120,120,120,78,9360,0,man,small,false,false,15,35,28,60,0,0,0,0,0,34,21,7,18,0,0,4.2,1,false,false,3.5,100,false,,,,,,,,,,,,,,,,,,,,,,,,,,,,,,,,,,,400,400,100,wh_main_nor_inf_chaos_marauders_0,wh_main_nor_inf_chaos_marauders_0,wh_main_chs_infantry_fast_blood_dismembers,wh_main_chs_infantry_fast_blood_dismembers,,,wh_main_chs_axe_marauders,,,2026-08-26T04:13:50.342Z,complete,
warhammer_3,8.1.1,24237342,ultra,Norsca,wh_dlc08_nor_norsca,wh_dlc08_sc_nor_norsca,wh_main_group_norsca,race_core,false,1,1,,wh_main_nor_inf_chaos_marauders_1,Marauders (Great Weapons),infantry,inf_mel,melee_infantry,2,medium,true,false,120,120,120,78,9360,0,man,small,false,false,15,0,20,60,0,0,0,0,0,34,7,23,22,0,0,4.6,1,false,false,3.5,100,false,,,,,,,,,,,,,,,,,,,,,,,,,,,,,,,,,,,475,475,119,wh_main_nor_inf_chaos_marauders_1,wh_main_nor_inf_chaos_marauders_1,wh_main_chs_infantry_fast_blood_dismembers,wh_main_chs_infantry_fast_blood_dismembers,,,wh_main_chs_axe_great_marauders,,,2026-08-26T04:13:50.342Z,complete,
warhammer_3,8.1.1,24237342,ultra,Norsca,wh_dlc08_nor_norsca,wh_dlc08_sc_nor_norsca,wh_main_group_norsca,race_core,false,1,1,,wh_main_nor_mon_chaos_trolls,Norscan Trolls,infantry,inf_mel,monstrous_infantry,2,medium,true,false,16,16,16,494,7904,0,man,large,true,false,40,0,32,45,0,0,0,0,0,34,30,70,24,0,0,3.8,4,false,false,5.4,1500,false,,,,,,,,,,,,,,,,,,,,,,,,,,,,,,,,,,,750,800,200,wh_main_nor_mon_chaos_trolls,wh_main_nor_mon_chaos_trolls,wh_main_monster_troll_blood,wh_main_monster_troll_blood,,,wh_main_club_troll,,,2026-08-26T04:13:50.342Z,complete,
warhammer_3,8.1.1,24237342,ultra,Norsca,wh_dlc08_nor_norsca,wh_dlc08_sc_nor_norsca,wh_main_group_norsca,race_core,false,1,1,,wh_main_nor_mon_chaos_warhounds_0,Norscan Warhounds,infantry,inf_mel,war_beast,1,medium,true,false,80,80,80,76,6080,0,man,small,false,false,15,0,17,38,0,15,0,0,0,26,19,3,20,0,0,4.3,1,false,false,9.5,150,false,,,,,,,,,,,,,,,,,,,,,,,,,,,,,,,,,,,400,400,100,wh_main_nor_mon_chaos_warhounds_0,wh_main_nor_mon_chaos_warhounds_0,wh_main_chs_monster_warhound_blood,wh_main_chs_monster_warhound_blood,,,wh_main_chs_warhound,,,2026-08-26T04:13:50.342Z,complete,
warhammer_3,8.1.1,24237342,ultra,Norsca,wh_dlc08_nor_norsca,wh_dlc08_sc_nor_norsca,wh_main_group_norsca,race_core,false,1,1,,wh_main_nor_mon_chaos_warhounds_1,Norscan Warhounds (Poison),infantry,inf_mel,war_beast,1,medium,false,false,80,80,80,76,6080,0,man,small,false,false,15,0,17,38,0,15,0,0,0,26,19,3,20,0,0,4.3,1,false,false,9.5,150,false,,,,,,,,,,,,,,,,,,,,,,,,,,,,,,,,,,,450,450,113,wh_main_nor_mon_chaos_warhounds_1,wh_main_nor_mon_chaos_warhounds_1,wh_main_chs_monster_warhound_blood,wh_main_chs_monster_warhound_blood,,,wh_main_chs_warhound_poison,,,2026-08-26T04:13:50.342Z,complete,
