faction_key,character_id,member_id,agent_type,subtype_key,force_id,is_primary,world_x,world_y,logical_x,logical_y,esf_offset
wh2_dlc09_skv_clan_rictus,96,98,general,wh2_dlc09_skv_tretch_craventail,53,1,555.8037719726562,407.2878112792969,832,528,4049940
wh2_dlc09_skv_clan_rictus,97,99,spy,wh2_main_skv_assassin,0,0,554.4677124023438,404.2023010253906,830,524,4050381
wh2_dlc09_skv_clan_rictus,514,523,colonel,wh2_main_skv_warlord,412,0,563.8201293945312,401.1167907714844,844,520,4050825
wh2_dlc09_tmb_exiles_of_nehek,108,110,general,wh2_dlc09_tmb_khatep,59,1,15.364767074584961,511.8096008300781,23,663,4318383
wh2_dlc09_tmb_exiles_of_nehek,109,111,wizard,wh2_dlc09_tmb_liche_priest_light,0,0,14.028700828552246,508.7240905761719,21,659,4318822
wh2_dlc09_tmb_exiles_of_nehek,520,529,colonel,wh2_dlc09_tmb_tomb_king,418,0,10.688533782958984,501.39599609375,16,650,4319237
wh2_dlc09_tmb_followers_of_nagash,110,112,general,wh2_dlc09_tmb_arkhan,60,1,298.61090087890625,233.3419952392578,447,302,4361281
wh2_dlc09_tmb_followers_of_nagash,111,113,champion,wh2_dlc09_tmb_tomb_prince,0,0,296.6068115234375,232.956298828125,444,302,4361703
wh2_dlc09_tmb_followers_of_nagash,521,530,colonel,wh2_dlc09_tmb_tomb_king,419,0,291.9305725097656,207.88650512695312,437,269,4362135
wh2_dlc09_tmb_followers_of_nagash,522,531,colonel,wh2_dlc09_tmb_tomb_king,420,0,280.5740051269531,238.35594177246094,420,309,4362532
wh2_dlc09_tmb_khemri,104,106,general,wh2_dlc09_tmb_settra,57,1,417.5208435058594,224.85682678222656,625,291,4232377
wh2_dlc09_tmb_khemri,105,107,champion,wh2_dlc09_tmb_tomb_prince,0,0,413.5126647949219,227.17095947265625,619,294,4232796
wh2_dlc09_tmb_khemri,518,527,colonel,wh2_dlc09_tmb_tomb_king,416,0,408.83642578125,222.92837524414062,612,289,4233210
wh2_dlc09_tmb_lybaras,106,108,general,wh2_dlc09_tmb_khalida,58,1,535.7627563476562,235.2704315185547,802,305,4276112
wh2_dlc09_tmb_lybaras,107,109,wizard,wh2_dlc09_tmb_liche_priest_nehekhara,0,0,537.766845703125,237.9702606201172,805,308,4276552
wh2_dlc09_tmb_lybaras,519,528,colonel,wh2_dlc09_tmb_tomb_king,417,0,551.1275024414062,244.9126739501953,825,317,4276956
wh2_dlc11_cst_noctilus,114,116,general,wh2_dlc11_cst_noctilus,62,1,120.24600219726562,398.0312805175781,180,516,4453235
wh2_dlc11_cst_noctilus,115,117,engineer,wh2_dlc11_cst_gunnery_wight,0,0,118.9099349975586,394.17437744140625,178,511,4453680
wh2_dlc11_cst_noctilus,524,533,colonel,wh2_dlc11_cst_admiral_vampires,422,0,171.6845703125,345.9632263183594,257,448,4454102
wh2_dlc11_cst_pirates_of_sartosa,118,120,general,wh2_dlc11_cst_aranessa,64,1,339.3609619140625,307.0086364746094,508,398,4542049
wh2_dlc11_cst_pirates_of_sartosa,119,121,engineer,wh2_dlc11_cst_gunnery_wight,0,0,336.6888122558594,307.7799987792969,504,399,4542484
wh2_dlc11_cst_pirates_of_sartosa,526,535,colonel,wh2_dlc11_cst_admiral_vampires,424,0,328.67242431640625,300.83758544921875,492,390,4542914
wh2_dlc11_cst_the_drowned,116,118,general,wh2_dlc11_cst_cylostra,63,1,130.26651000976562,546.5216064453125,195,708,4497344
wh2_dlc11_cst_the_drowned,117,119,spy,wh2_dlc11_cst_ghost_paladin,0,0,132.27059936523438,545.3645629882812,198,707,4497763
wh2_dlc11_cst_the_drowned,525,534,colonel,wh2_dlc11_cst_admiral_vampires,423,0,138.95094299316406,533.7938842773438,208,692,4498205
wh2_dlc11_cst_vampire_coast,112,114,general,wh2_dlc11_cst_harkon,61,1,188.38540649414062,207.5008087158203,282,269,4408076
wh2_dlc11_cst_vampire_coast,113,115,engineer,wh2_dlc11_cst_gunnery_wight,0,0,185.71327209472656,208.27218627929688,278,270,4408515
wh2_dlc11_cst_vampire_coast,523,532,colonel,wh2_dlc11_cst_admiral_vampires,421,0,184.37721252441406,202.1011505126953,276,262,4408944
wh2_dlc11_def_the_blessed_dread,84,85,general,wh2_dlc11_def_lokhir,46,1,896.5007934570312,456.6560363769531,1342,592,3821950
wh2_dlc11_def_the_blessed_dread,85,86,general,wh2_main_def_black_ark_blessed_dread,47,0,911.8655395507812,459.3558654785156,1365,595,3822393
wh2_dlc11_def_the_blessed_dread,86,87,wizard,wh2_dlc10_def_sorceress_death,0,0,898.5048828125,457.0417175292969,1345,592,3822826
wh2_dlc11_def_the_blessed_dread,508,517,colonel,wh2_main_def_dreadlord,406,0,903.1810913085938,479.7973937988281,1352,622,3823254
wh2_dlc11_vmp_the_barrow_legion,156,158,general,wh_main_vmp_heinrich_kemmler,83,1,301.9510803222656,477.4832763671875,452,619,5390306
wh2_dlc11_vmp_the_barrow_legion,157,159,wizard,wh_main_vmp_necromancer,0,0,301.2830505371094,477.86895751953125,451,619,5390726
wh2_dlc11_vmp_the_barrow_legion,546,555,colonel,wh_main_vmp_lord,444,0,305.291259765625,480.9544677734375,457,623,5391141
wh2_dlc12_lzd_cult_of_sotek,71,72,general,wh2_dlc12_lzd_tehenhauin,39,1,141.62307739257812,86.3943862915039,212,112,3517507
wh2_dlc12_lzd_cult_of_sotek,72,73,champion,wh2_main_lzd_saurus_scar_veteran,0,0,144.2952117919922,85.62300872802734,216,111,3517922
wh2_dlc12_lzd_cult_of_sotek,502,511,colonel,wh2_main_lzd_saurus_old_blood,400,0,160.99603271484375,84.4659423828125,241,109,3518352
wh2_dlc13_emp_golden_order,121,123,general,wh_main_emp_balthasar_gelt,66,1,759.553955078125,348.2773742675781,1137,451,4636160
wh2_dlc13_emp_golden_order,122,124,champion,wh_main_emp_captain,0,0,758.8859252929688,350.205810546875,1136,454,4636566
wh2_dlc13_emp_the_huntmarshals_expedition,125,127,general,wh2_dlc13_emp_cha_markus_wulfhart,68,1,86.17630004882812,278.8533020019531,129,361,4721545
wh2_dlc13_emp_the_huntmarshals_expedition,530,539,colonel,wh_main_emp_lord,428,0,101.54106903076172,282.32452392578125,152,366,4721968
wh2_dlc13_lzd_spirits_of_the_jungle,75,76,general,wh2_dlc13_lzd_nakai,41,1,876.4597778320312,284.6386413574219,1312,369,3606617
wh2_dlc13_lzd_spirits_of_the_jungle,76,77,wizard,wh2_main_lzd_skink_priest_heavens,0,0,872.4515991210938,285.4100341796875,1306,370,3607062
wh2_dlc14_brt_chevaliers_de_lyonesse,201,204,general,wh2_dlc14_brt_repanse,105,1,325.3322448730469,258.7974548339844,487,335,6346612
wh2_dlc14_brt_chevaliers_de_lyonesse,202,205,champion,wh2_dlc14_brt_henri_le_massif,0,0,321.9920654296875,259.18316650390625,482,336,6347042
wh2_dlc14_brt_chevaliers_de_lyonesse,559,568,colonel,wh_main_brt_lord,457,0,315.9797668457031,263.42572021484375,473,341,6347461
wh2_dlc15_grn_bonerattlaz,146,148,general,wh_main_grn_azhag_the_slaughterer,78,1,529.7504272460938,534.1795654296875,793,692,5165041
wh2_dlc15_grn_bonerattlaz,147,149,wizard,wh_main_grn_orc_shaman,0,0,531.0865478515625,531.8654174804688,795,689,5165451
wh2_dlc15_grn_bonerattlaz,540,549,colonel,wh3_dlc26_grn_savage_orc_great_shaman,438,0,534.4266967773438,521.4518432617188,800,676,5165886
wh2_dlc15_grn_broken_axe,150,152,general,wh2_dlc15_grn_grom_the_paunch,80,1,292.5986022949219,431.971923828125,438,560,5253620
wh2_dlc15_grn_broken_axe,151,153,runesmith,wh2_dlc15_grn_river_troll_hag,0,0,297.27484130859375,430.0434875488281,445,557,5254058
wh2_dlc15_grn_broken_axe,542,551,colonel,wh_main_grn_orc_warboss,440,0,305.95928955078125,437.37158203125,458,567,5254472
wh2_dlc15_hef_imrik,61,62,general,wh2_dlc15_hef_imrik,34,1,573.172607421875,330.9213562011719,858,429,3299814
wh2_dlc15_hef_imrik,62,63,wizard,wh2_dlc15_hef_mage_fire,0,0,575.1766967773438,330.5356750488281,861,428,3300241
wh2_dlc15_hef_imrik,498,507,colonel,wh2_main_hef_prince,396,0,593.8816528320312,338.24945068359375,889,438,3300658
wh2_dlc16_wef_drycha,193,196,general,wh2_dlc16_wef_drycha,101,1,444.91021728515625,521.4518432617188,666,676,6171987
wh2_dlc16_wef_drycha,194,197,spy,wh_dlc05_wef_waystalker,0,0,445.5782470703125,522.60888671875,667,677,6172416
wh2_dlc16_wef_drycha,555,564,colonel,wh2_dlc16_wef_malicious_ancient_treeman_beasts,453,0,446.914306640625,526.4657592773438,669,682,6172837
wh2_dlc16_wef_sisters_of_twilight,191,194,general,wh2_dlc16_wef_sisters_of_twilight,100,1,54.11070251464844,519.5233764648438,81,673,6128502
wh2_dlc16_wef_sisters_of_twilight,192,195,wizard,wh_dlc05_wef_spellsinger_beasts,0,0,53.44266891479492,515.2808227539062,80,668,6128931
wh2_dlc16_wef_sisters_of_twilight,554,563,colonel,wh_dlc05_wef_glade_lord,452,0,44.09020233154297,509.1097717285156,66,660,6129363
wh2_dlc17_bst_malagor,181,184,general,wh_dlc03_bst_malagor,95,1,437.5618591308594,278.8533020019531,655,361,5915065
wh2_dlc17_bst_malagor,182,185,champion,wh_dlc03_bst_gorebull,0,0,440.9020080566406,278.4676208496094,660,361,5915491
wh2_dlc17_bst_taurox,185,188,general,wh2_dlc17_bst_taurox,97,1,65.46726989746094,562.3348999023438,98,729,5995737
wh2_dlc17_bst_taurox,186,189,wizard,wh_dlc03_bst_bray_shaman_wild,0,0,62.795135498046875,561.5635375976562,94,728,5996163
wh2_dlc17_dwf_thorek_ironbrow,139,141,general,wh2_dlc17_dwf_thorek,74,1,459.6069641113281,175.1029052734375,688,227,4988166
wh2_dlc17_dwf_thorek_ironbrow,140,142,runesmith,wh_main_dwf_runesmith,0,0,457.60284423828125,173.17446899414062,685,224,4988605
wh2_dlc17_dwf_thorek_ironbrow,536,545,colonel,wh_main_dwf_lord,434,0,455.5987548828125,170.47463989257812,682,221,4989019
wh2_dlc17_lzd_oxyotl,65,66,general,wh2_dlc17_lzd_oxyotl,36,1,172.35260009765625,23.91273307800293,258,31,3383844
wh2_dlc17_lzd_oxyotl,66,67,runesmith,wh2_dlc17_lzd_skink_oracle_troglodon,0,0,168.3444061279297,23.91273307800293,252,31,3384246
wh2_dlc17_lzd_oxyotl,499,508,colonel,wh2_main_lzd_saurus_old_blood,397,0,156.9878387451172,17.356014251708984,235,22,3384642
wh2_main_def_cult_of_pleasure,80,81,general,wh2_main_def_morathi,44,1,49.43446731567383,442.771240234375,74,574,3735740
wh2_main_def_cult_of_pleasure,81,82,spy,wh2_main_def_khainite_assassin,0,0,51.438568115234375,445.4710388183594,77,577,3736161
wh2_main_def_cult_of_pleasure,506,515,colonel,wh2_main_def_dreadlord,404,0,48.76643371582031,457.0417175292969,73,592,3736590
wh2_main_def_hag_graef,87,88,general,wh2_dlc14_def_malus_darkblade,48,1,389.46343994140625,718.5390014648438,583,931,3867776
wh2_main_def_hag_graef,88,89,champion,wh2_dlc14_def_master,0,0,392.8036193847656,717.3819580078125,588,930,3868189
wh2_main_def_hag_graef,89,90,general,wh2_main_def_black_ark,49,0,388.79541015625,708.1254272460938,582,918,3868615
wh2_main_def_hag_graef,509,518,colonel,wh2_main_def_dreadlord,407,0,92.85663604736328,607.4605102539062,139,787,3869058
wh2_main_def_har_ganeth,82,83,general,wh2_dlc10_def_crone_hellebron,45,1,132.9386444091797,642.1725463867188,199,832,3778755
wh2_main_def_har_ganeth,83,84,dignitary,wh2_main_def_death_hag,0,0,136.27880859375,640.244140625,204,830,3779184
wh2_main_def_har_ganeth,507,516,colonel,wh2_main_def_dreadlord,405,0,141.62307739257812,637.9299926757812,212,827,3779584
wh2_main_def_naggarond,78,79,general,wh2_main_def_malekith,43,1,66.13529968261719,644.4866943359375,99,835,3692235
wh2_main_def_naggarond,79,80,wizard,wh2_main_def_sorceress_fire,0,0,68.139404296875,639.4727172851562,102,829,3692681
wh2_main_def_naggarond,505,514,colonel,wh2_main_def_dreadlord,403,0,74.81973266601562,627.1306762695312,112,813,3693116
wh2_main_hef_avelorn,54,55,general,wh2_dlc10_hef_alarielle,30,1,175.0247344970703,449.7136535644531,262,583,3165624
wh2_main_hef_avelorn,55,56,dignitary,wh2_dlc10_hef_handmaiden,0,0,176.36080932617188,447.3995056152344,264,580,3166042
wh2_main_hef_avelorn,495,504,colonel,wh2_main_hef_prince,393,0,171.01654052734375,446.62811279296875,256,579,3166469
wh2_main_hef_eataine,50,50,general,wh2_main_hef_tyrion,28,1,166.34030151367188,396.87420654296875,249,514,3077818
wh2_main_hef_eataine,51,51,wizard,wh2_dlc10_hef_mage_heavens,0,0,163.00013732910156,394.17437744140625,244,511,3078241
wh2_main_hef_eataine,493,502,colonel,wh2_main_hef_prince,391,0,169.68048095703125,395.7171630859375,254,513,3078657
wh2_main_hef_nagarythe,56,57,general,wh2_dlc10_hef_alith_anar,31,1,141.62307739257812,587.7904052734375,212,762,3209920
wh2_main_hef_nagarythe,57,58,wizard,wh2_dlc10_hef_mage_shadows,0,0,138.2829132080078,590.4901733398438,207,765,3210364
wh2_main_hef_nagarythe,496,505,colonel,wh2_main_hef_prince,394,0,135.61077880859375,582.7764282226562,203,755,3210768
wh2_main_hef_order_of_loremasters,52,53,general,wh2_main_hef_teclis,29,1,392.1355895996094,55.9249382019043,587,72,3122341
wh2_main_hef_order_of_loremasters,53,54,runesmith,wh2_main_hef_loremaster_of_hoeth,0,0,387.4593505859375,57.85338592529297,580,75,3122749
wh2_main_hef_order_of_loremasters,494,503,colonel,wh2_main_hef_prince,392,0,364.07818603515625,52.83942413330078,545,68,3123187
wh2_main_hef_yvresse,58,59,general,wh2_dlc15_hef_eltharion,32,1,218.44691467285156,439.3000183105469,327,569,3252364
wh2_main_hef_yvresse,59,60,general,wh2_dlc15_hef_archmage_heavens,33,0,211.09854125976562,442.771240234375,316,574,3252790
wh2_main_hef_yvresse,60,61,runesmith,wh2_main_hef_loremaster_of_hoeth,0,0,219.1149444580078,439.68572998046875,328,570,3253220
wh2_main_hef_yvresse,497,506,colonel,wh2_main_hef_prince,395,0,211.09854125976562,442.771240234375,316,574,3253653
wh2_main_lzd_hexoatl,67,68,general,wh2_main_lzd_lord_mazdamundi,37,1,38.07789993286133,380.6752624511719,57,493,3428675
wh2_main_lzd_hexoatl,68,69,champion,wh2_main_lzd_saurus_scar_veteran,0,0,40.082000732421875,376.43267822265625,60,488,3429100
wh2_main_lzd_hexoatl,500,509,colonel,wh2_main_lzd_saurus_old_blood,398,0,46.094303131103516,377.5897521972656,69,489,3429498
wh2_main_lzd_itza,77,78,general,wh2_dlc13_lzd_gor_rok,42,1,100.87303924560547,186.28790283203125,151,241,3647628
wh2_main_lzd_itza,504,513,colonel,wh2_main_lzd_saurus_old_blood,402,0,112.22960662841797,184.3594512939453,168,239,3648053
wh2_main_lzd_last_defenders,69,70,general,wh2_main_lzd_kroq_gar,38,1,482.3200988769531,144.24777221679688,722,187,3473692
wh2_main_lzd_last_defenders,70,71,wizard,wh2_main_lzd_skink_priest_heavens,0,0,480.31597900390625,144.6334686279297,719,187,3474131
wh2_main_lzd_last_defenders,501,510,colonel,wh2_main_lzd_saurus_old_blood,399,0,454.2626953125,152.73294067382812,680,198,3474557
wh2_main_lzd_tlaqua,73,74,general,wh2_dlc12_lzd_tiktaqto,40,1,345.3732604980469,160.83241271972656,517,208,3561780
wh2_main_lzd_tlaqua,74,75,spy,wh2_dlc12_lzd_tlaqua_skink_chief,0,0,342.0330810546875,165.84637451171875,512,215,3562210
wh2_main_lzd_tlaqua,503,512,colonel,wh2_main_lzd_saurus_old_blood,401,0,363.41015625,156.58982849121094,544,203,3562615
wh2_main_skv_clan_eshin,102,104,general,wh2_dlc14_skv_deathmaster_snikch,56,1,822.3490600585938,421.5583190917969,1231,546,4188427
wh2_main_skv_clan_eshin,103,105,wizard,wh2_dlc14_skv_eshin_sorcerer,0,0,819.6769409179688,424.6438293457031,1227,550,4188851
wh2_main_skv_clan_eshin,517,526,colonel,wh2_main_skv_warlord,415,0,801.6400146484375,440.45709228515625,1200,571,4189283
wh2_main_skv_clan_mors,92,93,general,wh2_main_skv_queek_headtaker,51,1,507.0373229980469,295.05224609375,759,382,3957387
wh2_main_skv_clan_mors,93,94,champion,wh2_dlc16_skv_chieftain,0,0,509.7094421386719,295.05224609375,763,382,3957832
wh2_main_skv_clan_mors,511,520,colonel,wh2_main_skv_warlord,409,0,522.402099609375,296.980712890625,782,385,3958251
wh2_main_skv_clan_moulder,100,102,general,wh2_dlc16_skv_throt_the_unclean,55,1,458.9389343261719,620.573974609375,687,804,4139369
wh2_main_skv_clan_moulder,101,103,runesmith,wh2_dlc16_skv_packmaster,0,0,463.6151428222656,620.1882934570312,694,804,4139814
wh2_main_skv_clan_moulder,516,525,colonel,wh2_main_skv_warlord,414,0,470.9635314941406,622.8881225585938,705,807,4140205
wh2_main_skv_clan_pestilens,94,95,general,wh2_main_skv_lord_skrolk,52,1,124.9222412109375,129.20590209960938,187,167,4001428
wh2_main_skv_clan_pestilens,95,96,wizard,wh2_main_skv_plague_priest,0,0,122.25010681152344,131.52003479003906,183,170,4001864
wh2_main_skv_clan_pestilens,512,521,colonel,wh2_main_skv_warlord,410,0,122.25010681152344,144.6334686279297,183,187,4002304
wh2_main_skv_clan_pestilens,513,522,colonel,wh2_main_skv_warlord,411,0,97.53286743164062,155.0470733642578,146,201,4002724
wh2_main_skv_clan_skryre,98,100,general,wh2_dlc12_skv_ikit_claw,54,1,308.63140869140625,346.34893798828125,462,449,4094428
wh2_main_skv_clan_skryre,99,101,engineer,wh2_main_skv_warlock_engineer,0,0,311.3035583496094,348.6630554199219,466,452,4094853
wh2_main_skv_clan_skryre,515,524,colonel,wh2_main_skv_warlord,413,0,310.635498046875,355.99114990234375,465,461,4095286
wh2_twa03_def_rakarth,90,91,general,wh2_twa03_def_rakarth,50,1,24.717233657836914,203.2582244873047,37,263,3914048
wh2_twa03_def_rakarth,91,92,wizard,wh2_dlc10_def_sorceress_beasts,0,0,23.381168365478516,201.71546936035156,35,261,3914490
wh2_twa03_def_rakarth,510,519,colonel,wh2_main_def_dreadlord,408,0,20.709033966064453,193.23031616210938,31,250,3914905
wh3_cp1_cth_tiger_warriors,48,48,general,wh3_cp1_cth_bhashiva,27,1,711.4555053710938,433.1289978027344,1065,561,3034434
wh3_cp1_cth_tiger_warriors,49,49,spy,wh3_cp1_cth_clawspeaker_beasts,0,0,714.127685546875,431.58624267578125,1069,559,3034880
wh3_cp1_cth_tiger_warriors,492,501,colonel,wh3_main_cth_lord_magistrate_yang,390,0,708.1153564453125,431.971923828125,1060,560,3035311
wh3_dlc20_chs_azazel,169,172,general,wh3_dlc20_sla_azazel,89,1,411.508544921875,636.38720703125,616,825,5655853
wh3_dlc20_chs_azazel,170,173,wizard,wh_dlc07_chs_chaos_sorcerer_shadow,0,0,408.83642578125,636.38720703125,612,825,5656264
wh3_dlc20_chs_festus,171,174,general,wh3_dlc20_nur_festus,90,1,394.1396789550781,553.8497314453125,590,718,5698935
wh3_dlc20_chs_festus,172,175,champion,wh3_dlc20_chs_exalted_hero_mnur,0,0,397.4798583984375,561.94921875,595,728,5699350
wh3_dlc20_chs_festus,550,559,colonel,wh_main_chs_lord,448,0,395.4757385253906,568.5059204101562,592,737,5699754
wh3_dlc20_chs_kholek,165,168,general,wh_dlc01_chs_kholek_suneater,87,1,685.4022216796875,574.6769409179688,1026,745,5570770
wh3_dlc20_chs_kholek,166,169,wizard,wh_main_chs_chaos_sorcerer_fire,0,0,691.41455078125,575.0626220703125,1035,745,5571194
wh3_dlc20_chs_sigvald,167,170,general,wh_dlc01_chs_prince_sigvald,88,1,247.8403778076172,683.8269653320312,371,886,5613238
wh3_dlc20_chs_sigvald,168,171,wizard,wh_dlc07_chs_chaos_sorcerer_shadow,0,0,243.1641387939453,683.4412841796875,364,886,5613642
wh3_dlc20_chs_valkia,173,176,general,wh3_dlc20_kho_valkia,91,1,75.4877700805664,692.3121337890625,113,897,5745477
wh3_dlc20_chs_valkia,174,177,champion,wh_main_chs_exalted_hero,0,0,70.14350128173828,692.3121337890625,105,897,5745887
wh3_dlc20_chs_vilitch,175,178,general,wh3_dlc20_tze_vilitch,92,1,891.8245239257812,511.8096008300781,1335,663,5788593
wh3_dlc20_chs_vilitch,176,179,wizard,wh_main_chs_chaos_sorcerer_metal,0,0,895.832763671875,512.5809936523438,1341,664,5789003
wh3_dlc23_chd_astragoth,36,36,general,wh3_dlc23_chd_astragoth,21,1,573.8406372070312,548.8357543945312,859,711,2772045
wh3_dlc23_chd_astragoth,37,37,champion,wh3_dlc23_chd_bull_centaur_taurruk,0,0,578.5169067382812,550.7642211914062,866,714,2772468
wh3_dlc23_chd_astragoth,484,493,colonel,wh3_dlc23_chd_overseer,382,0,570.50048828125,557.7066040039062,854,723,2772883
wh3_dlc23_chd_legion_of_azgorh,38,38,general,wh3_dlc23_chd_drazhoath,22,1,632.6275634765625,377.5897521972656,947,489,2814838
wh3_dlc23_chd_legion_of_azgorh,39,39,engineer,wh3_dlc23_chd_infernal_castellan,0,0,634.6317138671875,375.66131591796875,950,487,2815266
wh3_dlc23_chd_legion_of_azgorh,485,494,colonel,wh3_dlc23_chd_overseer,383,0,634.6317138671875,369.49029541015625,950,479,2815715
wh3_dlc23_chd_zhatan,40,40,general,wh3_dlc23_chd_zhatan,23,1,762.8941040039062,546.1359252929688,1142,708,2857517
wh3_dlc23_chd_zhatan,41,41,wizard,wh3_dlc23_chd_daemonsmith_sorcerer_fire,0,0,759.553955078125,544.20751953125,1137,705,2857942
wh3_dlc23_chd_zhatan,486,495,colonel,wh3_dlc23_chd_overseer,384,0,718.8038940429688,542.279052734375,1076,703,2858339
wh3_dlc23_chd_zhatan,487,496,colonel,wh3_dlc23_chd_overseer,385,0,742.18505859375,552.692626953125,1111,716,2858753
wh3_dlc24_cth_the_celestial_court,46,46,general,wh3_dlc24_cth_yuan_bo,26,1,30.729534149169922,310.0941467285156,46,402,2988883
wh3_dlc24_cth_the_celestial_court,47,47,champion,wh3_dlc24_cth_gate_master,0,0,32.73363494873047,311.2511901855469,49,403,2989304
wh3_dlc24_cth_the_celestial_court,490,499,colonel,wh3_main_cth_lord_magistrate_yang,388,0,777.5908203125,369.49029541015625,1164,479,2989735
wh3_dlc24_cth_the_celestial_court,491,500,colonel,wh3_main_cth_lord_magistrate_yin,389,0,41.418067932128906,313.9510192871094,62,407,2990154
wh3_dlc24_ksl_daughters_of_the_forest,26,26,general,wh3_dlc24_ksl_mother_ostankya,15,1,64.79923248291016,474.783447265625,97,615,2592476
wh3_dlc24_ksl_daughters_of_the_forest,27,27,runesmith,wh3_dlc24_ksl_hag_witch_beasts,0,0,60.79103469848633,470.1551513671875,91,609,2592908
wh3_dlc24_ksl_daughters_of_the_forest,480,489,colonel,wh3_main_ksl_boyar,378,0,59.4549674987793,477.0975646972656,89,618,2593323
wh3_dlc24_tze_the_deceivers,19,19,general,wh3_dlc24_tze_the_changeling,11,1,424.8692321777344,489.8253173828125,636,635,2422560
wh3_dlc24_tze_the_deceivers,20,20,runesmith,wh3_main_tze_iridescent_horror_metal,0,0,424.201171875,489.43963623046875,635,634,2422982
wh3_dlc25_dwf_malakai,141,143,general,wh3_dlc25_dwf_malakai_makaisson,75,1,484.9922180175781,649.5006713867188,726,842,5032629
wh3_dlc25_dwf_malakai,537,546,colonel,wh_main_dwf_lord,435,0,473.6356506347656,649.114990234375,709,841,5033054
wh3_dlc25_nur_epidemius,11,11,general,wh3_dlc25_nur_epidemius,7,1,420.86102294921875,712.7537231445312,630,924,2247737
wh3_dlc25_nur_epidemius,12,12,spy,wh3_main_nur_plagueridden_nurgle,0,0,417.5208435058594,712.3679809570312,625,923,2248178
wh3_dlc25_nur_epidemius,471,480,colonel,wh3_main_nur_herald_of_nurgle_nurgle,369,0,406.1642761230469,711.2109375,608,922,2248609
wh3_dlc25_nur_epidemius,472,481,colonel,wh3_main_nur_herald_of_nurgle_nurgle,370,0,427.5413513183594,724.3244018554688,640,939,2249030
wh3_dlc25_nur_tamurkhan,10,10,general,wh3_dlc25_nur_tamurkhan,6,1,660.6849975585938,639.8583984375,989,829,2203399
wh3_dlc25_nur_tamurkhan,470,479,colonel,wh3_main_nur_herald_of_nurgle_nurgle,368,0,669.3694458007812,646.4151611328125,1002,838,2203840
wh3_dlc26_grn_gorbad_ironclaw,152,154,general,wh3_dlc26_grn_gorbad_ironclaw,81,1,486.3282775878906,362.5478820800781,728,470,5298140
wh3_dlc26_grn_gorbad_ironclaw,153,155,wizard,wh_main_grn_orc_shaman,0,0,489.00042724609375,361.7764892578125,732,469,5298554
wh3_dlc26_grn_gorbad_ironclaw,543,552,colonel,wh3_dlc26_grn_savage_orc_great_shaman,441,0,503.02911376953125,372.96148681640625,753,483,5298968
wh3_dlc26_grn_gorbad_ironclaw,544,553,colonel,wh3_dlc26_grn_savage_orc_great_shaman,442,0,502.361083984375,398.80267333984375,752,517,5299411
wh3_dlc26_kho_arbaal,6,6,general,wh3_dlc26_kho_arbaal_the_undefeated,4,1,571.1685180664062,621.3453369140625,855,805,2117717
wh3_dlc26_kho_arbaal,7,7,runesmith,wh3_main_kho_cultist,0,0,565.8242797851562,621.3453369140625,847,805,2118150
wh3_dlc26_kho_arbaal,468,477,colonel,wh3_dlc26_kho_bloodspeaker,366,0,540.43896484375,639.0870361328125,809,828,2118565
wh3_dlc26_kho_skulltaker,4,4,general,wh3_dlc26_kho_skulltaker,3,1,71.47956848144531,235.6561279296875,107,305,2075428
wh3_dlc26_kho_skulltaker,5,5,dignitary,wh3_main_kho_bloodreaper,0,0,67.47136688232422,232.57061767578125,101,301,2075870
wh3_dlc26_kho_skulltaker,467,476,colonel,wh3_main_kho_herald_of_khorne,365,0,66.13529968261719,238.74163818359375,99,309,2076303
wh3_dlc26_ogr_golgfag,33,33,general,wh3_dlc26_ogr_golgfag_maneater,19,1,412.8446044921875,592.4186401367188,618,768,2728599
wh3_dlc26_ogr_golgfag,34,34,wizard,wh3_dlc26_ogr_cha_butcher_heavens,0,0,414.8487243652344,588.9474487304688,621,763,2729036
wh3_dlc26_ogr_golgfag,35,35,general,wh3_main_ogr_tyrant_camp,20,0,410.1724853515625,583.9334716796875,614,757,2729458
wh3_dlc27_hef_aislinn,63,64,general,wh3_dlc27_hef_aislinn,35,1,599.8939819335938,67.10992431640625,898,87,3343321
wh3_dlc27_hef_aislinn,64,65,engineer,wh3_dlc27_hef_mist_mage,0,0,593.8816528320312,69.03836822509766,889,89,3343763
wh3_dlc27_nor_sayl,207,214,general,wh3_dlc27_nor_sayl_the_faithless,108,1,841.0540161132812,569.6629638671875,1259,738,6476236
wh3_dlc27_nor_sayl,208,215,runesmith,wh3_dlc27_nor_fimir_noble,0,0,843.7261352539062,567.348876953125,1263,735,6476663
wh3_dlc27_nor_sayl,562,571,colonel,wh_main_nor_marauder_chieftain,460,0,849.7384643554688,559.2493896484375,1272,725,6477097
wh3_dlc27_sla_masque_of_slaanesh,230,239,general,wh3_dlc27_sla_masque_of_slaanesh,130,1,45.42626953125,245.29835510253906,68,318,7492133
wh3_dlc27_sla_masque_of_slaanesh,231,240,engineer,wh3_main_sla_alluress_slaanesh,0,0,45.42626953125,242.9842071533203,68,315,7492560
wh3_dlc27_sla_masque_of_slaanesh,611,620,colonel,wh3_main_sla_herald_of_slaanesh_slaanesh,509,0,17.368867874145508,256.09765625,26,332,7492978
wh3_dlc27_sla_the_tormentors,15,15,general,wh3_dlc27_sla_dechala,9,1,899.8409423828125,253.3978271484375,1347,328,2337175
wh3_dlc27_sla_the_tormentors,16,16,runesmith,wh3_dlc27_sla_druchii_anointed,0,0,905.1851806640625,252.62644958496094,1355,327,2337635
wh3_dlc27_sla_the_tormentors,474,483,colonel,wh3_main_sla_herald_of_slaanesh_slaanesh,372,0,917.2097778320312,251.0836944580078,1373,325,2338064
wh3_main_chs_shadow_legion,177,180,general,wh3_main_dae_belakor,93,1,237.15184020996094,564.2633056640625,355,731,5831675
wh3_main_chs_shadow_legion,178,181,champion,wh_main_chs_exalted_hero,0,0,231.13954162597656,563.8776245117188,346,731,5832129
wh3_main_cth_the_northern_provinces,42,42,general,wh3_main_cth_miao_ying,24,1,761.5580444335938,497.5390930175781,1140,645,2902678
wh3_main_cth_the_northern_provinces,43,43,engineer,wh3_main_cth_alchemist,0,0,762.8941040039062,499.8532409667969,1142,648,2903099
wh3_main_cth_the_northern_provinces,488,497,colonel,wh3_main_cth_lord_magistrate_yin,386,0,760.2219848632812,506.0242614746094,1138,656,2903545
wh3_main_cth_the_western_provinces,44,44,general,wh3_main_cth_zhao_ming,25,1,739.512939453125,384.53216552734375,1107,498,2946041
wh3_main_cth_the_western_provinces,45,45,engineer,wh3_main_cth_alchemist,0,0,737.5088500976562,383.3750915527344,1104,497,2946444
wh3_main_cth_the_western_provinces,489,498,colonel,wh3_main_cth_lord_magistrate_yin,387,0,742.8530883789062,361.005126953125,1112,468,2946856
wh3_main_dae_daemon_prince,1,1,general,wh3_main_dae_daemon_prince,1,1,456.934814453125,726.6384887695312,684,942,1991703
wh3_main_dwf_the_ancestral_throng,137,139,general,wh_pro01_dwf_grombrindal,73,1,11.3565673828125,614.4029541015625,17,796,4945063
wh3_main_dwf_the_ancestral_throng,138,140,runesmith,wh_main_dwf_runesmith,0,0,10.020500183105469,612.8601684570312,15,794,4945436
wh3_main_dwf_the_ancestral_throng,535,544,colonel,wh_main_dwf_lord,433,0,14.028700828552246,602.832275390625,21,781,4945820
wh3_main_emp_cult_of_sigmar,123,125,general,wh_dlc04_emp_volkmar,67,1,372.7626037597656,188.9877166748047,558,245,4676712
wh3_main_emp_cult_of_sigmar,124,126,spy,wh_main_emp_witch_hunter,0,0,373.4306640625,194.00169372558594,559,251,4677161
wh3_main_emp_cult_of_sigmar,529,538,colonel,wh_main_emp_lord,427,0,367.4183349609375,195.9301300048828,550,254,4677569
wh3_main_kho_exiles_of_khorne,2,2,general,wh3_main_kho_skarbrand,2,1,451.5905456542969,251.46937561035156,676,326,2033377
wh3_main_kho_exiles_of_khorne,3,3,dignitary,wh3_main_kho_bloodreaper,0,0,454.2626953125,248.3838653564453,680,322,2033826
wh3_main_kho_exiles_of_khorne,466,475,colonel,wh3_main_kho_herald_of_khorne,364,0,478.97991943359375,273.4536437988281,717,354,2034263
wh3_main_ksl_the_great_orthodoxy,22,22,general,wh3_main_ksl_kostaltyn,13,1,420.86102294921875,607.0748291015625,630,787,2507267
wh3_main_ksl_the_great_orthodoxy,23,23,dignitary,wh3_main_ksl_patriarch,0,0,423.53314208984375,601.6751708984375,634,780,2507696
wh3_main_ksl_the_great_orthodoxy,478,487,colonel,wh3_main_ksl_boyar,376,0,423.53314208984375,593.96142578125,634,770,2508128
wh3_main_ksl_the_great_orthodoxy,479,488,colonel,wh3_main_ksl_boyar,377,0,409.50445556640625,611.3174438476562,613,792,2508562
wh3_main_ksl_the_ice_court,21,21,general,wh3_main_ksl_katarin,12,1,462.2790832519531,560.020751953125,692,726,2462075
wh3_main_ksl_the_ice_court,476,485,colonel,wh3_main_ksl_boyar,374,0,450.2544860839844,567.7345581054688,674,736,2462508
wh3_main_ksl_the_ice_court,477,486,colonel,wh3_main_ksl_boyar,375,0,480.31597900390625,568.1202392578125,719,736,2462950
wh3_main_ksl_ursun_revivalists,24,24,general,wh3_main_ksl_boris,14,1,513.7176513671875,667.6280517578125,769,865,2553296
wh3_main_ksl_ursun_revivalists,25,25,dignitary,wh3_main_ksl_patriarch,0,0,517.0578002929688,669.5565185546875,774,868,2553740
wh3_main_nur_poxmakers_of_nurgle,8,8,general,wh3_main_nur_kugath,5,1,666.0292358398438,287.3384704589844,997,372,2159565
wh3_main_nur_poxmakers_of_nurgle,9,9,spy,wh3_main_nur_plagueridden_nurgle,0,0,663.3571166992188,286.56707763671875,993,371,2159987
wh3_main_nur_poxmakers_of_nurgle,469,478,colonel,wh3_main_nur_herald_of_nurgle_nurgle,367,0,647.9923706054688,269.9824523925781,970,350,2160408
wh3_main_ogr_disciples_of_the_maw,30,30,general,wh3_main_ogr_skrag_the_slaughterer,17,1,421.529052734375,403.8166198730469,631,523,2681336
wh3_main_ogr_disciples_of_the_maw,31,31,general,wh3_main_ogr_tyrant_camp,18,0,431.549560546875,404.2023010253906,646,524,2681778
wh3_main_ogr_disciples_of_the_maw,32,32,spy,wh3_main_ogr_hunter,0,0,426.2052917480469,404.2023010253906,638,524,2682171
wh3_main_ogr_disciples_of_the_maw,483,492,colonel,wh3_main_ogr_tyrant,381,0,420.1929931640625,409.9876403808594,629,531,2682604
wh3_main_ogr_goldtooth,28,28,general,wh3_main_ogr_greasus_goldtooth,16,1,690.7465209960938,388.00335693359375,1034,503,2635150
wh3_main_ogr_goldtooth,29,29,dignitary,wh3_main_ogr_firebelly,0,0,689.410400390625,386.4606018066406,1032,501,2635607
wh3_main_ogr_goldtooth,481,490,colonel,wh3_main_ogr_tyrant,379,0,670.0374755859375,379.13250732421875,1003,491,2636011
wh3_main_ogr_goldtooth,482,491,colonel,wh3_main_ogr_tyrant,380,0,688.0743408203125,388.00335693359375,1030,503,2636432
wh3_main_sla_seducers_of_slaanesh,13,13,general,wh3_main_sla_nkari,8,1,187.04934692382812,484.4256591796875,280,628,2294817
wh3_main_sla_seducers_of_slaanesh,14,14,dignitary,wh3_main_sla_cultist,0,0,183.70916748046875,487.12548828125,275,631,2295262
wh3_main_sla_seducers_of_slaanesh,473,482,colonel,wh3_main_sla_herald_of_slaanesh_slaanesh,371,0,178.3649139404297,495.61065673828125,267,642,2295695
wh3_main_tze_oracles_of_tzeentch,17,17,general,wh3_main_tze_kairos,10,1,374.7667236328125,25.069799423217773,561,32,2379723
wh3_main_tze_oracles_of_tzeentch,18,18,dignitary,wh3_main_tze_cultist,0,0,370.7585144042969,28.15531349182129,555,36,2380147
wh3_main_tze_oracles_of_tzeentch,475,484,colonel,wh3_main_tze_herald_of_tzeentch_tzeentch,373,0,340.697021484375,20.827219009399414,510,27,2380594
wh3_main_vmp_caravan_of_blue_roses,158,160,general,wh_dlc04_vmp_helman_ghorst,84,1,703.4391479492188,339.7922058105469,1053,440,5434977
wh3_main_vmp_caravan_of_blue_roses,159,161,champion,wh_main_vmp_wight_king,0,0,700.7669677734375,338.24945068359375,1049,438,5435380
wh3_main_vmp_caravan_of_blue_roses,547,556,colonel,wh_main_vmp_lord,445,0,712.12353515625,322.4361877441406,1066,418,5435794
wh_dlc03_bst_beastmen,179,182,general,wh_dlc03_bst_khazrak,94,1,343.369140625,557.7066040039062,514,723,5874641
wh_dlc03_bst_beastmen,180,183,wizard,wh_dlc03_bst_bray_shaman_death,0,0,346.0412902832031,564.6490478515625,518,732,5875064
wh_dlc05_bst_morghur_herd,183,186,general,wh_dlc05_bst_morghur,96,1,270.5534973144531,349.82012939453125,405,453,5955496
wh_dlc05_bst_morghur_herd,184,187,champion,wh_dlc03_bst_gorebull,0,0,267.2133483886719,349.4344482421875,400,453,5955917
wh_dlc05_wef_argwylon,189,192,general,wh_dlc05_wef_durthu,99,1,350.717529296875,450.8706970214844,525,584,6084828
wh_dlc05_wef_argwylon,190,193,wizard,wh_dlc05_wef_spellsinger_life,0,0,348.0453796386719,450.0993347167969,521,583,6085251
wh_dlc05_wef_argwylon,553,562,colonel,wh_dlc05_wef_glade_lord,451,0,344.03717041015625,436.98590087890625,515,566,6085685
wh_dlc05_wef_wood_elves,187,190,general,wh_dlc05_wef_orion,98,1,336.0207824707031,399.959716796875,503,518,6036667
wh_dlc05_wef_wood_elves,188,191,spy,wh_dlc05_wef_waystalker,0,0,344.03717041015625,398.4169616699219,515,516,6037065
wh_dlc05_wef_wood_elves,551,560,colonel,wh_dlc05_wef_glade_lord,449,0,342.70111083984375,409.9876403808594,513,531,6037493
wh_dlc05_wef_wood_elves,552,561,colonel,wh_dlc05_wef_glade_lord,450,0,342.0330810546875,400.3454284667969,512,519,6037913
wh_dlc08_nor_norsca,203,206,general,wh_dlc08_nor_wulfrik,106,1,102.2091064453125,364.476318359375,153,472,6389793
wh_dlc08_nor_norsca,204,207,wizard,wh_dlc08_nor_shaman_sorcerer_metal,0,0,105.54927062988281,364.86199951171875,158,473,6390237
wh_dlc08_nor_norsca,560,569,colonel,wh_main_nor_marauder_chieftain,458,0,257.8608703613281,613.245849609375,386,795,6390650
wh_dlc08_nor_wintertooth,205,210,general,wh_dlc08_nor_throgg,107,1,420.86102294921875,681.127197265625,630,883,6432976
wh_dlc08_nor_wintertooth,206,211,dignitary,wh_dlc08_nor_fimir_balefiend_shadow,0,0,417.5208435058594,684.598388671875,625,887,6433408
wh_dlc08_nor_wintertooth,561,570,colonel,wh_main_nor_marauder_chieftain,459,0,400.82000732421875,689.6123657226562,600,894,6433840
wh_main_brt_bordeleaux,199,202,general,wh_dlc07_brt_alberic,104,1,140.9550323486328,251.85507202148438,211,326,6303422
wh_main_brt_bordeleaux,200,203,champion,wh_main_brt_paladin,0,0,138.95094299316406,253.78350830078125,208,329,6303875
wh_main_brt_bordeleaux,558,567,colonel,wh_main_brt_lord,456,0,143.62716674804688,258.7974548339844,215,335,6304297
wh_main_brt_bretonnia,195,198,general,wh_main_brt_louen_leoncouer,102,1,268.5494079589844,517.594970703125,402,671,6215784
wh_main_brt_bretonnia,196,199,wizard,wh_main_brt_damsel_heavens,0,0,270.5534973144531,517.209228515625,405,670,6216214
wh_main_brt_bretonnia,556,565,colonel,wh_main_brt_lord,454,0,273.8936767578125,520.6804809570312,410,675,6216629
wh_main_brt_carcassonne,197,200,general,wh_dlc07_brt_fay_enchantress,103,1,297.27484130859375,399.959716796875,445,518,6259793
wh_main_brt_carcassonne,198,201,champion,wh_main_brt_paladin,0,0,299.2789306640625,398.80267333984375,448,517,6260240
wh_main_brt_carcassonne,557,566,colonel,wh_main_brt_lord,455,0,310.635498046875,388.3890380859375,465,503,6260659
wh_main_chs_chaos,163,166,general,wh_main_chs_archaon,86,1,603.234130859375,672.25634765625,903,871,5528291
wh_main_chs_chaos,164,167,champion,wh_main_chs_exalted_hero,0,0,600.56201171875,671.4849243164062,899,870,5528731
wh_main_dwf_dwarfs,128,130,general,wh_main_dwf_thorgrim_grudgebearer,70,1,497.0168151855469,418.8584899902344,744,543,4811682
wh_main_dwf_dwarfs,129,131,engineer,wh_main_dwf_master_engineer,0,0,495.0127258300781,418.4728088378906,741,542,4812102
wh_main_dwf_dwarfs,532,541,colonel,wh_main_dwf_lord,430,0,491.67254638671875,423.4867858886719,736,549,4812514
wh_main_dwf_karak_izor,132,134,general,wh_dlc06_dwf_belegar,72,1,347.3773498535156,370.26165771484375,520,480,4900634
wh_main_dwf_karak_izor,133,135,champion,wh_dlc06_dwf_thane_ghost_2,0,0,348.7134094238281,366.4047546386719,522,475,4901058
wh_main_dwf_karak_izor,134,136,runesmith,wh_dlc06_dwf_runesmith_ghost,0,0,346.7093200683594,366.7904357910156,519,475,4901469
wh_main_dwf_karak_izor,135,137,champion,wh_dlc06_dwf_thane_ghost_1,0,0,343.369140625,368.7189025878906,514,478,4901880
wh_main_dwf_karak_izor,136,138,engineer,wh_dlc06_dwf_master_engineer_ghost,0,0,344.7052001953125,371.0330505371094,516,481,4902308
wh_main_dwf_karak_izor,534,543,colonel,wh_main_dwf_lord,432,0,360.0699768066406,348.2773742675781,539,451,4902733
wh_main_dwf_karak_kadrin,130,132,general,wh_main_dwf_ungrim_ironfist,71,1,515.7217407226562,491.3680725097656,772,637,4856336
wh_main_dwf_karak_kadrin,131,133,runesmith,wh_main_dwf_runesmith,0,0,514.3856811523438,491.3680725097656,770,637,4856785
wh_main_dwf_karak_kadrin,533,542,colonel,wh_main_dwf_lord,431,0,499.68896484375,496.7677307128906,748,644,4857203
wh_main_emp_empire,120,122,general,wh_main_emp_karl_franz,65,1,350.717529296875,490.9823913574219,525,636,4586780
wh_main_emp_empire,527,536,colonel,wh_main_emp_lord,425,0,325.3322448730469,465.5268859863281,487,603,4587202
wh_main_emp_empire,528,537,colonel,wh_main_emp_lord,426,0,352.0535888671875,500.2389221191406,527,648,4587620
wh_main_emp_wissenland,126,128,general,wh3_dlc25_emp_elspeth_von_draken,69,1,366.75030517578125,464.7555236816406,549,602,4766457
wh_main_emp_wissenland,127,129,engineer,wh3_dlc25_emp_engineer,0,0,365.41424560546875,463.2127685546875,547,600,4766882
wh_main_emp_wissenland,531,540,colonel,wh_main_emp_lord,429,0,369.4224548339844,468.6123962402344,553,607,4767303
wh_main_grn_crooked_moon,144,146,general,wh_dlc06_grn_skarsnik,77,1,535.0947265625,436.98590087890625,801,566,5120722
wh_main_grn_crooked_moon,145,147,spy,wh_main_grn_goblin_big_boss,0,0,535.7627563476562,438.9143371582031,802,569,5121163
wh_main_grn_crooked_moon,539,548,colonel,wh3_dlc26_grn_savage_orc_great_shaman,437,0,540.43896484375,453.9562072753906,809,588,5121605
wh_main_grn_greenskins,142,144,general,wh_main_grn_grimgor_ironhide,76,1,650.6644897460938,523.7659912109375,974,679,5076854
wh_main_grn_greenskins,143,145,spy,wh_main_grn_goblin_big_boss,0,0,647.9923706054688,519.9090576171875,970,674,5077313
wh_main_grn_greenskins,538,547,colonel,wh3_dlc26_grn_savage_orc_great_shaman,436,0,642.6480712890625,512.9666748046875,962,665,5077717
wh_main_grn_orcs_of_the_bloody_hand,148,150,general,wh_dlc06_grn_wurrzag_da_great_prophet,79,1,423.53314208984375,137.30535888671875,634,178,5209347
wh_main_grn_orcs_of_the_bloody_hand,149,151,spy,wh_main_grn_goblin_big_boss,0,0,421.529052734375,137.69105529785156,631,178,5209799
wh_main_grn_orcs_of_the_bloody_hand,541,550,colonel,wh_main_grn_orc_warboss,439,0,427.5413513183594,130.3629608154297,640,169,5210206
wh_main_vmp_schwartzhafen,160,162,general,wh_dlc04_vmp_vlad_con_carstein,85,1,479.64794921875,479.7973937988281,718,622,5479485
wh_main_vmp_schwartzhafen,161,163,dignitary,wh_main_vmp_vampire_death,0,0,477.64385986328125,477.86895751953125,715,619,5479886
wh_main_vmp_schwartzhafen,162,164,dignitary,wh_dlc05_vmp_vampire_shadow,0,0,481.65203857421875,477.86895751953125,721,619,5480294
wh_main_vmp_schwartzhafen,548,557,colonel,wh_main_vmp_lord,446,0,450.2544860839844,457.42742919921875,674,593,5480698
wh_main_vmp_schwartzhafen,549,558,colonel,wh_main_vmp_lord,447,0,478.3118896484375,472.0836181640625,716,612,5481122
wh_main_vmp_vampire_counts,154,156,general,wh_main_vmp_mannfred_von_carstein,82,1,414.1806945800781,188.9877166748047,620,245,5346198
wh_main_vmp_vampire_counts,155,157,champion,wh2_dlc17_vmp_kevon_lloydstein,0,0,416.8528137207031,188.9877166748047,624,245,5346621
wh_main_vmp_vampire_counts,545,554,colonel,wh_main_vmp_lord,443,0,428.8774108886719,190.5304718017578,642,247,5347053
