region_key,world_x,world_y,esf_offset
wh3_dlc20_combi_region_dragons_death,691.6060791015625,583.3457336425781,24994784
wh3_dlc20_combi_region_glacial_gardens,115.72591781616211,688.3629150390625,24984776
wh3_dlc20_combi_region_glacier_encampment,52.739023208618164,696.8643188476562,24896169
wh3_dlc20_combi_region_krudenwald,383.67015075683594,552.3406372070312,25171494
wh3_dlc23_combi_region_blasted_expanse,573.1307067871094,488.8302001953125,26063531
wh3_dlc23_combi_region_fort_dorznye_vort,591.1270141601562,534.3376770019531,25987394
wh3_dlc23_combi_region_gash_kadrak,630.1188659667969,463.82611083984375,25136600
wh3_dlc23_combi_region_uzkulak_port,573.630615234375,571.34375,25182704
wh3_main_combi_region_aarnau,306.68617248535156,558.8416748046875,25324453
wh3_main_combi_region_agrul_migdhal,436.1592254638672,255.79196166992188,24769616
wh3_main_combi_region_akendorf,453.15570068359375,416.31829833984375,25128500
wh3_main_combi_region_al_haikk,341.1789855957031,256.29205322265625,25160719
wh3_main_combi_region_altar_of_facades,551.6351928710938,23.25381565093994,25197700
wh3_main_combi_region_altar_of_spawns,434.15965270996094,671.8602294921875,24269369
wh3_main_combi_region_altar_of_the_crimson_harvest,336.1800231933594,604.3491821289062,24923406
wh3_main_combi_region_altar_of_the_horned_rat,163.71593475341797,159.27613067626953,25645616
wh3_main_combi_region_altar_of_ultimate_darkness,29.243913650512695,649.3565673828125,25953674
wh3_main_combi_region_altdorf,352.1767120361328,500.33209228515625,25192688
wh3_main_combi_region_amblepeak,686.1072387695312,421.3191223144531,25304064
wh3_main_combi_region_ancient_city_of_quintex,48.739858627319336,456.82496643066406,24061574
wh3_main_combi_region_angerrial,179.7126007080078,408.3170166015625,26066893
wh3_main_combi_region_antoch,403.6659851074219,168.7776870727539,25724186
wh3_main_combi_region_aquitaine,281.19146728515625,439.32208251953125,24032245
wh3_main_combi_region_argalis,359.1752471923828,321.80279541015625,24501034
wh3_main_combi_region_arnheim,98.22955703735352,453.824462890625,25822718
wh3_main_combi_region_ash_ridge_mountains,575.6302185058594,354.3081512451172,25477635
wh3_main_combi_region_ashrak,90.2312240600586,665.3591918945312,25872014
wh3_main_combi_region_averheim,410.66453552246094,462.32586669921875,25778862
wh3_main_combi_region_avethir,124.72405242919922,421.3191223144531,25125305
wh3_main_combi_region_axlotl,138.2212371826172,178.77933502197266,25484408
wh3_main_combi_region_baleful_hills,795.0845336914062,387.8136291503906,25665130
wh3_main_combi_region_bamboo_crossing,843.0745544433594,332.3045196533203,25696696
wh3_main_combi_region_barag_dawazbag,473.6514129638672,392.814453125,24148550
wh3_main_combi_region_barak_varr,449.1565246582031,394.8147888183594,25283188
wh3_main_combi_region_bay_of_blades,388.6691131591797,627.85302734375,25411193
wh3_main_combi_region_bechafen,452.15589904785156,552.8406982421875,24667625
wh3_main_combi_region_beichai,906.0614624023438,427.3201141357422,24042182
wh3_main_combi_region_bhagar,399.6668243408203,189.78114318847656,25235055
wh3_main_combi_region_bilbali,266.6945037841797,370.81085205078125,25701346
wh3_main_combi_region_bilious_cliffs,406.16546630859375,711.3667297363281,25662004
wh3_main_combi_region_bitter_bay,590.6271057128906,311.8011474609375,25189464
wh3_main_combi_region_bitterstone_mine,440.6582946777344,347.80706787109375,25109454
wh3_main_combi_region_black_crag,503.1452941894531,372.8111572265625,26149034
wh3_main_combi_region_black_creek_spire,179.7126007080078,592.8472900390625,24811341
wh3_main_combi_region_black_fang,652.1142883300781,492.83087158203125,25321024
wh3_main_combi_region_black_fortress,634.617919921875,369.3105926513672,25529742
wh3_main_combi_region_black_iron_mine,532.63916015625,371.31092834472656,24070176
wh3_main_combi_region_black_pyramid_of_nagash,386.6695251464844,218.785888671875,24017548
wh3_main_combi_region_black_rock,389.6689147949219,723.8687744140625,25013952
wh3_main_combi_region_black_tower_of_arkhan,367.17359924316406,226.7872085571289,24520948
wh3_main_combi_region_blacklight_tower,140.22081756591797,611.8503723144531,25564938
wh3_main_combi_region_blackstone_post,305.1864929199219,480.82891845703125,24532528
wh3_main_combi_region_bleak_hold_fortress,59.23767280578613,477.3283233642578,24084935
wh3_main_combi_region_blizzardpeak,678.6087951660156,539.3384704589844,25969655
wh3_main_combi_region_blood_mountain,280.69158935546875,711.8667907714844,24912238
wh3_main_combi_region_bloodpeak,696.6050415039062,463.3260192871094,25432996
wh3_main_combi_region_bloodwind_keep,831.0770568847656,554.8410339355469,25080310
wh3_main_combi_region_bordeleaux,262.6953430175781,447.823486328125,25761330
wh3_main_combi_region_brass_keep,395.66766357421875,568.3432312011719,26047583
wh3_main_combi_region_bridge_of_heaven,822.5787963867188,383.81297302246094,25470238
wh3_main_combi_region_brionne,280.69158935546875,406.3166809082031,24792446
wh3_main_combi_region_broken_mount,824.5783996582031,572.3438720703125,24967138
wh3_main_combi_region_cairn_thel,190.21041870117188,399.3155212402344,24487076
wh3_main_combi_region_carroburg,340.17921447753906,506.3330841064453,25336411
wh3_main_combi_region_castle_alexandronov,409.6647491455078,611.3503112792969,25139815
wh3_main_combi_region_castle_artois,273.6930389404297,492.83087158203125,24776350
wh3_main_combi_region_castle_bastonne,285.6905517578125,464.3262023925781,25299323
wh3_main_combi_region_castle_carcassonne,310.6853485107422,388.31370544433594,24427993
wh3_main_combi_region_castle_drakenhof,478.15049743652344,472.3274841308594,25683146
wh3_main_combi_region_castle_of_splendour,503.6451873779297,37.256113052368164,26023525
wh3_main_combi_region_castle_templehof,458.1546630859375,484.3294677734375,26036599
wh3_main_combi_region_castle_von_rauken,431.66017150878906,579.8451538085938,25901524
wh3_main_combi_region_caverns_of_sotek,449.65643310546875,82.26349639892578,24193019
wh3_main_combi_region_celestial_monastery,824.5783996582031,411.31748962402344,25026874
wh3_main_combi_region_chamber_of_visions,47.240169525146484,210.7845916748047,24958308
wh3_main_combi_region_chaqua,116.22581100463867,210.7845916748047,25537689
wh3_main_combi_region_chill_road,86.73194885253906,642.3554077148438,24991544
wh3_main_combi_region_chimai,877.0674743652344,402.3160095214844,24942508
wh3_main_combi_region_chupayotl,167.71509552001953,126.27071762084961,24784546
wh3_main_combi_region_circle_of_destruction,106.22789001464844,584.3458862304688,26134438
wh3_main_combi_region_citadel_of_dusk,201.70802307128906,68.76127815246582,25253382
wh3_main_combi_region_citadel_of_lead,237.2006378173828,588.8466186523438,25102755
wh3_main_combi_region_city_of_the_shugengan,865.0699768066406,473.8277282714844,24337224
wh3_main_combi_region_clar_karond,78.23371887207031,560.3419189453125,24764599
wh3_main_combi_region_clarak_spire,10.74776315689087,501.3322448730469,24469822
wh3_main_combi_region_cliff_of_beasts,352.1767120361328,719.8681335449219,25650032
wh3_main_combi_region_copher,316.18418884277344,263.293212890625,24308058
wh3_main_combi_region_couronne,273.6930389404297,520.83544921875,25854591
wh3_main_combi_region_crag_halls_of_findol,352.67662048339844,419.8188781738281,25238256
wh3_main_combi_region_cragroth_deep,68.73569297790527,591.3470458984375,25250083
wh3_main_combi_region_crookback_mountain,563.6327209472656,401.3158264160156,25257739
wh3_main_combi_region_crooked_fang_fort,488.1484069824219,321.302734375,26089041
wh3_main_combi_region_crucible_of_delights,515.6427001953125,12.252010345458984,24899695
wh3_main_combi_region_cuexotl,427.6610107421875,130.2713737487793,24600305
wh3_main_combi_region_daemons_gate,309.18565368652344,44.25726127624512,24678968
wh3_main_combi_region_dagraks_end,85.73215866088867,701.3650512695312,26069909
wh3_main_combi_region_dai_cheng,916.0593872070312,294.2982940673828,25463803
wh3_main_combi_region_dargoth,166.21541595458984,662.3587036132812,24088214
wh3_main_combi_region_dark_tower,849.5732116699219,559.341796875,24541960
wh3_main_combi_region_darkhold,600.6250305175781,369.3105926513672,24852175
wh3_main_combi_region_dawns_light,390.16880798339844,43.75717735290527,25884903
wh3_main_combi_region_deaths_head_monoliths,332.1808776855469,154.77539825439453,24842205
wh3_main_combi_region_deff_gorge,479.15028381347656,273.2948455810547,24154964
wh3_main_combi_region_desolation_of_drakenmoor,556.6341552734375,471.827392578125,24634002
wh3_main_combi_region_desolation_of_nagash,547.1361389160156,317.30206298828125,24529159
wh3_main_combi_region_desolation_ridge,799.0836791992188,563.3424377441406,24611748
wh3_main_combi_region_dietershafen,351.1769104003906,587.846435546875,25088286
wh3_main_combi_region_dok_karaz,446.1571502685547,383.3128967285156,24497736
wh3_main_combi_region_doom_glade,540.6375122070312,217.78573608398438,25727460
wh3_main_combi_region_doomkeep,343.1785888671875,644.8557739257812,26123082
wh3_main_combi_region_dotternbach,364.6741180419922,449.8238220214844,25085074
wh3_main_combi_region_drackla_spire,14.247035503387451,602.8489379882812,25165032
wh3_main_combi_region_dragon_fang_mount,648.1151428222656,269.7942657470703,25786860
wh3_main_combi_region_dragon_gate,807.5819396972656,514.3343658447266,25033427
wh3_main_combi_region_dragonhorn_mines,432.1600646972656,327.3037109375,25053697
wh3_main_combi_region_dragons_crossroad,815.5802917480469,527.8366088867188,24078193
wh3_main_combi_region_dread_rock,649.1148986816406,307.8004913330078,24354610
wh3_main_combi_region_dringorackaz,505.14488220214844,320.8026428222656,24935876
wh3_main_combi_region_dusk_peaks,187.7109375,81.26333236694336,25219905
wh3_main_combi_region_eagle_eyries,642.6162719726562,512.8341522216797,25327692
wh3_main_combi_region_eagle_gate,126.2237319946289,441.82249450683594,25142856
wh3_main_combi_region_eilhart,322.1829528808594,492.83087158203125,25010709
wh3_main_combi_region_ekrund,423.6618194580078,342.30616760253906,25552113
wh3_main_combi_region_el_kalabad,355.1761016845703,210.7845916748047,25243637
wh3_main_combi_region_eldar_spire,10.247867107391357,628.8531494140625,24334033
wh3_main_combi_region_elessaeli,211.70594787597656,410.81739807128906,24416807
wh3_main_combi_region_elisia,199.70844268798828,493.8310241699219,24229131
wh3_main_combi_region_erengrad,423.6618194580078,593.8474731445312,24750047
wh3_main_combi_region_eschen,477.1507110595703,489.8303680419922,25154432
wh3_main_combi_region_essen,463.1536102294922,510.8338317871094,24661928
wh3_main_combi_region_evershale,160.21665954589844,458.8252868652344,25444277
wh3_main_combi_region_eye_of_the_panther,321.1831512451172,237.28893280029297,24615011
wh3_main_combi_region_fallen_gates,29.243913650512695,393.3145446777344,24590440
wh3_main_combi_region_fallen_king_mountain,526.6404113769531,483.8293914794922,25653367
wh3_main_combi_region_fateweavers_crevasse,340.6791076660156,20.75340509414673,24440889
wh3_main_combi_region_fire_mouth,672.6100463867188,460.3255310058594,25966133
wh3_main_combi_region_flayed_rock,662.6121215820312,363.3096008300781,24329383
wh3_main_combi_region_flensburg,392.16839599609375,477.3283233642578,25050261
wh3_main_combi_region_floating_mountain,684.6075134277344,609.8500671386719,24051521
wh3_main_combi_region_floating_pyramid,69.23559379577637,303.7998504638672,25708764
wh3_main_combi_region_floating_village,456.1550598144531,287.29713439941406,24004400
wh3_main_combi_region_forest_of_arnheim,73.48470687866211,463.82611083984375,25711994
wh3_main_combi_region_forest_of_gloom,469.6522674560547,423.8195495605469,25656768
wh3_main_combi_region_fort_bergbres,300.1875457763672,490.8305358886719,24982445
wh3_main_combi_region_fort_jakova,494.1471710205078,541.3388366699219,24246954
wh3_main_combi_region_fort_oberstyre,446.1571502685547,478.8285827636719,24377624
wh3_main_combi_region_fort_ostrosk,454.1554870605469,606.3494873046875,25392234
wh3_main_combi_region_fort_soll,388.6691131591797,418.3186340332031,24665239
wh3_main_combi_region_fort_straghov,447.65684509277344,621.85205078125,24758149
wh3_main_combi_region_fortress_of_dawn,364.17420959472656,52.7586555480957,25633243
wh3_main_combi_region_fortress_of_eyes,777.0882873535156,543.339111328125,24701543
wh3_main_combi_region_fortress_of_the_damned,250.69782257080078,671.3601684570312,24618224
wh3_main_combi_region_foundry_of_bones,865.0699768066406,537.8382568359375,25317493
wh3_main_combi_region_frozen_landing,508.1442413330078,632.8538208007812,24755080
wh3_main_combi_region_fu_chow,904.5617370605469,388.81378173828125,26108868
wh3_main_combi_region_fu_hung,821.5790100097656,289.7975616455078,24362175
wh3_main_combi_region_fuming_serpent,191.21021270751953,178.77933502197266,25292689
wh3_main_combi_region_fyrus,330.6811828613281,270.2943420410156,25637507
wh3_main_combi_region_gaean_vale,171.21437072753906,446.82330322265625,25287441
wh3_main_combi_region_galbaraz,416.6632843017578,290.7976989746094,25915457
wh3_main_combi_region_gateway_to_khuresh,839.5752868652344,269.7942657470703,24482353
wh3_main_combi_region_ghrond,104.72820663452148,649.3565673828125,24182144
wh3_main_combi_region_gisoreux,292.68910217285156,483.8293914794922,25310720
wh3_main_combi_region_gnashraks_lair,529.139892578125,495.83135986328125,25441068
wh3_main_combi_region_gnobbly_gorge,716.1009826660156,336.30517578125,25105924
wh3_main_combi_region_golden_ziggurat,24.744851112365723,217.78573608398438,25501504
wh3_main_combi_region_gor_gazan,393.6680603027344,257.29222869873047,24546974
wh3_main_combi_region_gorger_rock,666.1113891601562,523.3358764648438,26105622
wh3_main_combi_region_gorssel,307.1860809326172,525.3362121582031,25590898
wh3_main_combi_region_graeling_moot,320.1833801269531,639.85498046875,24997947
wh3_main_combi_region_granite_massif,504.14508056640625,236.2887725830078,24939067
wh3_main_combi_region_granite_spikes,718.6004638671875,542.3389892578125,25073739
wh3_main_combi_region_great_desert_of_araby,325.1823272705078,206.28384399414062,24366770
wh3_main_combi_region_great_hall_of_greasus,688.1067810058594,387.8136291503906,25356954
wh3_main_combi_region_great_skull_lakes,569.6314392089844,534.3376770019531,24605207
wh3_main_combi_region_great_turtle_isle,20.745681762695312,193.28172302246094,26158133
wh3_main_combi_region_grenzstadt,432.65997314453125,441.82249450683594,24279132
wh3_main_combi_region_grey_rock_point,70.73527908325195,418.8187255859375,24964121
wh3_main_combi_region_griffon_gate,130.7228012084961,458.3251953125,24165394
wh3_main_combi_region_grimhold,364.6741180419922,408.81707763671875,24640661
wh3_main_combi_region_grimtop,701.6039733886719,377.3119201660156,24323006
wh3_main_combi_region_gristle_valley,374.6720275878906,423.3194580078125,24886525
wh3_main_combi_region_grom_peak,513.1432037353516,454.3245391845703,25018713
wh3_main_combi_region_gronti_mingol,390.668701171875,318.80230712890625,25403114
wh3_main_combi_region_grotrilexs_glare_lighthouse,275.19273376464844,39.25644111633301,26033315
wh3_main_combi_region_grunburg,366.1737823486328,480.3288269042969,26044305
wh3_main_combi_region_grung_zint,289.68971252441406,501.3322448730469,25231758
wh3_main_combi_region_gryphon_wood,447.1569519042969,526.3363647460938,25331129
wh3_main_combi_region_hag_graef,92.7307014465332,607.3496704101562,25818252
wh3_main_combi_region_hag_hall,70.73527908325195,496.8315124511719,24653762
wh3_main_combi_region_haichai,903.0620727539062,479.8287353515625,25116075
wh3_main_combi_region_hanyu_port,753.0932922363281,381.3125915527344,24022991
wh3_main_combi_region_har_ganeth,141.7205047607422,637.8546752929688,25513713
wh3_main_combi_region_har_kaldra,54.23871040344238,653.8572692871094,25307368
wh3_main_combi_region_hell_pit,471.1519470214844,622.8522338867188,24693083
wh3_main_combi_region_helmgart,325.1823272705078,465.32635498046875,24039810
wh3_main_combi_region_hergig,401.6664123535156,541.8388977050781,24585729
wh3_main_combi_region_hexoatl,46.24037742614746,377.8119812011719,26014840
wh3_main_combi_region_hidden_landing,917.0591735839844,251.29122161865234,25688526
wh3_main_combi_region_hoteks_column,115.72591781616211,554.3409729003906,25267151
wh3_main_combi_region_howling_rock,580.6291809082031,456.82496643066406,24848711
wh3_main_combi_region_hualotal,66.23621559143066,238.7891845703125,24870696
wh3_main_combi_region_ice_rock_gorge,49.2397518157959,497.33160400390625,25467008
wh3_main_combi_region_icespewer,647.1153259277344,550.34033203125,25946995
wh3_main_combi_region_igerov,501.6455993652344,562.8423461914062,24909115
wh3_main_combi_region_infernius,287.1902313232422,729.8697814941406,25581152
wh3_main_combi_region_iron_rock,486.14881896972656,378.8121643066406,25973046
wh3_main_combi_region_iron_storm,800.08349609375,547.8399047851562,26008458
wh3_main_combi_region_ironfrost,26.744433403015137,677.3611450195312,26142020
wh3_main_combi_region_ironspike,28.7440185546875,422.3193054199219,25414373
wh3_main_combi_region_isle_of_the_crimson_skull,41.24141883850098,313.8014831542969,25907838
wh3_main_combi_region_isle_of_wights,234.70115661621094,558.091552734375,24179226
wh3_main_combi_region_itza,112.22664642333984,184.28023529052734,25226238
wh3_main_combi_region_jade_wind_mountain,857.571533203125,430.3205871582031,25065709
wh3_main_combi_region_jungles_of_chian,870.5688171386719,298.2989501953125,25496202
wh3_main_combi_region_ka_sabar,428.66078186035156,190.53126525878906,24477606
wh3_main_combi_region_kaiax,127.72342681884766,91.26497650146484,25892338
wh3_main_combi_region_kappelburg,436.1592254638672,546.3396606445312,24285718
wh3_main_combi_region_karag_dromar,451.15611267089844,433.82118225097656,24746683
wh3_main_combi_region_karag_dron,502.1455078125,398.81544494628906,26154747
wh3_main_combi_region_karag_orrud,481.1498565673828,238.28910064697266,25518391
wh3_main_combi_region_karak_angazhar,420.1625671386719,409.8172607421875,24104286
wh3_main_combi_region_karak_azgal,477.1507110595703,304.8000183105469,25789990
wh3_main_combi_region_karak_azgaraz,337.17982482910156,456.82496643066406,25603712
wh3_main_combi_region_karak_azorn,665.3615417480469,437.32177734375,24515432
wh3_main_combi_region_karak_azul,533.6389465332031,348.8072204589844,24787684
wh3_main_combi_region_karak_bhufdar,353.17649841308594,385.313232421875,25618188
wh3_main_combi_region_karak_dum,592.6266479492188,589.8468017578125,25743614
wh3_main_combi_region_karak_eight_peaks,508.1442413330078,354.3081512451172,24138010
wh3_main_combi_region_karak_hirn,394.16796875,413.3178253173828,24556771
wh3_main_combi_region_karak_izor,373.67222595214844,389.81396484375,24569561
wh3_main_combi_region_karak_kadrin,499.6460266113281,496.8315124511719,25069077
wh3_main_combi_region_karak_krakaten,670.1105346679688,379.312255859375,25096039
wh3_main_combi_region_karak_norn,356.67576599121094,440.32225036621094,24875489
wh3_main_combi_region_karak_raziak,507.14447021484375,516.334716796875,24561533
wh3_main_combi_region_karak_ungor,515.6427001953125,535.3378295898438,25185907
wh3_main_combi_region_karak_vlag,545.636474609375,583.3457336425781,24733742
wh3_main_combi_region_karak_vrag,674.6095886230469,505.8330078125,24738469
wh3_main_combi_region_karak_ziflin,318.18377685546875,468.82691955566406,25881709
wh3_main_combi_region_karak_zorn,455.6551818847656,170.27793884277344,24823014
wh3_main_combi_region_karaz_a_karak,491.64768981933594,423.3194580078125,24349214
wh3_main_combi_region_karond_kar,185.21145629882812,615.3509521484375,24493369
wh3_main_combi_region_kauark,134.72196197509766,672.8604125976562,24845322
wh3_main_combi_region_kemperbad,377.6714172363281,491.83070373535156,24131520
wh3_main_combi_region_khazid_bordkarag,459.1544494628906,635.354248046875,25556874
wh3_main_combi_region_khazid_irkulaz,534.6387329101562,521.3355712890625,25809936
wh3_main_combi_region_khemri,408.6649475097656,222.78655242919922,24817608
wh3_main_combi_region_khymerica_spire,19.245994567871094,544.3392944335938,25133274
wh3_main_combi_region_kings_glade,342.1787872314453,400.315673828125,25715414
wh3_main_combi_region_kislev,480.15008544921875,568.3432312011719,25044809
wh3_main_combi_region_konquata,230.70198822021484,574.8442993164062,25678444
wh3_main_combi_region_kradtommen,499.1461181640625,302.7996826171875,25548844
wh3_main_combi_region_kraka_drak,473.6514129638672,649.3565673828125,24721275
wh3_main_combi_region_krugenheim,423.6618194580078,504.33274841308594,24672367
wh3_main_combi_region_kunlan,835.5761413574219,453.3243713378906,24397165
wh3_main_combi_region_lahmia,533.1390380859375,267.7939453125,25797919
wh3_main_combi_region_languille,256.6965866088867,509.83367919921875,24512434
wh3_main_combi_region_lashiek,299.18772888183594,242.7898406982422,24045237
wh3_main_combi_region_laurelorn_forest,352.1767120361328,563.3424377441406,24340562
wh3_main_combi_region_li_temple,894.5638122558594,346.80690002441406,25313905
wh3_main_combi_region_li_zhu,913.0599975585938,362.8095397949219,25001367
wh3_main_combi_region_longship_graveyard,362.6745300292969,608.8499145507812,24259628
wh3_main_combi_region_lost_plateau,470.1521759033203,187.28072357177734,24413490
wh3_main_combi_region_lothern,169.71468353271484,395.8149719238281,25765732
wh3_main_combi_region_luccini,337.17982482910156,316.80198669433594,26041249
wh3_main_combi_region_lybaras,551.1353149414062,244.7901611328125,24301474
wh3_main_combi_region_lyonesse,241.69970703125,486.8298645019531,24297089
wh3_main_combi_region_macu_peaks,35.242666244506836,352.8078918457031,24263007
wh3_main_combi_region_magritta,278.6919860839844,330.30418395996094,25931506
wh3_main_combi_region_mahrak,515.6427001953125,246.79049682617188,24675664
wh3_main_combi_region_mangrove_coast,175.71343231201172,106.26744079589844,24319884
wh3_main_combi_region_marienburg,302.18711853027344,506.8331756591797,25473276
wh3_main_combi_region_marks_of_the_old_ones,150.21873474121094,142.27334594726562,24553585
wh3_main_combi_region_martek,326.6820068359375,244.7901611328125,24474429
wh3_main_combi_region_massif_orcal,306.18626403808594,437.32177734375,24115500
wh3_main_combi_region_matorca,422.1621551513672,389.3138732910156,26002077
wh3_main_combi_region_middenheim,370.1729736328125,544.8394165039062,24507762
wh3_main_combi_region_middenstag,379.6709899902344,532.3373413085938,26085838
wh3_main_combi_region_mighdal_vongalbarak,434.15965270996094,427.3201141357422,24698356
wh3_main_combi_region_mine_of_the_bearded_skulls,80.23330307006836,167.2774429321289,24683889
wh3_main_combi_region_ming_zhu,829.5773620605469,472.3274841308594,25275261
wh3_main_combi_region_miragliano,332.1808776855469,352.3078155517578,24251557
wh3_main_combi_region_mistnar,221.20397186279297,489.3302917480469,24708031
wh3_main_combi_region_misty_mountain,522.6412353515625,296.7987060546875,25803425
wh3_main_combi_region_monolith_of_borkill_the_bloody_handed,300.6874237060547,617.8513793945312,24401912
wh3_main_combi_region_monolith_of_bubonicus,569.6314392089844,654.3573608398438,25574198
wh3_main_combi_region_monolith_of_festerlung,547.6360473632812,669.3598327636719,24761251
wh3_main_combi_region_monolith_of_flesh,400.6666259765625,689.6131591796875,25878607
wh3_main_combi_region_montenas,276.6924133300781,350.30747985839844,25157567
wh3_main_combi_region_montfort,316.68409729003906,457.32501220703125,24658558
wh3_main_combi_region_monument_of_izzatal,70.23538589477539,271.7946014404297,24345922
wh3_main_combi_region_monument_of_the_moon,96.7298698425293,351.30763244628906,25928383
wh3_main_combi_region_mordheim,451.15611267089844,510.33372497558594,24011139
wh3_main_combi_region_morgheim,457.65476989746094,315.8018035888672,25544111
wh3_main_combi_region_mount_arachnos,476.15089416503906,206.28384399414062,25831880
wh3_main_combi_region_mount_athull,199.70844268798828,28.25463581085205,25523241
wh3_main_combi_region_mount_grey_hag,587.1278076171875,397.8152770996094,26074849
wh3_main_combi_region_mount_gunbad,540.6375122070312,453.824462890625,25896741
wh3_main_combi_region_mount_silverspear,555.1344604492188,417.81854248046875,24232153
wh3_main_combi_region_mount_squighorn,520.6416625976562,413.3178253173828,25875334
wh3_main_combi_region_mount_thug,703.6035766601562,355.8083801269531,25860223
wh3_main_combi_region_mountain_pass,883.0662536621094,258.29237365722656,25099430
wh3_main_combi_region_mousillon,255.19689178466797,466.82659912109375,24704871
wh3_main_combi_region_myrmidens,382.17047119140625,334.804931640625,25887996
wh3_main_combi_region_nagashizzar,566.632080078125,312.3012390136719,24311121
wh3_main_combi_region_nagenhof,479.15028381347656,526.3363647460938,24091482
wh3_main_combi_region_naggarond,74.73444747924805,627.3529357910156,25351989
wh3_main_combi_region_naglfari_plain,368.6732635498047,646.3560791015625,25457037
wh3_main_combi_region_nagrar,181.21228790283203,645.3558959960938,26011721
wh3_main_combi_region_nahuontl,375.67181396484375,112.76850509643555,24151730
wh3_main_combi_region_nan_gau,760.091796875,505.8330078125,24288996
wh3_main_combi_region_nan_li,763.5911254882812,483.3292999267578,25848352
wh3_main_combi_region_niedling,436.1592254638672,493.8310241699219,24081771
wh3_main_combi_region_nonchang,849.0733032226562,380.8125,25624944
wh3_main_combi_region_norden,396.6674499511719,593.8474731445312,24266229
wh3_main_combi_region_novchozy,522.6412353515625,592.3471984863281,25587780
wh3_main_combi_region_nuja,254.69700622558594,328.803955078125,24256609
wh3_main_combi_region_nuln,369.4231262207031,468.82691955566406,25091439
wh3_main_combi_region_numas,434.6595458984375,229.28761291503906,24293785
wh3_main_combi_region_oakenhammer,477.6506042480469,455.32470703125,24196450
wh3_main_combi_region_okkams_forever_maze,473.6514129638672,21.753570556640625,24945684
wh3_main_combi_region_oreons_camp,428.16090393066406,166.7773666381836,25838659
wh3_main_combi_region_oyxl,122.22456741333008,144.77375030517578,25120590
wh3_main_combi_region_pack_ice_bay,302.18711853027344,585.3460083007812,26057081
wh3_main_combi_region_pahuax,61.23725891113281,331.804443359375,25599032
wh3_main_combi_region_palace_of_princes,269.6938781738281,688.863037109375,24217660
wh3_main_combi_region_parravon,322.682861328125,443.82281494140625,25278520
wh3_main_combi_region_petrified_forest,51.239336013793945,429.8205261230469,25868805
wh3_main_combi_region_pfeildorf,392.6682891845703,440.32225036621094,25997407
wh3_main_combi_region_phoenix_gate,163.71593475341797,477.8283996582031,24902976
wh3_main_combi_region_pigbarter,648.6150512695312,353.8080596923828,25976329
wh3_main_combi_region_pillar_of_skulls,585.1282348632812,618.8515625,24525643
wh3_main_combi_region_pillars_of_unseen_constellations,39.2418327331543,256.29205322265625,24550260
wh3_main_combi_region_plain_of_dogs,26.744433403015137,488.3301086425781,25756478
wh3_main_combi_region_plain_of_spiders,26.744433403015137,522.335693359375,25429624
wh3_main_combi_region_plain_of_tuskers,374.17213439941406,176.7790069580078,25397013
wh3_main_combi_region_plesk,511.14361572265625,581.845458984375,25487553
wh3_main_combi_region_po_mei,820.5792541503906,500.8321533203125,25594228
wh3_main_combi_region_pools_of_despair,349.1773223876953,234.7885284423828,24101039
wh3_main_combi_region_port_elistor,189.71051788330078,417.31846618652344,25007705
wh3_main_combi_region_port_of_secrets,479.6501922607422,694.3639526367188,25912139
wh3_main_combi_region_port_reaver,65.23642349243164,370.81085205078125,25534557
wh3_main_combi_region_pox_marsh,199.2085418701172,218.28582000732422,25705773
wh3_main_combi_region_praag,483.1494598388672,594.3475341796875,25343183
wh3_main_combi_region_qiang,743.0953674316406,360.8092041015625,24596891
wh3_main_combi_region_quatar,453.15570068359375,213.7850799560547,24058367
wh3_main_combi_region_quenelles,321.1831512451172,416.8183898925781,25481054
wh3_main_combi_region_quetza,124.2241439819336,168.7776870727539,25112832
wh3_main_combi_region_quittax,94.73028945922852,232.28811645507812,25179340
wh3_main_combi_region_rackdo_gorge,36.742353439331055,626.8528747558594,24384284
wh3_main_combi_region_rasetra,511.64353942871094,221.28631591796875,25369874
wh3_main_combi_region_red_fortress,879.5669555664062,511.83396911621094,24628863
wh3_main_combi_region_riffraffa,346.67784118652344,335.80511474609375,24889631
wh3_main_combi_region_rothkar_spire,8.74817967414856,565.8428344726562,24456780
wh3_main_combi_region_rotten_stone,777.5881958007812,565.3427734375,25621701
wh3_main_combi_region_ruins_end,632.6183471679688,329.8041229248047,24805145
wh3_main_combi_region_sabre_mountain,624.6200256347656,540.3386535644531,25691917
wh3_main_combi_region_salzenmund,372.17254638671875,584.3458862304688,24927819
wh3_main_combi_region_sarl_encampment,391.6684875488281,652.3570556640625,24243744
wh3_main_combi_region_sartosa,328.6815948486328,300.7993621826172,24648829
wh3_main_combi_region_scarpels_lair,10.247867107391357,463.3260192871094,25447263
wh3_main_combi_region_sentinels_of_xeti,51.239336013793945,187.7808074951172,25990829
wh3_main_combi_region_serpent_coast,531.1394653320312,169.27777862548828,25939172
wh3_main_combi_region_serpent_jetty,277.6922149658203,654.3573608398438,24988188
wh3_main_combi_region_shagrath,213.20562744140625,658.3580322265625,24466713
wh3_main_combi_region_shang_wu,777.5881958007812,369.3105926513672,25424887
wh3_main_combi_region_shang_yang,753.0932922363281,427.82020568847656,25560256
wh3_main_combi_region_shard_bastion,209.70635986328125,694.3639526367188,24175608
wh3_main_combi_region_shattered_cove,667.611083984375,321.80279541015625,24167818
wh3_main_combi_region_shattered_stone_isle,667.611083984375,296.7987060546875,24814519
wh3_main_combi_region_shi_long,827.5777587890625,355.3083038330078,26116701
wh3_main_combi_region_shi_wu,912.0602111816406,321.80279541015625,25738797
wh3_main_combi_region_shiyamas_rest,847.5736083984375,355.3083038330078,26026818
wh3_main_combi_region_shrine_of_asuryan,172.21416473388672,416.31829833984375,26005330
wh3_main_combi_region_shrine_of_khaine,172.21416473388672,511.3338928222656,24007690
wh3_main_combi_region_shrine_of_kurnous,178.2129135131836,495.83135986328125,24839020
wh3_main_combi_region_shrine_of_ladrielle,149.71884155273438,599.3483276367188,24055180
wh3_main_combi_region_shrine_of_loec,207.70677185058594,394.314697265625,24134907
wh3_main_combi_region_shrine_of_sotek,31.243496894836426,329.8041229248047,24432901
wh3_main_combi_region_shrine_of_the_alchemist,751.0936889648438,461.8257751464844,24892787
wh3_main_combi_region_shroktak_mount,38.242042541503906,592.8472900390625,25450459
wh3_main_combi_region_silver_pinnacle,550.6354064941406,509.3335723876953,25673651
wh3_main_combi_region_sjoktraken,485.1490478515625,638.8548278808594,24932637
wh3_main_combi_region_skavenblight,310.6853485107422,355.8083801269531,24186740
wh3_main_combi_region_skeggi,84.23247146606445,395.8149719238281,25504698
wh3_main_combi_region_skrap_towers,677.6089782714844,346.30682373046875,24374347
wh3_main_combi_region_slavers_point,159.2168731689453,580.8453369140625,25041335
wh3_main_combi_region_snake_gate,785.0866088867188,513.3342132568359,25004602
wh3_main_combi_region_sorcerers_islands,280.69158935546875,238.28910064697266,24950325
wh3_main_combi_region_soteks_trail,474.1513214111328,125.77063751220703,24714438
wh3_main_combi_region_southern_outpost,855.0720520019531,252.79148864746094,24066640
wh3_main_combi_region_spektazuma,58.23788070678711,291.7978820800781,25751809
wh3_main_combi_region_spite_reach,126.72362518310547,651.8569946289062,25145250
wh3_main_combi_region_spitepeak,527.1403198242188,321.80279541015625,24421236
wh3_main_combi_region_springs_of_eternal_life,419.6626739501953,206.783935546875,25748539
wh3_main_combi_region_ssildra_tor,42.741106033325195,412.81773376464844,25453823
wh3_main_combi_region_statues_of_the_gods,364.17420959472656,135.2721939086914,25577724
wh3_main_combi_region_steingart,414.16380310058594,435.8215026855469,24048350
wh3_main_combi_region_stonemine_tower,418.16297912597656,371.8110046386719,24450470
wh3_main_combi_region_storag_kor,48.239959716796875,560.842041015625,24504344
wh3_main_combi_region_stormhenge,379.6709899902344,273.2948455810547,25958439
wh3_main_combi_region_stormvrack_mount,540.6375122070312,638.8548278808594,24206106
wh3_main_combi_region_subatuun,97.72966384887695,155.27547454833984,25584490
wh3_main_combi_region_sudenburg,367.17359924316406,195.7821273803711,26081386
wh3_main_combi_region_sulpharets,14.746930599212646,410.3173522949219,26060345
wh3_main_combi_region_sump_pit,538.6379089355469,333.8047790527344,24275865
wh3_main_combi_region_sun_tree_glades,406.6653594970703,139.2728500366211,25814759
wh3_main_combi_region_sunken_khernarch,432.1600646972656,279.79591369628906,24316572
wh3_main_combi_region_swamp_town,60.73736000061035,354.3081512451172,24128465
wh3_main_combi_region_swartzhafen,450.1563262939453,457.32501220703125,24608567
wh3_main_combi_region_tai_tzu,785.0866088867188,427.82020568847656,24574403
wh3_main_combi_region_talabheim,403.6659851074219,532.3373413085938,25365115
wh3_main_combi_region_temple_avenue_of_gold,479.6501922607422,92.76521682739258,24110657
wh3_main_combi_region_temple_of_addaioth,50.73944091796875,531.337158203125,24835674
wh3_main_combi_region_temple_of_elemental_winds,772.0893249511719,340.30584716796875,24717728
wh3_main_combi_region_temple_of_heimkel,526.6404113769531,610.3501281738281,25904805
wh3_main_combi_region_temple_of_kara,101.72882843017578,282.29632568359375,25984247
wh3_main_combi_region_temple_of_khaine,59.23767280578613,608.349853515625,24863349
wh3_main_combi_region_temple_of_skulls,515.1428070068359,191.78146362304688,25214999
wh3_main_combi_region_temple_of_tlencan,143.7200927734375,258.79246520996094,25783684
wh3_main_combi_region_teotiqua,494.1471710205078,144.27367401123047,25417567
wh3_main_combi_region_terracotta_graveyard,801.5831909179688,486.8298645019531,24209440
wh3_main_combi_region_the_awakening,184.211669921875,202.28318786621094,24212688
wh3_main_combi_region_the_black_forests,138.2212371826172,559.8418579101562,24202909
wh3_main_combi_region_the_black_pillar,142.7202911376953,654.8574523925781,24107521
wh3_main_combi_region_the_black_pit,340.6791076660156,543.8392333984375,24827814
wh3_main_combi_region_the_bleeding_spire,616.6216430664062,645.85595703125,24304617
wh3_main_combi_region_the_blighted_grove,374.17213439941406,735.3706359863281,25361773
wh3_main_combi_region_the_blood_hall,17.246411323547363,256.29205322265625,24915608
wh3_main_combi_region_the_blood_swamps,159.71675872802734,181.7798309326172,24625800
wh3_main_combi_region_the_bone_gulch,561.6331176757812,326.8036193847656,25377992
wh3_main_combi_region_the_burning_monolith,566.632080078125,691.3634643554688,24710994
wh3_main_combi_region_the_challenge_stone,682.1080627441406,560.3419189453125,25863722
wh3_main_combi_region_the_copper_landing,75.73423767089844,133.2718734741211,24094679
wh3_main_combi_region_the_crystal_spires,500.1459197998047,714.8673095703125,25270341
wh3_main_combi_region_the_cursed_jungle,497.14654541015625,165.7771987915039,24743261
wh3_main_combi_region_the_daemons_stump,647.1153259277344,421.3191223144531,24460066
wh3_main_combi_region_the_dust_gate,93.7304916381836,120.26973724365234,24282376
wh3_main_combi_region_the_falls_of_doom,608.1234436035156,502.8324890136719,24772997
wh3_main_combi_region_the_fetid_catacombs,294.6886749267578,691.3634643554688,26127780
wh3_main_combi_region_the_folly_of_malofex,314.1846160888672,700.3649291992188,24490261
wh3_main_combi_region_the_forbidden_citadel,413.6639099121094,655.3575134277344,25734059
wh3_main_combi_region_the_forest_of_decay,427.6610107421875,724.3688659667969,25923556
wh3_main_combi_region_the_fortress_of_vorag,594.1263427734375,338.3055114746094,24537173
wh3_main_combi_region_the_frozen_city,189.71051788330078,672.8604125976562,24800364
wh3_main_combi_region_the_galleons_graveyard,171.71426391601562,345.8067321777344,24643925
wh3_main_combi_region_the_gallows_tree,651.114501953125,632.353759765625,24424476
wh3_main_combi_region_the_gates_of_zharr,612.1225891113281,434.82135009765625,25611621
wh3_main_combi_region_the_godless_crater,157.21727752685547,17.252830982208252,24445744
wh3_main_combi_region_the_golden_colossus,57.23808670043945,162.7767105102539,25942207
wh3_main_combi_region_the_golden_tower,454.1554870605469,152.77507781982422,26113517
wh3_main_combi_region_the_great_arena,103.72841262817383,629.8533325195312,26020268
wh3_main_combi_region_the_haunted_forest,712.1017761230469,322.30287170410156,25209637
wh3_main_combi_region_the_high_place,531.1394653320312,424.8197326660156,26119892
wh3_main_combi_region_the_high_sentinel,80.23330307006836,311.8011474609375,24808383
wh3_main_combi_region_the_howling_citadel,527.6401977539062,704.3656005859375,25569258
wh3_main_combi_region_the_lost_palace,380.6707763671875,14.752420902252197,24880274
wh3_main_combi_region_the_maw_gate,711.6018981933594,396.8151092529297,25980901
wh3_main_combi_region_the_monolith_of_katam,301.1873016357422,666.8594055175781,24035483
wh3_main_combi_region_the_monoliths,135.7217559814453,582.8456115722656,26162703
wh3_main_combi_region_the_moon_shard,89.73132705688477,437.32177734375,24326318
wh3_main_combi_region_the_moot,432.65997314453125,463.82611083984375,25509102
wh3_main_combi_region_the_never_ending_chasm,187.7109375,14.252338886260986,24973965
wh3_main_combi_region_the_oak_of_ages,342.67869567871094,409.8172607421875,24961756
wh3_main_combi_region_the_palace_of_ruin,153.71800994873047,697.3643798828125,24143580
wh3_main_combi_region_the_pillars_of_grungni,509.14404296875,421.8192138671875,24832522
wh3_main_combi_region_the_sacred_pools,102.22872924804688,201.7831039428711,25201129
wh3_main_combi_region_the_sentinel_of_time,126.72362518310547,117.26924133300781,25385866
wh3_main_combi_region_the_sentinels,632.6183471679688,393.81463623046875,25835367
wh3_main_combi_region_the_silvered_tower_of_sorcerers,251.69762420654297,723.3686828613281,25668708
wh3_main_combi_region_the_sinhall_monolith,246.69866180419922,28.754719734191895,26097274
wh3_main_combi_region_the_skull_carvers_abode,443.6576690673828,9.25151801109314,25206461
wh3_main_combi_region_the_southern_sentinels,149.71884155273438,102.7668685913086,24953599
wh3_main_combi_region_the_star_tower,187.2110366821289,165.2771224975586,24866484
wh3_main_combi_region_the_tower_of_flies,457.1548614501953,710.3665466308594,25920238
wh3_main_combi_region_the_tower_of_khrakk,422.1621551513672,633.3539428710938,25826986
wh3_main_combi_region_the_tower_of_torment,507.64434814453125,661.8585815429688,26145618
wh3_main_combi_region_the_twisted_glade,138.72113800048828,533.8375854492188,26137578
wh3_main_combi_region_the_twisted_towers,324.1825408935547,724.8689270019531,25373090
wh3_main_combi_region_the_volary,742.0955505371094,552.8406982421875,25640564
wh3_main_combi_region_the_witchwood,44.240793228149414,509.3335723876953,25490649
wh3_main_combi_region_the_writhing_fortress,611.1228332519531,684.3622741699219,24224160
wh3_main_combi_region_thrice_cursed_peak,100.72903823852539,133.2718734741211,25246811
wh3_main_combi_region_titans_notch,699.6044006347656,490.3304443359375,25775563
wh3_main_combi_region_tlanxla,83.73257064819336,255.79196166992188,25794621
wh3_main_combi_region_tlaqua,363.17442321777344,156.77571868896484,24369589
wh3_main_combi_region_tlax,173.21395111083984,223.28663635253906,24855679
wh3_main_combi_region_tlaxtlan,109.72716903686523,249.79098510742188,25381176
wh3_main_combi_region_tobaro,312.18504333496094,342.30616760253906,24593716
wh3_main_combi_region_tor_achare,197.2089614868164,477.8283996582031,25174657
wh3_main_combi_region_tor_anlec,156.21749114990234,501.3322448730469,25961796
wh3_main_combi_region_tor_anroc,118.72529220581055,457.32501220703125,25844019
wh3_main_combi_region_tor_dranil,132.22248458862305,483.8293914794922,24199734
wh3_main_combi_region_tor_elasor,608.6233520507812,60.759971618652344,24726047
wh3_main_combi_region_tor_elyr,137.7213363647461,430.3205871582031,24729065
wh3_main_combi_region_tor_finu,199.70844268798828,451.82415771484375,24637299
wh3_main_combi_region_tor_koruali,221.20397186279297,467.8267517089844,24688598
wh3_main_combi_region_tor_saroir,180.21249389648438,463.82611083984375,25460574
wh3_main_combi_region_tor_sethai,137.7213363647461,408.81707763671875,26030185
wh3_main_combi_region_tor_surpindar,408.6649475097656,59.259727478027344,24097714
wh3_main_combi_region_tor_yvresse,211.20604705810547,442.8226318359375,24027333
wh3_main_combi_region_tower_of_ashung,888.5650939941406,282.29632568359375,25770629
wh3_main_combi_region_tower_of_gorgoth,604.124267578125,406.3166809082031,24238807
wh3_main_combi_region_tower_of_lysean,152.21832275390625,405.81658935546875,25348634
wh3_main_combi_region_tower_of_the_stars,625.1199035644531,133.2718734741211,24780980
wh3_main_combi_region_tower_of_the_sun,655.1136474609375,102.7668685913086,24435969
wh3_main_combi_region_tralinia,229.70220184326172,433.32110595703125,25806955
wh3_main_combi_region_tribeslaughter,565.6322937011719,603.8490600585938,24272545
wh3_main_combi_region_troll_fjord,257.69637298583984,613.3506469726562,24380837
wh3_main_combi_region_turtle_gate,832.5767211914062,512.8341522216797,25168317
wh3_main_combi_region_tyrant_peak,14.247035503387451,442.3225860595703,26052369
wh3_main_combi_region_ubersreik,337.17982482910156,473.8277282714844,25389164
wh3_main_combi_region_unicorn_gate,144.21998596191406,471.32733154296875,25422469
wh3_main_combi_region_uzkulak,570.6312561035156,557.8414916992188,26100605
wh3_main_combi_region_valayas_sorrow,492.1475830078125,344.30650329589844,25730805
wh3_main_combi_region_vale_of_titans,708.1026306152344,431.8208465576172,24905432
wh3_main_combi_region_valley_of_horns,668.1109924316406,403.316162109375,25023611
wh3_main_combi_region_varenka_hills,469.15235900878906,407.8169250488281,25062525
wh3_main_combi_region_varg_camp,343.1785888671875,674.3606567382812,26131074
wh3_main_combi_region_vauls_anvil_loren,335.1802520751953,424.8197326660156,25056996
wh3_main_combi_region_vauls_anvil_naggaroth,84.23247146606445,516.8347930908203,24970393
wh3_main_combi_region_vauls_anvil_ulthuan,136.2216567993164,394.314697265625,25606985
wh3_main_combi_region_venom_glade,94.73028945922852,546.8397216796875,24406716
wh3_main_combi_region_verdanos,372.17254638671875,348.3071594238281,25994171
wh3_main_combi_region_village_of_the_moon,835.5761413574219,425.3197784423828,24358888
wh3_main_combi_region_village_of_the_tigermen,794.084716796875,319.8024597167969,25295682
wh3_main_combi_region_vitevo,473.6514129638672,548.8400573730469,25540877
wh3_main_combi_region_volcanos_heart,465.65309143066406,726.3691711425781,24920114
wh3_main_combi_region_volksgrad,500.1459197998047,600.3485107421875,25262522
wh3_main_combi_region_volulltrax,420.66246032714844,18.753077507019043,25400078
wh3_main_combi_region_vulture_mountain,303.18690490722656,222.78655242919922,24073498
wh3_main_combi_region_waili_village,846.5737915039062,295.7985382080078,25720759
wh3_main_combi_region_waldenhof,481.1498565673828,499.8320007324219,25950467
wh3_main_combi_region_waterfall_palace,344.1783752441406,436.8216857910156,24977144
wh3_main_combi_region_wei_jin,852.5725708007812,500.8321533203125,24159860
wh3_main_combi_region_weismund,353.17649841308594,525.8362731933594,25437714
wh3_main_combi_region_wellsprings_of_eternity,47.240169525146484,275.7952575683594,24235545
wh3_main_combi_region_weng_chang,783.0870666503906,469.82708740234375,24582512
wh3_main_combi_region_white_tower_of_hoeth,197.2089614868164,433.82118225097656,24120864
wh3_main_combi_region_whitefire_tor,146.21957397460938,449.32373046875,24883489
wh3_main_combi_region_whitepeak,114.22623062133789,440.82232666015625,25851611
wh3_main_combi_region_winter_pyre,453.15570068359375,667.8595886230469,24125454
wh3_main_combi_region_wissenburg,385.66973876953125,452.32421875,25629992
wh3_main_combi_region_wizard_caliphs_palace,291.6892852783203,207.7841033935547,24795637
wh3_main_combi_region_wolfenburg,416.6632843017578,560.842041015625,24577797
wh3_main_combi_region_worlds_edge_archway,547.1361389160156,434.82135009765625,25526519
wh3_main_combi_region_wreckers_point,316.68409729003906,576.8446655273438,26078210
wh3_main_combi_region_wurtbad,405.6655731201172,489.3302917480469,24170873
wh3_main_combi_region_xahutec,136.2216567993164,236.78884887695312,24220850
wh3_main_combi_region_xen_wu,750.0939025878906,405.3164978027344,24463462
wh3_main_combi_region_xhotl,88.73153305053711,183.7801513671875,24410134
wh3_main_combi_region_xing_po,801.5831909179688,440.32225036621094,25339788
wh3_main_combi_region_xlanhuapec,143.7200927734375,203.78343963623047,25036524
wh3_main_combi_region_xlanzec,161.2164535522461,84.26382827758789,25077093
wh3_main_combi_region_yetchitch,495.6468505859375,615.3509521484375,25223052
wh3_main_combi_region_yhetee_peak,715.6011047363281,477.8283996582031,25406287
wh3_main_combi_region_yuatek,402.1663055419922,77.76275634765625,24622620
wh3_main_combi_region_zanbaijin,669.6106262207031,646.3560791015625,24392197
wh3_main_combi_region_zandri,361.17481994628906,251.29122161865234,24389136
wh3_main_combi_region_zarakzil,360.17506408691406,348.3071594238281,25935885
wh3_main_combi_region_zavastra,450.1563262939453,567.8431701660156,24453548
wh3_main_combi_region_zhanshi,851.57275390625,400.8157653808594,24858958
wh3_main_combi_region_zharr_naggrund,630.1188659667969,484.8295593261719,25148644
wh3_main_combi_region_zhizhu,882.5663452148438,450.823974609375,26093868
wh3_main_combi_region_zhufbar,492.1475830078125,459.3253479003906,24564748
wh3_main_combi_region_ziggurat_of_dawn,61.23725891113281,398.81544494628906,25615058
wh3_main_combi_region_zlatlan,407.66517639160156,94.76554870605469,23999835
wh3_main_combi_region_zoishenk,430.6603698730469,612.8505554199219,24014367
wh3_main_combi_region_zvorak,388.1692199707031,378.31207275390625,25030082
