game,patch,steam_build_id,faction_key,faction_name,race,race_slug,culture_key,subculture_key,feature_forest_key,relative_path,node_set_variants,node_occurrences,unique_technologies,dependency_links,effects,locks_exclusions,direct_unlocks,total_rows,tree_structure_sha256,file_sha256,file_bytes
warhammer_3,8.1.1,24237342,wh2_dlc09_skv_clan_rictus,Clan Rictus,Skaven,skaven,wh2_main_skv_skaven,wh2_main_sc_skv_skaven,LOCKED_STANDARD,factions/skaven/wh2_dlc09_skv_clan_rictus.csv,1,52,52,53,103,0,0,271,cc74cf36ad579ef7a761381fc10b1cccf93dad0dc6bc27fffed7059e1b453983,0e13d2bf9978273863f2914bbce474080e380508084abc1cad2e397513451588,224787
warhammer_3,8.1.1,24237342,wh2_dlc09_tmb_exiles_of_nehek,Exiles of Nehek,Tomb Kings,tomb_kings,wh2_dlc09_tmb_tomb_kings,wh2_dlc09_sc_tmb_tomb_kings,LOCKED_STANDARD,factions/tomb_kings/wh2_dlc09_tmb_exiles_of_nehek.csv,1,74,74,72,179,0,13,575,1926954e6801872bddd5efd685cf536b99f98399ce984e957e858b2be34be563,088f2dd7b6986ad502a3333b23f7ed213b7eb94477f1b14a52a1bf67dd5aa633,528814
warhammer_3,8.1.1,24237342,wh2_dlc09_tmb_followers_of_nagash,Followers of Nagash,Tomb Kings,tomb_kings,wh2_dlc09_tmb_tomb_kings,wh2_dlc09_sc_tmb_tomb_kings,LOCKED_STANDARD,factions/tomb_kings/wh2_dlc09_tmb_followers_of_nagash.csv,1,74,74,72,179,0,13,575,1926954e6801872bddd5efd685cf536b99f98399ce984e957e858b2be34be563,420d7b2fb59ca9a0b469b4abcc0cdfd02ee46a4a1e618dc7ba220af19d37ef8c,533418
warhammer_3,8.1.1,24237342,wh2_dlc09_tmb_khemri,Khemri,Tomb Kings,tomb_kings,wh2_dlc09_tmb_tomb_kings,wh2_dlc09_sc_tmb_tomb_kings,LOCKED_STANDARD,factions/tomb_kings/wh2_dlc09_tmb_khemri.csv,1,74,74,72,179,0,13,575,1926954e6801872bddd5efd685cf536b99f98399ce984e957e858b2be34be563,206fb03b978655e315ecf3f584c9d169ed065da54a5c02919185d78c16b59a53,518455
warhammer_3,8.1.1,24237342,wh2_dlc09_tmb_lybaras,Court of Lybaras,Tomb Kings,tomb_kings,wh2_dlc09_tmb_tomb_kings,wh2_dlc09_sc_tmb_tomb_kings,LOCKED_STANDARD,factions/tomb_kings/wh2_dlc09_tmb_lybaras.csv,1,74,74,72,179,0,13,575,1926954e6801872bddd5efd685cf536b99f98399ce984e957e858b2be34be563,fb9b6fdf783c8ecdbf0ea1f65b2f41083c79f8152cd94c4f0b15dedf7e536ac4,524781
warhammer_3,8.1.1,24237342,wh2_dlc11_cst_noctilus,The Dreadfleet,Vampire Coast,vampire_coast,wh2_dlc11_cst_vampire_coast,wh2_dlc11_sc_cst_vampire_coast,LOCKED_STANDARD,factions/vampire_coast/wh2_dlc11_cst_noctilus.csv,1,48,48,44,45,0,13,233,8d0c9b80014e71915cec4abdcc817b90b6f305e66c1da940044d3b6a0bc216ee,38d43523256a46504a379ac72b80f19d66e1de2e9f9efc19ba29722602c7d694,211808
warhammer_3,8.1.1,24237342,wh2_dlc11_cst_pirates_of_sartosa,Pirates of Sartosa,Vampire Coast,vampire_coast,wh2_dlc11_cst_vampire_coast,wh2_dlc11_sc_cst_vampire_coast,LOCKED_STANDARD,factions/vampire_coast/wh2_dlc11_cst_pirates_of_sartosa.csv,1,48,48,44,45,0,13,233,8d0c9b80014e71915cec4abdcc817b90b6f305e66c1da940044d3b6a0bc216ee,99cc38639d0ae72de28f7fa48563372c3de80ac4e05e188b62d11729e9ceef0d,215080
warhammer_3,8.1.1,24237342,wh2_dlc11_cst_the_drowned,The Drowned,Vampire Coast,vampire_coast,wh2_dlc11_cst_vampire_coast,wh2_dlc11_sc_cst_vampire_coast,LOCKED_STANDARD,factions/vampire_coast/wh2_dlc11_cst_the_drowned.csv,1,48,48,44,45,0,13,233,8d0c9b80014e71915cec4abdcc817b90b6f305e66c1da940044d3b6a0bc216ee,9f4eff61eeaef4105a405583acbb957d7adcaf6dc70c7d380a802bad67e09390,211811
warhammer_3,8.1.1,24237342,wh2_dlc11_cst_vampire_coast,The Awakened,Vampire Coast,vampire_coast,wh2_dlc11_cst_vampire_coast,wh2_dlc11_sc_cst_vampire_coast,LOCKED_STANDARD,factions/vampire_coast/wh2_dlc11_cst_vampire_coast.csv,1,48,48,44,45,0,13,233,8d0c9b80014e71915cec4abdcc817b90b6f305e66c1da940044d3b6a0bc216ee,77947d9d7f8d43e5724b82463fc6d283a27fe96851c975fd51adc0ca8177e6cc,212512
warhammer_3,8.1.1,24237342,wh2_dlc11_def_the_blessed_dread,The Blessed Dread,Dark Elves,dark_elves,wh2_main_def_dark_elves,wh2_main_sc_def_dark_elves,MIXED_NAVAL_HORDE,factions/dark_elves/wh2_dlc11_def_the_blessed_dread.csv,1,52,52,57,96,0,0,259,7996ee69433602084b0a475e46f25fda2e4ea59220a6e9f57741a3d01b9a967a,fe067cb63d3ba717d4244350560ad695d3fb316ca6c756fe1fab94950ea61537,227938
warhammer_3,8.1.1,24237342,wh2_dlc11_vmp_the_barrow_legion,The Barrow Legion,Vampire Counts,vampire_counts,wh_main_vmp_vampire_counts,wh_main_sc_vmp_vampire_counts,LOCKED_STANDARD,factions/vampire_counts/wh2_dlc11_vmp_the_barrow_legion.csv,1,46,46,43,89,0,0,226,0e081e14bb3cf9df3b7f66b1799566930bff9ee64713445a6930aacd3689b3ba,622ed32749753335b1cda8da40300a592499cf16ed7abc088dafa574d0c1af1f,262812
warhammer_3,8.1.1,24237342,wh2_dlc12_lzd_cult_of_sotek,Cult of Sotek,Lizardmen,lizardmen,wh2_main_lzd_lizardmen,wh2_main_sc_lzd_lizardmen,LOCKED_STANDARD,factions/lizardmen/wh2_dlc12_lzd_cult_of_sotek.csv,1,64,64,54,131,0,0,405,4a02242bbc7f878865e46ad3a64041cd5c7038e755bc3aeeab3b6249907dd2f2,bc0985c91697689dbb8b352bbe36b503180287321386b9a45e71a35da8a06a5d,350374
warhammer_3,8.1.1,24237342,wh2_dlc13_emp_golden_order,The Golden Order,Empire,empire,wh_main_emp_empire,wh_main_sc_emp_empire,LOCKED_STANDARD,factions/empire/wh2_dlc13_emp_golden_order.csv,1,55,55,35,117,0,0,302,1c41e04cc402c1b2d53d2820e491b03441ede760fa7b8c40559f399eaca0fdcf,356ea480faf7d3c4398131f8407c1c21793bfcf58c8689e206fad6dbcbb75bba,269552
warhammer_3,8.1.1,24237342,wh2_dlc13_emp_the_huntmarshals_expedition,The Huntsmarshal's Expedition,Empire,empire,wh_main_emp_empire,wh_main_sc_emp_empire,LOCKED_STANDARD,factions/empire/wh2_dlc13_emp_the_huntmarshals_expedition.csv,1,51,51,36,115,0,0,291,2f365fa0c8fbc6ca49d14dbcce854b0c4c8491b5712ad54b4a6c2d75048adf10,a5f63551efc77e799fafbe6544d0cfa0d9668e111a95f165be58acacfed4e127,266769
warhammer_3,8.1.1,24237342,wh2_dlc13_lzd_spirits_of_the_jungle,Spirit of the Jungle,Lizardmen,lizardmen,wh2_main_lzd_lizardmen,wh2_main_sc_lzd_lizardmen,LOCKED_HORDE,factions/lizardmen/wh2_dlc13_lzd_spirits_of_the_jungle.csv,1,44,44,26,99,0,0,269,a2596e4148280989252a401bc9fb3278f6921447e2b22859af555bd8273e9821,f51fe1acd1915e4bf1436038389be76f28f7b03af111bcde7caeb19f27ff6d82,278572
warhammer_3,8.1.1,24237342,wh2_dlc14_brt_chevaliers_de_lyonesse,Chevaliers de Lyonesse,Bretonnia,bretonnia,wh_main_brt_bretonnia,wh_main_sc_brt_bretonnia,LOCKED_STANDARD,factions/bretonnia/wh2_dlc14_brt_chevaliers_de_lyonesse.csv,1,66,64,68,176,0,0,389,4ba1cd122f00ce22f5a1441db02a60a9a667304212f3aba0c277c499093f7abe,84b943e044d8e2e68a7b768c264f97174ddb9a53f7a2408f629599471bfb64c6,469798
warhammer_3,8.1.1,24237342,wh2_dlc15_grn_bonerattlaz,Bonerattlaz,Greenskins,greenskins,wh_main_grn_greenskins,wh_main_sc_grn_greenskins,LOCKED_STANDARD,factions/greenskins/wh2_dlc15_grn_bonerattlaz.csv,1,52,52,45,117,0,2,296,9bc52f99a3040ebd4c948420989d35a1eeaed2e0e1b9e5961cae24a650394510,ca73f60e6e5d843fcd878b4639d7fa3eb8d36bc5f4b5e0de0e583ba73982b4fb,244953
warhammer_3,8.1.1,24237342,wh2_dlc15_grn_broken_axe,Broken Axe,Greenskins,greenskins,wh_main_grn_greenskins,wh_main_sc_grn_greenskins,LOCKED_STANDARD,factions/greenskins/wh2_dlc15_grn_broken_axe.csv,1,52,52,45,117,0,2,296,9bc52f99a3040ebd4c948420989d35a1eeaed2e0e1b9e5961cae24a650394510,4636837373f320aa0429e8f4bc27e5a5ded5b3a2c9f7521ffe67e85543f34a59,244360
warhammer_3,8.1.1,24237342,wh2_dlc15_hef_imrik,Knights of Caledor,High Elves,high_elves,wh2_main_hef_high_elves,wh2_main_sc_hef_high_elves,LOCKED_STANDARD,factions/high_elves/wh2_dlc15_hef_imrik.csv,1,73,73,74,162,0,0,505,4c300257ce3742bf11d1345a3f9850fe18addef9d08c8056e98b7aff6ee79ba6,b43f10c7eb674dd33519ec2e061d443e42d5288133d4875c467f18f2bebf196f,436341
warhammer_3,8.1.1,24237342,wh2_dlc16_wef_drycha,Wargrove of Woe,Wood Elves,wood_elves,wh_dlc05_wef_wood_elves,wh_dlc05_sc_wef_wood_elves,LOCKED_STANDARD,factions/wood_elves/wh2_dlc16_wef_drycha.csv,1,35,35,25,85,0,0,212,a240a3bee05585f884f2c968baaee51d2cd1a2330fc98c593993f1162467215f,1c5ad7969b8c60cb9a6ec347481333ed6e922250b1c86721cf6e09047897b14d,229993
warhammer_3,8.1.1,24237342,wh2_dlc16_wef_sisters_of_twilight,Heralds of Ariel,Wood Elves,wood_elves,wh_dlc05_wef_wood_elves,wh_dlc05_sc_wef_wood_elves,LOCKED_STANDARD,factions/wood_elves/wh2_dlc16_wef_sisters_of_twilight.csv,1,33,33,25,81,0,0,198,ea022138575d9f0eb5f996e7bb666c8f5aeff2a60be2f997318658b404785af5,7d0849c633415ee7422603fb30a19b8f8f7cd0491f70971122074cdddb625e28,220386
warhammer_3,8.1.1,24237342,wh2_dlc17_bst_malagor,Harbinger of Disaster,Beastmen,beastmen,wh_dlc03_bst_beastmen,wh_dlc03_sc_bst_beastmen,LOCKED_HORDE_SETTLED,factions/beastmen/wh2_dlc17_bst_malagor.csv,1,28,28,16,42,12,0,128,86aad303d8458b80141c5b666b9fc81061d8e6df8621a9f7227226b7f3805cf0,c9bd46812abc049a51eb0a79f6757435dda67858e0a6acf6b353c3ba5e711f45,117652
warhammer_3,8.1.1,24237342,wh2_dlc17_bst_taurox,Slaughterhorn Tribe,Beastmen,beastmen,wh_dlc03_bst_beastmen,wh_dlc03_sc_bst_beastmen,LOCKED_HORDE_SETTLED,factions/beastmen/wh2_dlc17_bst_taurox.csv,1,28,28,16,42,12,0,128,86aad303d8458b80141c5b666b9fc81061d8e6df8621a9f7227226b7f3805cf0,7886bd4ae9b625df7f759e0cabd5518ad3c9d1f59a9cdb6bcc06488da2d486d6,117267
warhammer_3,8.1.1,24237342,wh2_dlc17_dwf_thorek_ironbrow,Ironbrow's Expedition,Dwarfs,dwarfs,wh_main_dwf_dwarfs,wh_main_sc_dwf_dwarfs,LOCKED_STANDARD,factions/dwarfs/wh2_dlc17_dwf_thorek_ironbrow.csv,1,68,68,122,117,0,0,510,ff05eb754ef635d0c27b7fccc6c3fbb9cf9c2aae5ee02890dbb0d4c05b32b44e,26c02ca9ba83bb6700fc1529f7e18a3034ba82ca4f385d82a398fc314c1bd7d3,579850
warhammer_3,8.1.1,24237342,wh2_dlc17_lzd_oxyotl,Ghosts of Pahuax,Lizardmen,lizardmen,wh2_main_lzd_lizardmen,wh2_main_sc_lzd_lizardmen,LOCKED_STANDARD,factions/lizardmen/wh2_dlc17_lzd_oxyotl.csv,1,64,64,54,131,0,0,405,4a02242bbc7f878865e46ad3a64041cd5c7038e755bc3aeeab3b6249907dd2f2,7978e87e0e02103babab93df8e6d1bafd485e969d87807c7c4372a02bd63edb1,348748
warhammer_3,8.1.1,24237342,wh2_main_def_cult_of_pleasure,Cult of Pleasure,Dark Elves,dark_elves,wh2_main_def_dark_elves,wh2_main_sc_def_dark_elves,MIXED_NAVAL_HORDE,factions/dark_elves/wh2_main_def_cult_of_pleasure.csv,1,54,54,59,100,0,0,269,d1cfaa3101abc4c5bed28f305cf70500bf33e07ede9518134fa348750867e4f7,ef41b54de913300fe3c74bc87562d79d821f89c2baf0fa634f9c7267de49f00f,236514
warhammer_3,8.1.1,24237342,wh2_main_def_hag_graef,Hag Graef,Dark Elves,dark_elves,wh2_main_def_dark_elves,wh2_main_sc_def_dark_elves,MIXED_NAVAL_HORDE,factions/dark_elves/wh2_main_def_hag_graef.csv,1,52,52,57,96,0,0,259,7996ee69433602084b0a475e46f25fda2e4ea59220a6e9f57741a3d01b9a967a,6f7f4e45413e89627c77167ddf2b9fd0d787acb46f122cf876bb187f91a8edb5,223527
warhammer_3,8.1.1,24237342,wh2_main_def_har_ganeth,Har Ganeth,Dark Elves,dark_elves,wh2_main_def_dark_elves,wh2_main_sc_def_dark_elves,MIXED_NAVAL_HORDE,factions/dark_elves/wh2_main_def_har_ganeth.csv,1,52,52,57,96,0,0,259,7996ee69433602084b0a475e46f25fda2e4ea59220a6e9f57741a3d01b9a967a,be9d8b8167ac40798208e075e7f973776cf01cbff01a0356a6ed7b581b294481,224046
warhammer_3,8.1.1,24237342,wh2_main_def_naggarond,Naggarond,Dark Elves,dark_elves,wh2_main_def_dark_elves,wh2_main_sc_def_dark_elves,MIXED_NAVAL_HORDE,factions/dark_elves/wh2_main_def_naggarond.csv,1,52,52,57,96,0,0,259,7996ee69433602084b0a475e46f25fda2e4ea59220a6e9f57741a3d01b9a967a,baad43f9189f2ccd6c88e94cd9beda07a0b688ae0c43dcec42131eb220f0e82f,223527
warhammer_3,8.1.1,24237342,wh2_main_hef_avelorn,Avelorn,High Elves,high_elves,wh2_main_hef_high_elves,wh2_main_sc_hef_high_elves,LOCKED_STANDARD,factions/high_elves/wh2_main_hef_avelorn.csv,1,73,73,74,162,0,0,505,4c300257ce3742bf11d1345a3f9850fe18addef9d08c8056e98b7aff6ee79ba6,e32e417419cb7b248e39f240dbc166230352d30a3ea9a5002e772d1c3a37f145,431293
warhammer_3,8.1.1,24237342,wh2_main_hef_eataine,Eataine,High Elves,high_elves,wh2_main_hef_high_elves,wh2_main_sc_hef_high_elves,LOCKED_STANDARD,factions/high_elves/wh2_main_hef_eataine.csv,1,75,75,78,169,0,0,522,b4020db026ddea4446fc3ee91d158ba8c21a828f67c3e2ce203f9e3079d888e4,24f3321533194e092da2ecc89ebff85c632003e86f4b8eb95ee162d04be6944c,446353
warhammer_3,8.1.1,24237342,wh2_main_hef_nagarythe,Nagarythe,High Elves,high_elves,wh2_main_hef_high_elves,wh2_main_sc_hef_high_elves,LOCKED_STANDARD,factions/high_elves/wh2_main_hef_nagarythe.csv,1,73,73,74,162,0,0,505,4c300257ce3742bf11d1345a3f9850fe18addef9d08c8056e98b7aff6ee79ba6,6b2ef7bec1a4ad892a5547a097467e02c6aeb849e019e7d12275bac041d9a16e,433315
warhammer_3,8.1.1,24237342,wh2_main_hef_order_of_loremasters,Order of Loremasters,High Elves,high_elves,wh2_main_hef_high_elves,wh2_main_sc_hef_high_elves,LOCKED_STANDARD,factions/high_elves/wh2_main_hef_order_of_loremasters.csv,1,73,73,74,162,0,0,505,4c300257ce3742bf11d1345a3f9850fe18addef9d08c8056e98b7aff6ee79ba6,160eb978f9265545010ef23e70883658bd15fd927936bb630a86bc7472f13f37,444436
warhammer_3,8.1.1,24237342,wh2_main_hef_yvresse,Yvresse,High Elves,high_elves,wh2_main_hef_high_elves,wh2_main_sc_hef_high_elves,LOCKED_STANDARD,factions/high_elves/wh2_main_hef_yvresse.csv,1,73,73,74,162,0,0,505,4c300257ce3742bf11d1345a3f9850fe18addef9d08c8056e98b7aff6ee79ba6,8d62ca30debb00a9f296822fa640c2f012e48c34f820c05a01c201aaa0280516,431293
warhammer_3,8.1.1,24237342,wh2_main_lzd_hexoatl,Hexoatl,Lizardmen,lizardmen,wh2_main_lzd_lizardmen,wh2_main_sc_lzd_lizardmen,LOCKED_STANDARD,factions/lizardmen/wh2_main_lzd_hexoatl.csv,1,64,64,54,131,0,0,405,4a02242bbc7f878865e46ad3a64041cd5c7038e755bc3aeeab3b6249907dd2f2,6188765c600a1c8f7286e2e554c4c381bf9409e0324514bfcbe4e34b4cbdf07e,345103
warhammer_3,8.1.1,24237342,wh2_main_lzd_itza,Itza,Lizardmen,lizardmen,wh2_main_lzd_lizardmen,wh2_main_sc_lzd_lizardmen,LOCKED_STANDARD,factions/lizardmen/wh2_main_lzd_itza.csv,1,64,64,54,131,0,0,405,4a02242bbc7f878865e46ad3a64041cd5c7038e755bc3aeeab3b6249907dd2f2,54204cf650d813cf7eb778bb51a46fae691174b31df8ebcd4a980a4825ea5693,342670
warhammer_3,8.1.1,24237342,wh2_main_lzd_last_defenders,Last Defenders,Lizardmen,lizardmen,wh2_main_lzd_lizardmen,wh2_main_sc_lzd_lizardmen,LOCKED_STANDARD,factions/lizardmen/wh2_main_lzd_last_defenders.csv,1,64,64,54,131,0,0,405,4a02242bbc7f878865e46ad3a64041cd5c7038e755bc3aeeab3b6249907dd2f2,4868603cd70c4f171bf2f9f4523536ad3f4f0f14ba97102a9bb9884237177714,350780
warhammer_3,8.1.1,24237342,wh2_main_lzd_tlaqua,Tlaqua,Lizardmen,lizardmen,wh2_main_lzd_lizardmen,wh2_main_sc_lzd_lizardmen,LOCKED_STANDARD,factions/lizardmen/wh2_main_lzd_tlaqua.csv,1,64,64,54,131,0,0,405,4a02242bbc7f878865e46ad3a64041cd5c7038e755bc3aeeab3b6249907dd2f2,4a96e93f05c74a777efa23885a603fcb48d2f31086a2091730730aeb31058dcb,344292
warhammer_3,8.1.1,24237342,wh2_main_skv_clan_eshin,Clan Eshin,Skaven,skaven,wh2_main_skv_skaven,wh2_main_sc_skv_skaven,LOCKED_STANDARD,factions/skaven/wh2_main_skv_clan_eshin.csv,1,55,55,62,112,0,0,297,f615f0ed138c37a2370db6562b2da3da09ce94e81b67aa3946e7fa10612b52fb,413b163d2938a12f3c5f690802bd7fdf20ad6eba029e995a8bb9e35ee4403978,245172
warhammer_3,8.1.1,24237342,wh2_main_skv_clan_mors,Clan Mors,Skaven,skaven,wh2_main_skv_skaven,wh2_main_sc_skv_skaven,LOCKED_STANDARD,factions/skaven/wh2_main_skv_clan_mors.csv,1,52,52,53,103,0,0,271,cc74cf36ad579ef7a761381fc10b1cccf93dad0dc6bc27fffed7059e1b453983,041f0de2aa2ae5f783afd3e3eb8742daa9797562d6aee6d2236080969ce10035,223431
warhammer_3,8.1.1,24237342,wh2_main_skv_clan_moulder,Clan Moulder,Skaven,skaven,wh2_main_skv_skaven,wh2_main_sc_skv_skaven,LOCKED_STANDARD,factions/skaven/wh2_main_skv_clan_moulder.csv,1,53,53,54,104,0,0,276,04d05e7833bb6838bcd6e57a13d50059fcd1e2db7358be801ee5641d5be92dc8,03bed2cd188dc94274c5695f0f14aa2ceebed132b2b2975f7a550b38e2e484ad,229126
warhammer_3,8.1.1,24237342,wh2_main_skv_clan_pestilens,Clan Pestilens,Skaven,skaven,wh2_main_skv_skaven,wh2_main_sc_skv_skaven,LOCKED_STANDARD,factions/skaven/wh2_main_skv_clan_pestilens.csv,1,52,52,53,103,0,0,271,cc74cf36ad579ef7a761381fc10b1cccf93dad0dc6bc27fffed7059e1b453983,7c2f9703eaff02fe2fc3887129a39a27df0fce21f10d7da66432068d88f587f7,226146
warhammer_3,8.1.1,24237342,wh2_main_skv_clan_skryre,Clan Skryre,Skaven,skaven,wh2_main_skv_skaven,wh2_main_sc_skv_skaven,LOCKED_STANDARD,factions/skaven/wh2_main_skv_clan_skryre.csv,1,52,52,53,103,0,0,271,cc74cf36ad579ef7a761381fc10b1cccf93dad0dc6bc27fffed7059e1b453983,91e80b796adbeb3b8be6fb428fd31440a5cfcc25b0d837086e4dfa699225303e,224517
warhammer_3,8.1.1,24237342,wh2_twa03_def_rakarth,The Thousand Maws,Dark Elves,dark_elves,wh2_main_def_dark_elves,wh2_main_sc_def_dark_elves,MIXED_NAVAL_HORDE,factions/dark_elves/wh2_twa03_def_rakarth.csv,1,52,52,57,96,0,0,259,7996ee69433602084b0a475e46f25fda2e4ea59220a6e9f57741a3d01b9a967a,2d7863f64232d9d51da8adfe0e2f7f1a043270f65610862dff9e7a8f108f43a0,225339
warhammer_3,8.1.1,24237342,wh3_cp1_cth_tiger_warriors,Claws of the White Tiger,Grand Cathay,grand_cathay,wh3_main_cth_cathay,wh3_main_sc_cth_cathay,LOCKED_STANDARD,factions/grand_cathay/wh3_cp1_cth_tiger_warriors.csv,1,74,74,78,192,0,4,504,4a44927a86528d6535b32a2bad34666baa8d94d2928532e10081e1ea1f30457f,f2047b386bc48b1fe5a7912efa32464a55bea17b398fcaad91f1be1e17bebe50,450052
warhammer_3,8.1.1,24237342,wh3_dlc20_chs_azazel,The Ecstatic Legions,Warriors of Chaos,warriors_of_chaos,wh_main_chs_chaos,wh_main_sc_chs_chaos,LOCKED_STANDARD,factions/warriors_of_chaos/wh3_dlc20_chs_azazel.csv,1,33,33,36,77,0,44,397,419d4655f3b691ef7b523cc890bfcaa8cca19760b7c8439e5f8758aca2cae5b7,03835eba0b555825da94f8a1c002ed594bfdc9b8dbb43813fb2c1ddc0eff68f4,429636
warhammer_3,8.1.1,24237342,wh3_dlc20_chs_festus,The Fecundites,Warriors of Chaos,warriors_of_chaos,wh_main_chs_chaos,wh_main_sc_chs_chaos,LOCKED_STANDARD,factions/warriors_of_chaos/wh3_dlc20_chs_festus.csv,1,33,33,36,74,0,44,394,72c0384ad6eb3828e19c7fc993221d4e31825983b5f5e6692f99242d4e6aa6b3,412032b3d937f9bdbdc85f2bc06da82851e7246ad95643dcaae081ec4ca76751,421906
warhammer_3,8.1.1,24237342,wh3_dlc20_chs_kholek,Heralds of the Tempest,Warriors of Chaos,warriors_of_chaos,wh_main_chs_chaos,wh_main_sc_chs_chaos,LOCKED_STANDARD,factions/warriors_of_chaos/wh3_dlc20_chs_kholek.csv,1,47,47,66,115,0,72,691,c0d582f0fff149c0dc0266ad7e040f7d41980af4d00f6735f276c983be8fb5a8,291513abf96b0610625a33616732af0ae12e391dadf90a4717350600bbb9093d,697957
warhammer_3,8.1.1,24237342,wh3_dlc20_chs_sigvald,The Decadent Host,Warriors of Chaos,warriors_of_chaos,wh_main_chs_chaos,wh_main_sc_chs_chaos,LOCKED_STANDARD,factions/warriors_of_chaos/wh3_dlc20_chs_sigvald.csv,1,48,48,70,117,0,72,699,3110a1c6eddd100b41bcb5861147073b0917c281443b4e9c0d01ed4f5396463e,541701fb487d005008e7b2d9333600f2af75bb79fd9f7c1043d5a41f0a6e8748,701889
warhammer_3,8.1.1,24237342,wh3_dlc20_chs_valkia,Legion of the Gorequeen,Warriors of Chaos,warriors_of_chaos,wh_main_chs_chaos,wh_main_sc_chs_chaos,LOCKED_STANDARD,factions/warriors_of_chaos/wh3_dlc20_chs_valkia.csv,1,33,33,36,71,0,45,392,5444f478d6f0c8a9f1d7dfb3a3d03db979f83cb7b4bf7d886c5025c1c9633295,a7d964377f4d1c7aba67d77c9b0802bd9539bd4c129b16383a418faa24a2e36f,422981
warhammer_3,8.1.1,24237342,wh3_dlc20_chs_vilitch,Puppets of Misrule,Warriors of Chaos,warriors_of_chaos,wh_main_chs_chaos,wh_main_sc_chs_chaos,LOCKED_STANDARD,factions/warriors_of_chaos/wh3_dlc20_chs_vilitch.csv,1,33,33,36,73,0,44,377,1253b7e04c0e1c5ee21136cb4ee5ad607413716a98e92bb6dea02320d98f9598,6bb8910b5f809908028179e599c3dee499c3dd558441ea89967d1635147641ce,407940
warhammer_3,8.1.1,24237342,wh3_dlc23_chd_astragoth,Disciples of Hashut,Chaos Dwarfs,chaos_dwarfs,wh3_dlc23_chd_chaos_dwarfs,wh3_dlc23_sc_chd_chaos_dwarfs,LOCKED_STANDARD,factions/chaos_dwarfs/wh3_dlc23_chd_astragoth.csv,1,78,78,71,152,0,30,541,a438114faa2030068e75068cb70b2a0b9f8ca986f83dedc8b8aa02bffd2d0249,f3a40e0f366826b6e422a49923f5525553eae0c8754b5a9c7fb82db6eff0df61,512433
warhammer_3,8.1.1,24237342,wh3_dlc23_chd_legion_of_azgorh,The Legion of Azgorh,Chaos Dwarfs,chaos_dwarfs,wh3_dlc23_chd_chaos_dwarfs,wh3_dlc23_sc_chd_chaos_dwarfs,LOCKED_STANDARD,factions/chaos_dwarfs/wh3_dlc23_chd_legion_of_azgorh.csv,1,78,78,71,152,0,30,541,a438114faa2030068e75068cb70b2a0b9f8ca986f83dedc8b8aa02bffd2d0249,76ad24e86b73672a8b3292b45ccaa25a454cc57e5107c4c65ab4d4d2d6d75da5,516768
warhammer_3,8.1.1,24237342,wh3_dlc23_chd_zhatan,The Warhost of Zharr,Chaos Dwarfs,chaos_dwarfs,wh3_dlc23_chd_chaos_dwarfs,wh3_dlc23_sc_chd_chaos_dwarfs,LOCKED_STANDARD,factions/chaos_dwarfs/wh3_dlc23_chd_zhatan.csv,1,78,78,71,152,0,30,541,a438114faa2030068e75068cb70b2a0b9f8ca986f83dedc8b8aa02bffd2d0249,01a28947f7ea3a41b2246de61d7b67ffe285e081fbae1aaebd7b8857b457308f,511348
warhammer_3,8.1.1,24237342,wh3_dlc24_cth_the_celestial_court,The Jade Court,Grand Cathay,grand_cathay,wh3_main_cth_cathay,wh3_main_sc_cth_cathay,LOCKED_STANDARD,factions/grand_cathay/wh3_dlc24_cth_the_celestial_court.csv,1,72,72,73,188,0,4,489,b7de91ae0749f2c208cea5a6896510d08253f0ed861b04f927d1df8a1aac3d43,062e140e450bbe9712067fedffc8f9780dbcb327a2bbf46bec8b638a6db8bd3f,435926
warhammer_3,8.1.1,24237342,wh3_dlc24_ksl_daughters_of_the_forest,Daughters of the Forest,Kislev,kislev,wh3_main_ksl_kislev,wh3_main_sc_ksl_kislev,LOCKED_STANDARD,factions/kislev/wh3_dlc24_ksl_daughters_of_the_forest.csv,1,78,78,73,139,5,1,512,409f1ad5a642e7925067c865a56e1ce8450deeff4ff30be4ef579a7ad6874843,caaded3a7610c73a2c5514ef5927e02b38d70b34b83257e92debe17710ea1218,457509
warhammer_3,8.1.1,24237342,wh3_dlc24_tze_the_deceivers,The Deceivers,Tzeentch,tzeentch,wh3_main_tze_tzeentch,wh3_main_sc_tze_tzeentch,LOCKED_FOREIGN_SLOTS,factions/tzeentch/wh3_dlc24_tze_the_deceivers.csv,2,108,69,142,142,15,0,742,3e90158c5d038cd41f08d9ab9e8a7bdef0d7bfed5358303d5979e9039cc442e6,25ebabc91cd38ade17ec48c6f7b8c4b4b7b33350f1609c6a7883c0f4cbb9966e,750121
warhammer_3,8.1.1,24237342,wh3_dlc25_dwf_malakai,Masters of Innovation,Dwarfs,dwarfs,wh_main_dwf_dwarfs,wh_main_sc_dwf_dwarfs,LOCKED_STANDARD,factions/dwarfs/wh3_dlc25_dwf_malakai.csv,1,68,68,122,117,0,0,510,ff05eb754ef635d0c27b7fccc6c3fbb9cf9c2aae5ee02890dbb0d4c05b32b44e,edaf984a2d0abca48596ebc42ba4c25db93cf723bc5565433a823ea3accb68c7,575762
warhammer_3,8.1.1,24237342,wh3_dlc25_nur_epidemius,Tallymen of Pestilence,Nurgle,nurgle,wh3_main_nur_nurgle,wh3_main_sc_nur_nurgle,LOCKED_STANDARD,factions/nurgle/wh3_dlc25_nur_epidemius.csv,1,50,50,52,100,0,0,324,50e47840f98a21a04a97bdbc553723b8300aeb3b59c7b0adcd6426847d70b167,114037f3ce1e32d4f3de223fac0c70b09d98fb23d9e72f86cd81d3f7e76e4133,287648
warhammer_3,8.1.1,24237342,wh3_dlc25_nur_tamurkhan,The Maggot Host,Nurgle,nurgle,wh3_main_nur_nurgle,wh3_main_sc_nur_nurgle,LOCKED_STANDARD,factions/nurgle/wh3_dlc25_nur_tamurkhan.csv,1,50,50,52,100,0,0,324,50e47840f98a21a04a97bdbc553723b8300aeb3b59c7b0adcd6426847d70b167,b2326b13a414586935534629dfc479451aecf215ce83277bb128647ecb6947f7,285380
warhammer_3,8.1.1,24237342,wh3_dlc26_grn_gorbad_ironclaw,Ironclaw Orcs,Greenskins,greenskins,wh_main_grn_greenskins,wh_main_sc_grn_greenskins,LOCKED_STANDARD,factions/greenskins/wh3_dlc26_grn_gorbad_ironclaw.csv,1,52,52,45,117,0,2,296,9bc52f99a3040ebd4c948420989d35a1eeaed2e0e1b9e5961cae24a650394510,227751e35267ce6f0c39db62994e727c0595eff789da9f66737e9087fd8f6e5f,246734
warhammer_3,8.1.1,24237342,wh3_dlc26_kho_arbaal,Challengers of Khorne,Khorne,khorne,wh3_main_kho_khorne,wh3_main_sc_kho_khorne,LOCKED_STANDARD,factions/khorne/wh3_dlc26_kho_arbaal.csv,1,62,62,74,102,31,4,498,6e83754c541c0145a6c1398de19c69544482bf404629fa5d74ae5c85cf67aedc,2ea3e684427cb14e45d3a19374e41ebc94a60e2c2753b1008eae0576ce2eb011,438800
warhammer_3,8.1.1,24237342,wh3_dlc26_kho_skulltaker,Blooded Wanderers,Khorne,khorne,wh3_main_kho_khorne,wh3_main_sc_kho_khorne,LOCKED_STANDARD,factions/khorne/wh3_dlc26_kho_skulltaker.csv,1,62,62,74,102,31,4,498,6e83754c541c0145a6c1398de19c69544482bf404629fa5d74ae5c85cf67aedc,addcb07560b7c57012a7e4eb465b33ebcabb2b7c136aebe5fdda3ba92c4c06d4,438804
warhammer_3,8.1.1,24237342,wh3_dlc26_ogr_golgfag,The Maneaters,Ogre Kingdoms,ogre_kingdoms,wh3_main_ogr_ogre_kingdoms,wh3_main_sc_ogr_ogre_kingdoms,LOCKED_STANDARD,factions/ogre_kingdoms/wh3_dlc26_ogr_golgfag.csv,1,56,56,57,123,0,0,352,37152c34801b581abcb390e1bb67109b614a0e42e398f2d95d0f4ff16604c526,5214b21c38240954d635a7e9897ef81c0a29e7ae207aadcc1532a114524ac7cd,308609
warhammer_3,8.1.1,24237342,wh3_dlc27_hef_aislinn,High Elf Sea Patrol,High Elves,high_elves,wh2_main_hef_high_elves,wh2_main_sc_hef_high_elves,LOCKED_STANDARD,factions/high_elves/wh3_dlc27_hef_aislinn.csv,1,157,155,148,365,0,0,1152,82fabaf8a45438205aedd008345810c13f483389338c17c30bd1b9862b5ddd2e,13322a87127bac8fc36be15869d18a2a8b6469de7acf32aeba884b24f9aeeb74,1033124
warhammer_3,8.1.1,24237342,wh3_dlc27_nor_sayl,Dolgan,Norsca,norsca,wh_dlc08_nor_norsca,wh_dlc08_sc_nor_norsca,LOCKED_STANDARD,factions/norsca/wh3_dlc27_nor_sayl.csv,1,83,83,69,215,23,0,621,30ddc299d4b05431f79cf557fa21aed7e9faf505a9e193e42a073bb851067972,42a3957a0930e78f1ec8bcca14361add4d0d222bdb71205854897d5f79f8304e,627096
warhammer_3,8.1.1,24237342,wh3_dlc27_sla_masque_of_slaanesh,The Accursed Troupe,Slaanesh,slaanesh,wh3_main_sla_slaanesh,wh3_main_sc_sla_slaanesh,LOCKED_STANDARD,factions/slaanesh/wh3_dlc27_sla_masque_of_slaanesh.csv,1,65,65,100,114,0,0,427,05ca479aa9c11e5173b39a15045482a3d212bd2fc306a30bcdcc75a0cdf27d6f,a5e9f11db1058a35dd83b8cdc5a687a872ea43fd99d8e380437ca9d86afcf818,376040
warhammer_3,8.1.1,24237342,wh3_dlc27_sla_the_tormentors,The Tormentors,Slaanesh,slaanesh,wh3_main_sla_slaanesh,wh3_main_sc_sla_slaanesh,LOCKED_STANDARD,factions/slaanesh/wh3_dlc27_sla_the_tormentors.csv,1,65,65,99,123,0,0,435,883ecc8fb8d94289c196ccf400cb40367971d25a0363eba1ac00de9093b26419,fb86774944206f48ca50c086444a5f512f6c8bb414965a91f7456d07eb0b1578,382388
warhammer_3,8.1.1,24237342,wh3_main_chs_shadow_legion,Shadow Legion,Warriors of Chaos,warriors_of_chaos,wh_main_chs_chaos,wh_main_sc_chs_chaos,LOCKED_STANDARD,factions/warriors_of_chaos/wh3_main_chs_shadow_legion.csv,1,47,47,66,111,0,72,683,72134d31188bd867a6f3c858e01134399e39290477173475e4533b39c24bac65,678e489ef552cf075d19e163fca04b83234d524ee2e00e7a10ade6963d488d4a,743747
warhammer_3,8.1.1,24237342,wh3_main_cth_the_northern_provinces,The Northern Provinces,Grand Cathay,grand_cathay,wh3_main_cth_cathay,wh3_main_sc_cth_cathay,LOCKED_STANDARD,factions/grand_cathay/wh3_main_cth_the_northern_provinces.csv,1,72,72,73,188,0,4,489,b7de91ae0749f2c208cea5a6896510d08253f0ed861b04f927d1df8a1aac3d43,38c4b3dfcc8519b34eb50f9cd2a3a97938e70a8cb9833e27ccf4b12f379273d5,440818
warhammer_3,8.1.1,24237342,wh3_main_cth_the_western_provinces,The Western Provinces,Grand Cathay,grand_cathay,wh3_main_cth_cathay,wh3_main_sc_cth_cathay,LOCKED_STANDARD,factions/grand_cathay/wh3_main_cth_the_western_provinces.csv,1,72,72,73,188,0,4,489,b7de91ae0749f2c208cea5a6896510d08253f0ed861b04f927d1df8a1aac3d43,1ae8039036f7eb235275af9c69613ca6f132009236e3eaa307dec43f709b12e2,439839
warhammer_3,8.1.1,24237342,wh3_main_dae_daemon_prince,Legion of Chaos,Daemons of Chaos,daemons_of_chaos,wh3_main_dae_daemons,wh3_main_sc_dae_daemons,LOCKED_STANDARD,factions/daemons_of_chaos/wh3_main_dae_daemon_prince.csv,0,0,0,0,0,0,0,2,4f53cda18c2baa0c0354bb5f9a3ecbe5ed12ab4d8e11ba873c2f11161202b945,e341c60b87a897127d009c019fc592bbb9511ce8e301874803b30acb1f62acad,3822
warhammer_3,8.1.1,24237342,wh3_main_dwf_the_ancestral_throng,The Ancestral Throng,Dwarfs,dwarfs,wh_main_dwf_dwarfs,wh_main_sc_dwf_dwarfs,LOCKED_STANDARD,factions/dwarfs/wh3_main_dwf_the_ancestral_throng.csv,1,68,68,122,117,0,0,510,ff05eb754ef635d0c27b7fccc6c3fbb9cf9c2aae5ee02890dbb0d4c05b32b44e,ee2f2047cd992ca7ed37c0ec6e70d5f2503a6a888f89868470a854fad9ca3056,581384
warhammer_3,8.1.1,24237342,wh3_main_emp_cult_of_sigmar,Cult of Sigmar,Empire,empire,wh_main_emp_empire,wh_main_sc_emp_empire,LOCKED_STANDARD,factions/empire/wh3_main_emp_cult_of_sigmar.csv,1,49,49,35,114,0,0,287,dbb99fb084b839882d121178a4ce6df45e52c6f148e04978bd6d46937085c505,335660890e96636ddac24aa13826f07fbc49d876a5e0a828b8d87edd1966c418,255220
warhammer_3,8.1.1,24237342,wh3_main_kho_exiles_of_khorne,Exiles of Khorne,Khorne,khorne,wh3_main_kho_khorne,wh3_main_sc_kho_khorne,LOCKED_STANDARD,factions/khorne/wh3_main_kho_exiles_of_khorne.csv,1,62,62,74,102,31,4,498,6e83754c541c0145a6c1398de19c69544482bf404629fa5d74ae5c85cf67aedc,c8281512fb5f1acc53b1366fe4544042cdae1e000643a66203660d3324c9bb51,440801
warhammer_3,8.1.1,24237342,wh3_main_ksl_the_great_orthodoxy,The Great Orthodoxy,Kislev,kislev,wh3_main_ksl_kislev,wh3_main_sc_ksl_kislev,LOCKED_STANDARD,factions/kislev/wh3_main_ksl_the_great_orthodoxy.csv,1,65,65,64,116,0,1,394,f6eae503c1e672b23989b166ddd41879102cf441cb2cac2bf1b31c84c890c85a,a6da90f3027759fc73dd2e53a333567be5286a518e7bd8b4a09e0ce1db7c825d,338484
warhammer_3,8.1.1,24237342,wh3_main_ksl_the_ice_court,The Ice Court,Kislev,kislev,wh3_main_ksl_kislev,wh3_main_sc_ksl_kislev,LOCKED_STANDARD,factions/kislev/wh3_main_ksl_the_ice_court.csv,1,65,65,64,116,0,1,394,f6eae503c1e672b23989b166ddd41879102cf441cb2cac2bf1b31c84c890c85a,6365b50d3c959c7e0aeedb29ef6ad96d4510f80a6cfa4f83bc20515291a6f022,333750
warhammer_3,8.1.1,24237342,wh3_main_ksl_ursun_revivalists,Ursun Revivalists,Kislev,kislev,wh3_main_ksl_kislev,wh3_main_sc_ksl_kislev,LOCKED_STANDARD,factions/kislev/wh3_main_ksl_ursun_revivalists.csv,1,65,65,64,116,0,1,394,f6eae503c1e672b23989b166ddd41879102cf441cb2cac2bf1b31c84c890c85a,c542f3cb3b6d52908d87593b58c483a8a116c5d78159c5875ee5be4da1e6cf11,336906
warhammer_3,8.1.1,24237342,wh3_main_nur_poxmakers_of_nurgle,Poxmakers of Nurgle,Nurgle,nurgle,wh3_main_nur_nurgle,wh3_main_sc_nur_nurgle,LOCKED_STANDARD,factions/nurgle/wh3_main_nur_poxmakers_of_nurgle.csv,1,50,50,52,100,0,0,324,50e47840f98a21a04a97bdbc553723b8300aeb3b59c7b0adcd6426847d70b167,63d2bae55b92d6b987da510e2f87a25e46d50da94a90e47526bab4de50959937,289601
warhammer_3,8.1.1,24237342,wh3_main_ogr_disciples_of_the_maw,Disciples of the Maw,Ogre Kingdoms,ogre_kingdoms,wh3_main_ogr_ogre_kingdoms,wh3_main_sc_ogr_ogre_kingdoms,LOCKED_STANDARD,factions/ogre_kingdoms/wh3_main_ogr_disciples_of_the_maw.csv,1,56,56,57,123,0,0,352,37152c34801b581abcb390e1bb67109b614a0e42e398f2d95d0f4ff16604c526,936af7def4153e58c5ec6972e5d413d59ecb55faf9958c3fac61369b20dd2c3e,315309
warhammer_3,8.1.1,24237342,wh3_main_ogr_goldtooth,Goldtooth,Ogre Kingdoms,ogre_kingdoms,wh3_main_ogr_ogre_kingdoms,wh3_main_sc_ogr_ogre_kingdoms,LOCKED_STANDARD,factions/ogre_kingdoms/wh3_main_ogr_goldtooth.csv,1,56,56,57,123,0,0,352,37152c34801b581abcb390e1bb67109b614a0e42e398f2d95d0f4ff16604c526,f7d199ce43634d7322422b3fae7fb4fd464ce0baa447244502b902b9da44fdf4,307554
warhammer_3,8.1.1,24237342,wh3_main_sla_seducers_of_slaanesh,Seducers of Slaanesh,Slaanesh,slaanesh,wh3_main_sla_slaanesh,wh3_main_sc_sla_slaanesh,LOCKED_STANDARD,factions/slaanesh/wh3_main_sla_seducers_of_slaanesh.csv,1,65,65,100,114,0,0,427,5d9fc0ec239a59bb08e318887a5a7c4f8cb7ca8fb2dea1e2efbaf54fc7023d57,add92a3752033eb204a8c869a33143d73ef2c76aabf5ef51cfdea8d25c4d4ee5,375830
warhammer_3,8.1.1,24237342,wh3_main_tze_oracles_of_tzeentch,Oracles of Tzeentch,Tzeentch,tzeentch,wh3_main_tze_tzeentch,wh3_main_sc_tze_tzeentch,LOCKED_STANDARD,factions/tzeentch/wh3_main_tze_oracles_of_tzeentch.csv,1,45,45,43,63,0,0,248,1daea7a0654919ea345f3954f2cb405c06124d7510ff035e146acc39c07e7e1f,d24fcdfd09003d3c87a5373a0a5c714adb4daa9f587ced2558c000787d8071b0,218751
warhammer_3,8.1.1,24237342,wh3_main_vmp_caravan_of_blue_roses,Caravan of Blue Roses,Vampire Counts,vampire_counts,wh_main_vmp_vampire_counts,wh_main_sc_vmp_vampire_counts,LOCKED_STANDARD,factions/vampire_counts/wh3_main_vmp_caravan_of_blue_roses.csv,1,46,46,43,89,0,0,226,0e081e14bb3cf9df3b7f66b1799566930bff9ee64713445a6930aacd3689b3ba,b8948b833816c5c99674c336cdd74940d959a0ffbef4185c6a0a4786f4e7856a,264398
warhammer_3,8.1.1,24237342,wh_dlc03_bst_beastmen,Warherd of the One-Eye,Beastmen,beastmen,wh_dlc03_bst_beastmen,wh_dlc03_sc_bst_beastmen,LOCKED_HORDE_SETTLED,factions/beastmen/wh_dlc03_bst_beastmen.csv,1,28,28,16,42,12,0,128,86aad303d8458b80141c5b666b9fc81061d8e6df8621a9f7227226b7f3805cf0,36504e94f4df1f7dc8c83b4730e0c7df8444b0b1b9f616fa38da1ff81e3ee6a3,117780
warhammer_3,8.1.1,24237342,wh_dlc05_bst_morghur_herd,Warherd of the Shadowgave,Beastmen,beastmen,wh_dlc03_bst_beastmen,wh_dlc03_sc_bst_beastmen,LOCKED_HORDE_SETTLED,factions/beastmen/wh_dlc05_bst_morghur_herd.csv,1,28,28,16,42,12,0,128,86aad303d8458b80141c5b666b9fc81061d8e6df8621a9f7227226b7f3805cf0,a033543a956c196be122a5eccf44f63073a64ae821333a0fbb3e30bd2e69eff0,118680
warhammer_3,8.1.1,24237342,wh_dlc05_wef_argwylon,Argwylon,Wood Elves,wood_elves,wh_dlc05_wef_wood_elves,wh_dlc05_sc_wef_wood_elves,LOCKED_STANDARD,factions/wood_elves/wh_dlc05_wef_argwylon.csv,1,33,33,25,81,0,0,198,ea022138575d9f0eb5f996e7bb666c8f5aeff2a60be2f997318658b404785af5,0b059dc234bddc4132894b3a87d74c0ebf4310cb82ab8b4ea20e85c15855713a,216414
warhammer_3,8.1.1,24237342,wh_dlc05_wef_wood_elves,Talsyn,Wood Elves,wood_elves,wh_dlc05_wef_wood_elves,wh_dlc05_sc_wef_wood_elves,LOCKED_STANDARD,factions/wood_elves/wh_dlc05_wef_wood_elves.csv,1,33,33,25,81,0,0,198,ea022138575d9f0eb5f996e7bb666c8f5aeff2a60be2f997318658b404785af5,144b075064ab20ad67b43259f69c589cc58d11ae688c206845c76c85dc173198,216416
warhammer_3,8.1.1,24237342,wh_dlc08_nor_norsca,World Walkers,Norsca,norsca,wh_dlc08_nor_norsca,wh_dlc08_sc_nor_norsca,LOCKED_STANDARD,factions/norsca/wh_dlc08_nor_norsca.csv,1,83,83,69,214,23,0,620,b7ffe1265f435ab463049f796960ec62277c1460063b31ed0cb1a3003e12abb3,580d40e2d5c9fe52a741031015912070d46ad13020d3f2f104996bc32f602fb9,630916
warhammer_3,8.1.1,24237342,wh_dlc08_nor_wintertooth,Wintertooth,Norsca,norsca,wh_dlc08_nor_norsca,wh_dlc08_sc_nor_norsca,LOCKED_STANDARD,factions/norsca/wh_dlc08_nor_wintertooth.csv,1,83,83,69,216,23,0,622,08d978f24401d42cb39662f823146b32f05d23f17957920faea085f805a27209,943826db9013d6cb34b9950cfbd6e4ec47a4501ef44cbe63dd381924f87f855c,635505
warhammer_3,8.1.1,24237342,wh_main_brt_bordeleaux,Bordeleaux Errant,Bretonnia,bretonnia,wh_main_brt_bretonnia,wh_main_sc_brt_bretonnia,LOCKED_STANDARD,factions/bretonnia/wh_main_brt_bordeleaux.csv,1,59,59,60,151,0,0,342,30e8d58c72d94f64b20e8859d0c32102f3fa311d790373514863d7f5d434a981,9c9d2bbbf205787569d3824be9c58ed76827d76ccf00c057dd7b7b01557a7c93,419561
warhammer_3,8.1.1,24237342,wh_main_brt_bretonnia,Couronne,Bretonnia,bretonnia,wh_main_brt_bretonnia,wh_main_sc_brt_bretonnia,LOCKED_STANDARD,factions/bretonnia/wh_main_brt_bretonnia.csv,1,59,59,60,151,0,0,342,f13711bce36446f3eda4e306a8a8874b766a73466acc6213360532695e60bc74,339aecf093e3af101fa09658205ff7a08320d2461a35158341469ca662ea57ef,416550
warhammer_3,8.1.1,24237342,wh_main_brt_carcassonne,Carcassonne,Bretonnia,bretonnia,wh_main_brt_bretonnia,wh_main_sc_brt_bretonnia,LOCKED_STANDARD,factions/bretonnia/wh_main_brt_carcassonne.csv,1,59,59,60,151,0,0,342,0900e265e5b57a664b8b61119ac8df7ff3d1abda8b48d3ed5871adbf03beba4e,13ff62a34864083b4f856ed583603485ecc2f39beb8cfee6753222999aff1a00,417819
warhammer_3,8.1.1,24237342,wh_main_chs_chaos,Warhost of the Apocalypse,Warriors of Chaos,warriors_of_chaos,wh_main_chs_chaos,wh_main_sc_chs_chaos,LOCKED_STANDARD,factions/warriors_of_chaos/wh_main_chs_chaos.csv,1,47,47,66,115,0,72,691,c0d582f0fff149c0dc0266ad7e040f7d41980af4d00f6735f276c983be8fb5a8,1adec057b1898c8e7358ede4abc01dfa51d56400ab67fefde2a298ab64fe1e5f,697954
warhammer_3,8.1.1,24237342,wh_main_dwf_dwarfs,Karaz-a-Karak,Dwarfs,dwarfs,wh_main_dwf_dwarfs,wh_main_sc_dwf_dwarfs,LOCKED_STANDARD,factions/dwarfs/wh_main_dwf_dwarfs.csv,1,68,68,122,117,0,0,510,ff05eb754ef635d0c27b7fccc6c3fbb9cf9c2aae5ee02890dbb0d4c05b32b44e,49cd3438e17971e487cf45b4ac92e049db9be02328a05293aad50e5a6e7b63d3,570149
warhammer_3,8.1.1,24237342,wh_main_dwf_karak_izor,Clan Angrund,Dwarfs,dwarfs,wh_main_dwf_dwarfs,wh_main_sc_dwf_dwarfs,LOCKED_STANDARD,factions/dwarfs/wh_main_dwf_karak_izor.csv,1,68,68,122,117,0,0,510,ff05eb754ef635d0c27b7fccc6c3fbb9cf9c2aae5ee02890dbb0d4c05b32b44e,a6c61bb9547017bde3e33e2b21f8c4051c3287774b2b5efc84da7043f932bbdc,571683
warhammer_3,8.1.1,24237342,wh_main_dwf_karak_kadrin,Karak Kadrin,Dwarfs,dwarfs,wh_main_dwf_dwarfs,wh_main_sc_dwf_dwarfs,LOCKED_STANDARD,factions/dwarfs/wh_main_dwf_karak_kadrin.csv,1,68,68,122,117,0,0,510,ff05eb754ef635d0c27b7fccc6c3fbb9cf9c2aae5ee02890dbb0d4c05b32b44e,a08f4b49e6b120da9a6fa3a97e6454d44c630a0ddd021c39a217ed225d073934,572705
warhammer_3,8.1.1,24237342,wh_main_emp_empire,Reikland,Empire,empire,wh_main_emp_empire,wh_main_sc_emp_empire,LOCKED_STANDARD,factions/empire/wh_main_emp_empire.csv,1,49,49,35,113,0,0,290,0256e35b84394f01d94223640711be0f4442eecdea4c289b4f71a15b7afe6081,9eb140c2699ff9c56f0c20a7af64e6a0ea244c2f8bc602c4e6cc4c03f18b6d9d,253720
warhammer_3,8.1.1,24237342,wh_main_emp_wissenland,Wissenland & Nuln,Empire,empire,wh_main_emp_empire,wh_main_sc_emp_empire,LOCKED_STANDARD,factions/empire/wh_main_emp_wissenland.csv,1,57,57,36,120,0,0,310,03e4ec34f0f4fb7dc3a2c4d07b4bab363027eb757efdadf7405a5e104d8dd0e0,54296e08b982d32634e6b802ac855afbe52df82b53c2ceee61753c7b4b95d364,275730
warhammer_3,8.1.1,24237342,wh_main_grn_crooked_moon,Crooked Moon,Greenskins,greenskins,wh_main_grn_greenskins,wh_main_sc_grn_greenskins,LOCKED_STANDARD,factions/greenskins/wh_main_grn_crooked_moon.csv,1,52,52,45,117,0,2,296,9bc52f99a3040ebd4c948420989d35a1eeaed2e0e1b9e5961cae24a650394510,e12a6f5b117c2265b437e2273d15cddc551a858e945e7f153a11a5930c30836e,244953
warhammer_3,8.1.1,24237342,wh_main_grn_greenskins,Grimgor's 'Ardboyz,Greenskins,greenskins,wh_main_grn_greenskins,wh_main_sc_grn_greenskins,LOCKED_STANDARD,factions/greenskins/wh_main_grn_greenskins.csv,1,52,52,45,117,0,2,296,9bc52f99a3040ebd4c948420989d35a1eeaed2e0e1b9e5961cae24a650394510,28ac6e5a8f41bd116762cab5493c629cf402828be34ae6de22bb50cc5b87528b,246135
warhammer_3,8.1.1,24237342,wh_main_grn_orcs_of_the_bloody_hand,The Bloody Handz,Greenskins,greenskins,wh_main_grn_greenskins,wh_main_sc_grn_greenskins,LOCKED_STANDARD,factions/greenskins/wh_main_grn_orcs_of_the_bloody_hand.csv,1,52,52,45,117,0,2,296,9bc52f99a3040ebd4c948420989d35a1eeaed2e0e1b9e5961cae24a650394510,b8a274622074c03faf0700e980bbb86599c60aa4c23b97bccce60cf2c2a76fad,249404
warhammer_3,8.1.1,24237342,wh_main_vmp_schwartzhafen,Sylvania,Vampire Counts,vampire_counts,wh_main_vmp_vampire_counts,wh_main_sc_vmp_vampire_counts,LOCKED_STANDARD,factions/vampire_counts/wh_main_vmp_schwartzhafen.csv,1,46,46,43,89,0,0,226,0e081e14bb3cf9df3b7f66b1799566930bff9ee64713445a6930aacd3689b3ba,396fa29ca77855e31230b1b47138aa95953e59fc8f6670d5dafdbf83951f173f,259417
warhammer_3,8.1.1,24237342,wh_main_vmp_vampire_counts,The Drakenhof Conclave,Vampire Counts,vampire_counts,wh_main_vmp_vampire_counts,wh_main_sc_vmp_vampire_counts,LOCKED_STANDARD,factions/vampire_counts/wh_main_vmp_vampire_counts.csv,1,46,46,43,89,0,0,226,0e081e14bb3cf9df3b7f66b1799566930bff9ee64713445a6930aacd3689b3ba,1d8bcf14e6780f3d4ec5bf69aff5bb9ee2401c550d7e085e2beb60df9e38e20a,262808
