game,patch,steam_build_id,race,race_slug,faction_name,faction_key,culture_key,subculture_key,building_rows,unique_building_rows,relative_path,file_sha256,file_bytes
warhammer_3,8.1.1,24237342,Skaven,skaven,Clan Rictus,wh2_dlc09_skv_clan_rictus,wh2_main_skv_skaven,wh2_main_sc_skv_skaven,261,127,factions/skaven/wh2_dlc09_skv_clan_rictus.csv,0474d791830c41d033c682771d19a253bc1d6fb3958d0db65b4e214a8220a266,69858
warhammer_3,8.1.1,24237342,Tomb Kings,tomb_kings,Exiles of Nehek,wh2_dlc09_tmb_exiles_of_nehek,wh2_dlc09_tmb_tomb_kings,wh2_dlc09_sc_tmb_tomb_kings,181,107,factions/tomb_kings/wh2_dlc09_tmb_exiles_of_nehek.csv,76a2eef5a00037ef8830ff063397c5d4cdc0161dce17d5065f16205c4e0aba06,53322
warhammer_3,8.1.1,24237342,Tomb Kings,tomb_kings,Followers of Nagash,wh2_dlc09_tmb_followers_of_nagash,wh2_dlc09_tmb_tomb_kings,wh2_dlc09_sc_tmb_tomb_kings,185,109,factions/tomb_kings/wh2_dlc09_tmb_followers_of_nagash.csv,3fd116d79f449a0ca76dadc597d6d819af385c391452b451eb8c959c7b05d03c,55970
warhammer_3,8.1.1,24237342,Tomb Kings,tomb_kings,Khemri,wh2_dlc09_tmb_khemri,wh2_dlc09_tmb_tomb_kings,wh2_dlc09_sc_tmb_tomb_kings,181,107,factions/tomb_kings/wh2_dlc09_tmb_khemri.csv,e74c51c9ab109470c76d6a5f5025a8c861783f745f4a93c1fe0c12c2cb061372,50064
warhammer_3,8.1.1,24237342,Tomb Kings,tomb_kings,Court of Lybaras,wh2_dlc09_tmb_lybaras,wh2_dlc09_tmb_tomb_kings,wh2_dlc09_sc_tmb_tomb_kings,181,107,factions/tomb_kings/wh2_dlc09_tmb_lybaras.csv,3bdf235c9b750729c40a6949596f9ee4571be2b50ceb4854d799a7759f72297a,52055
warhammer_3,8.1.1,24237342,Vampire Coast,vampire_coast,The Dreadfleet,wh2_dlc11_cst_noctilus,wh2_dlc11_cst_vampire_coast,wh2_dlc11_sc_cst_vampire_coast,215,98,factions/vampire_coast/wh2_dlc11_cst_noctilus.csv,38841dc98c31ed920e494c4bffe04e1a9d7427d4bf5b79eb24ba52c79c80fdc0,65256
warhammer_3,8.1.1,24237342,Vampire Coast,vampire_coast,Pirates of Sartosa,wh2_dlc11_cst_pirates_of_sartosa,wh2_dlc11_cst_vampire_coast,wh2_dlc11_sc_cst_vampire_coast,215,98,factions/vampire_coast/wh2_dlc11_cst_pirates_of_sartosa.csv,74460b8eab701de7d1080fa55df43b53327c0888a88f1d7eedd74c5e8df60ac2,68266
warhammer_3,8.1.1,24237342,Vampire Coast,vampire_coast,The Drowned,wh2_dlc11_cst_the_drowned,wh2_dlc11_cst_vampire_coast,wh2_dlc11_sc_cst_vampire_coast,216,99,factions/vampire_coast/wh2_dlc11_cst_the_drowned.csv,73cbe290dccbe414d16697cc585452c5d4ff3b17c11551374083d42932a239f5,65555
warhammer_3,8.1.1,24237342,Vampire Coast,vampire_coast,The Awakened,wh2_dlc11_cst_vampire_coast,wh2_dlc11_cst_vampire_coast,wh2_dlc11_sc_cst_vampire_coast,217,100,factions/vampire_coast/wh2_dlc11_cst_vampire_coast.csv,b19aa4f3f43c5b4c957e8888b4ec52e1b0117d596bcad6020b731d80e855eb06,66453
warhammer_3,8.1.1,24237342,Dark Elves,dark_elves,The Blessed Dread,wh2_dlc11_def_the_blessed_dread,wh2_main_def_dark_elves,wh2_main_sc_def_dark_elves,296,131,factions/dark_elves/wh2_dlc11_def_the_blessed_dread.csv,f0d80a1fea080e86f085d1713c713a011eab7b8e00f4a16bdedf51cb28577473,87105
warhammer_3,8.1.1,24237342,Vampire Counts,vampire_counts,The Barrow Legion,wh2_dlc11_vmp_the_barrow_legion,wh_main_vmp_vampire_counts,wh_main_sc_vmp_vampire_counts,213,113,factions/vampire_counts/wh2_dlc11_vmp_the_barrow_legion.csv,a1994194fdc35a23f3a99bd23882e574021b6a011264fbe482c0f6ae06498925,66569
warhammer_3,8.1.1,24237342,Lizardmen,lizardmen,Cult of Sotek,wh2_dlc12_lzd_cult_of_sotek,wh2_main_lzd_lizardmen,wh2_main_sc_lzd_lizardmen,281,115,factions/lizardmen/wh2_dlc12_lzd_cult_of_sotek.csv,e7b08981292574f3f846e9566f96c7359c45228fb35be7a01cd084a53bda9865,79280
warhammer_3,8.1.1,24237342,Empire,empire,The Golden Order,wh2_dlc13_emp_golden_order,wh_main_emp_empire,wh_main_sc_emp_empire,249,145,factions/empire/wh2_dlc13_emp_golden_order.csv,dab3376405761474f5bbdf80232dc0d4bb65cafd2cda809920fcdd66fff10292,67337
warhammer_3,8.1.1,24237342,Empire,empire,The Huntsmarshal's Expedition,wh2_dlc13_emp_the_huntmarshals_expedition,wh_main_emp_empire,wh_main_sc_emp_empire,247,143,factions/empire/wh2_dlc13_emp_the_huntmarshals_expedition.csv,079bc1ac460f5f4db80d0b57d772cd327de524fca00c1b9d316820504416ca78,73732
warhammer_3,8.1.1,24237342,Lizardmen,lizardmen,Spirit of the Jungle,wh2_dlc13_lzd_spirits_of_the_jungle,wh2_main_lzd_lizardmen,wh2_main_sc_lzd_lizardmen,280,114,factions/lizardmen/wh2_dlc13_lzd_spirits_of_the_jungle.csv,f5f3106d58d1a9d7eb4a7b85e568823940a08fd1fa90cb0fc7fdf190f7536575,83196
warhammer_3,8.1.1,24237342,Bretonnia,bretonnia,Chevaliers de Lyonesse,wh2_dlc14_brt_chevaliers_de_lyonesse,wh_main_brt_bretonnia,wh_main_sc_brt_bretonnia,238,128,factions/bretonnia/wh2_dlc14_brt_chevaliers_de_lyonesse.csv,fa14b74cfc638a08fc7e3b93bf9e5ff49e611dc23f82848d6a3568050990bdac,71458
warhammer_3,8.1.1,24237342,Greenskins,greenskins,Bonerattlaz,wh2_dlc15_grn_bonerattlaz,wh_main_grn_greenskins,wh_main_sc_grn_greenskins,198,127,factions/greenskins/wh2_dlc15_grn_bonerattlaz.csv,3038e0984783c90367899383ecd242b4f8c167100a7248ea27de45b81c0ffe3e,56243
warhammer_3,8.1.1,24237342,Greenskins,greenskins,Broken Axe,wh2_dlc15_grn_broken_axe,wh_main_grn_greenskins,wh_main_sc_grn_greenskins,198,127,factions/greenskins/wh2_dlc15_grn_broken_axe.csv,05c1ae11e7d7f4c1a8acdc282124df11c283cd4a0f825f00064e375d7af9004d,55839
warhammer_3,8.1.1,24237342,High Elves,high_elves,Knights of Caledor,wh2_dlc15_hef_imrik,wh2_main_hef_high_elves,wh2_main_sc_hef_high_elves,309,149,factions/high_elves/wh2_dlc15_hef_imrik.csv,9c868ccdc6071c4db530e2f1a162dd0e2e59a4a89237b5facb9d087cf33cd9c4,87918
warhammer_3,8.1.1,24237342,Wood Elves,wood_elves,Wargrove of Woe,wh2_dlc16_wef_drycha,wh_dlc05_wef_wood_elves,wh_dlc05_sc_wef_wood_elves,192,113,factions/wood_elves/wh2_dlc16_wef_drycha.csv,b77307225fb3d2f8dcb535c5d3faaf1ee960d14b7f07351de375a7fccd87951e,54616
warhammer_3,8.1.1,24237342,Wood Elves,wood_elves,Heralds of Ariel,wh2_dlc16_wef_sisters_of_twilight,wh_dlc05_wef_wood_elves,wh_dlc05_sc_wef_wood_elves,197,113,factions/wood_elves/wh2_dlc16_wef_sisters_of_twilight.csv,c7ed114cf85c8b5694079c3783b712604c06479c4749ae27df9ef58440a58194,58621
warhammer_3,8.1.1,24237342,Beastmen,beastmen,Harbinger of Disaster,wh2_dlc17_bst_malagor,wh_dlc03_bst_beastmen,wh_dlc03_sc_bst_beastmen,139,103,factions/beastmen/wh2_dlc17_bst_malagor.csv,3bd8dc543ff36c41c29a6c5c25eb3eabb38c2bbca3d97ee6ae165b636b9e0fd0,40651
warhammer_3,8.1.1,24237342,Beastmen,beastmen,Slaughterhorn Tribe,wh2_dlc17_bst_taurox,wh_dlc03_bst_beastmen,wh_dlc03_sc_bst_beastmen,139,103,factions/beastmen/wh2_dlc17_bst_taurox.csv,5e0427b26c9c2fce70a2c81414d9bb0bd6357e51ba193aa509d3baae06354ec6,40234
warhammer_3,8.1.1,24237342,Dwarfs,dwarfs,Ironbrow's Expedition,wh2_dlc17_dwf_thorek_ironbrow,wh_main_dwf_dwarfs,wh_main_sc_dwf_dwarfs,332,129,factions/dwarfs/wh2_dlc17_dwf_thorek_ironbrow.csv,41fcb74f1815a4b811d5c05eaa4b261bc406c5b3de20caed0295a793c3e13627,93186
warhammer_3,8.1.1,24237342,Lizardmen,lizardmen,Ghosts of Pahuax,wh2_dlc17_lzd_oxyotl,wh2_main_lzd_lizardmen,wh2_main_sc_lzd_lizardmen,298,114,factions/lizardmen/wh2_dlc17_lzd_oxyotl.csv,bd253ce75660a30c4a4c2c522dfa12e6dcbdae7eb174e5b31a38e5487723ef05,82859
warhammer_3,8.1.1,24237342,Dark Elves,dark_elves,Cult of Pleasure,wh2_main_def_cult_of_pleasure,wh2_main_def_dark_elves,wh2_main_sc_def_dark_elves,272,131,factions/dark_elves/wh2_main_def_cult_of_pleasure.csv,6c5015ecdbff528c05f836947ca3d8fe2681434ea3b5c5ec52465fe9419bba3d,79344
warhammer_3,8.1.1,24237342,Dark Elves,dark_elves,Hag Graef,wh2_main_def_hag_graef,wh2_main_def_dark_elves,wh2_main_sc_def_dark_elves,271,131,factions/dark_elves/wh2_main_def_hag_graef.csv,849abc5086c14d9765749b5c3b657075a9311aaa5c38cfe0fd43ea20d92a1d92,75175
warhammer_3,8.1.1,24237342,Dark Elves,dark_elves,Har Ganeth,wh2_main_def_har_ganeth,wh2_main_def_dark_elves,wh2_main_sc_def_dark_elves,271,131,factions/dark_elves/wh2_main_def_har_ganeth.csv,07672cffd118a00b45917e3cf8e4a1b1c49af21c640eead6373304cbe9730858,75717
warhammer_3,8.1.1,24237342,Dark Elves,dark_elves,Naggarond,wh2_main_def_naggarond,wh2_main_def_dark_elves,wh2_main_sc_def_dark_elves,271,131,factions/dark_elves/wh2_main_def_naggarond.csv,4524753bda18f63fcc1ffb2bb03714949c68aff3a725c582fa1ceb7faca935cc,75175
warhammer_3,8.1.1,24237342,High Elves,high_elves,Avelorn,wh2_main_hef_avelorn,wh2_main_hef_high_elves,wh2_main_sc_hef_high_elves,312,152,factions/high_elves/wh2_main_hef_avelorn.csv,5ebed2000d24dd3a2a992a74418b4742a0e76de88b27848ad165df85f0baefda,85757
warhammer_3,8.1.1,24237342,High Elves,high_elves,Eataine,wh2_main_hef_eataine,wh2_main_hef_high_elves,wh2_main_sc_hef_high_elves,309,149,factions/high_elves/wh2_main_hef_eataine.csv,1b0c2ed36584680883c96a6c92d2a3224bae54f57a52002c41781f40779bff21,84828
warhammer_3,8.1.1,24237342,High Elves,high_elves,Nagarythe,wh2_main_hef_nagarythe,wh2_main_hef_high_elves,wh2_main_sc_hef_high_elves,310,149,factions/high_elves/wh2_main_hef_nagarythe.csv,77994eb66db8cf2142c2d514d97bd48a77dfe81003a4c9d720d93651a5d7683c,86313
warhammer_3,8.1.1,24237342,High Elves,high_elves,Order of Loremasters,wh2_main_hef_order_of_loremasters,wh2_main_hef_high_elves,wh2_main_sc_hef_high_elves,309,149,factions/high_elves/wh2_main_hef_order_of_loremasters.csv,b3836a458d2b6ac006f3060de54ef55f2139bd3f3084fa371fae1870854ac6d6,92862
warhammer_3,8.1.1,24237342,High Elves,high_elves,Yvresse,wh2_main_hef_yvresse,wh2_main_hef_high_elves,wh2_main_sc_hef_high_elves,312,149,factions/high_elves/wh2_main_hef_yvresse.csv,aad43ba7d2710106457266518ef7c66a04838b2ee1732cabaa7a1fd6f5ae7bb8,85623
warhammer_3,8.1.1,24237342,Lizardmen,lizardmen,Hexoatl,wh2_main_lzd_hexoatl,wh2_main_lzd_lizardmen,wh2_main_sc_lzd_lizardmen,280,114,factions/lizardmen/wh2_main_lzd_hexoatl.csv,066ec0d860c3ee671a6a6a85ed2b9764bd7d2c67fad7e0b6e87f316a6bc28a17,75356
warhammer_3,8.1.1,24237342,Lizardmen,lizardmen,Itza,wh2_main_lzd_itza,wh2_main_lzd_lizardmen,wh2_main_sc_lzd_lizardmen,280,114,factions/lizardmen/wh2_main_lzd_itza.csv,fe71c67addd975ab2bb34f47043d72d7916f0c2638d62e76775f6cd086ddce05,73676
warhammer_3,8.1.1,24237342,Lizardmen,lizardmen,Last Defenders,wh2_main_lzd_last_defenders,wh2_main_lzd_lizardmen,wh2_main_sc_lzd_lizardmen,280,114,factions/lizardmen/wh2_main_lzd_last_defenders.csv,900aef0d74c4dad8aaad7056d800294063d7657935b9d886351e366f216cab07,79276
warhammer_3,8.1.1,24237342,Lizardmen,lizardmen,Tlaqua,wh2_main_lzd_tlaqua,wh2_main_lzd_lizardmen,wh2_main_sc_lzd_lizardmen,280,114,factions/lizardmen/wh2_main_lzd_tlaqua.csv,43c97bcf371268c8a75c369e9fd7bd4920dd50fe250ba325ae13c90bc2c88abf,74831
warhammer_3,8.1.1,24237342,Skaven,skaven,Clan Eshin,wh2_main_skv_clan_eshin,wh2_main_skv_skaven,wh2_main_sc_skv_skaven,261,127,factions/skaven/wh2_main_skv_clan_eshin.csv,35b4d7f6cccb6282b56136bed88ac1c831c979d544bcba5c6a4abaf17f8db0bb,69113
warhammer_3,8.1.1,24237342,Skaven,skaven,Clan Mors,wh2_main_skv_clan_mors,wh2_main_skv_skaven,wh2_main_sc_skv_skaven,261,127,factions/skaven/wh2_main_skv_clan_mors.csv,0c4015c9c57a93ca4f08c61faf3b52e9234ca07d1acc03593137203c698fe703,68553
warhammer_3,8.1.1,24237342,Skaven,skaven,Clan Moulder,wh2_main_skv_clan_moulder,wh2_main_skv_skaven,wh2_main_sc_skv_skaven,262,128,factions/skaven/wh2_main_skv_clan_moulder.csv,de3b0d3668768df5ed43b56e302b8768a0b29be5d7ec9a4b727185c3f5615323,70420
warhammer_3,8.1.1,24237342,Skaven,skaven,Clan Pestilens,wh2_main_skv_clan_pestilens,wh2_main_skv_skaven,wh2_main_sc_skv_skaven,263,127,factions/skaven/wh2_main_skv_clan_pestilens.csv,efc1d164ff152b40015c9778de9108d28dafb70bed5c62938d5419450d261c02,71772
warhammer_3,8.1.1,24237342,Skaven,skaven,Clan Skryre,wh2_main_skv_clan_skryre,wh2_main_skv_skaven,wh2_main_sc_skv_skaven,265,129,factions/skaven/wh2_main_skv_clan_skryre.csv,8d4bfdf253cd82c85fd273643696162b4b9d30a233ab9d6ded84a3f23af7ad50,70704
warhammer_3,8.1.1,24237342,Dark Elves,dark_elves,The Thousand Maws,wh2_twa03_def_rakarth,wh2_main_def_dark_elves,wh2_main_sc_def_dark_elves,271,131,factions/dark_elves/wh2_twa03_def_rakarth.csv,d4b07d4cc814e612c90d13f420cc0d7bf5fd69b1cc2c83e7903c9c8cb05cb94d,77072
warhammer_3,8.1.1,24237342,Grand Cathay,grand_cathay,Claws of the White Tiger,wh3_cp1_cth_tiger_warriors,wh3_main_cth_cathay,wh3_main_sc_cth_cathay,281,91,factions/grand_cathay/wh3_cp1_cth_tiger_warriors.csv,9f5980aee95493e5dd77a22b4b12901841a1b87868e3e4a29d2d78150d58bcea,83437
warhammer_3,8.1.1,24237342,Warriors of Chaos,warriors_of_chaos,The Ecstatic Legions,wh3_dlc20_chs_azazel,wh_main_chs_chaos,wh_main_sc_chs_chaos,84,18,factions/warriors_of_chaos/wh3_dlc20_chs_azazel.csv,9fdb6664c856ab8422e70f6b804259d3c93e3aac830dd64d4fb0748a492f5dca,24358
warhammer_3,8.1.1,24237342,Warriors of Chaos,warriors_of_chaos,The Fecundites,wh3_dlc20_chs_festus,wh_main_chs_chaos,wh_main_sc_chs_chaos,84,18,factions/warriors_of_chaos/wh3_dlc20_chs_festus.csv,642e7903a0ab29373f8769a7bd6d45d23f25dfe2324e225958594be3568217a7,23854
warhammer_3,8.1.1,24237342,Warriors of Chaos,warriors_of_chaos,Heralds of the Tempest,wh3_dlc20_chs_kholek,wh_main_chs_chaos,wh_main_sc_chs_chaos,84,18,factions/warriors_of_chaos/wh3_dlc20_chs_kholek.csv,169bce015a64981a020e4821e680895282d6c7038b8ba3556faa89bf537aa6e1,24526
warhammer_3,8.1.1,24237342,Warriors of Chaos,warriors_of_chaos,The Decadent Host,wh3_dlc20_chs_sigvald,wh_main_chs_chaos,wh_main_sc_chs_chaos,84,18,factions/warriors_of_chaos/wh3_dlc20_chs_sigvald.csv,d2034c7f343a4c0d6ade64fa1baf3190a40526112e52e85db6ef4b867644eb5e,24190
warhammer_3,8.1.1,24237342,Warriors of Chaos,warriors_of_chaos,Legion of the Gorequeen,wh3_dlc20_chs_valkia,wh_main_chs_chaos,wh_main_sc_chs_chaos,84,18,factions/warriors_of_chaos/wh3_dlc20_chs_valkia.csv,6b8f11692c86ac7383a035470d1f092c1b121ef6b1f0c7b866582a41311d3c43,24610
warhammer_3,8.1.1,24237342,Warriors of Chaos,warriors_of_chaos,Puppets of Misrule,wh3_dlc20_chs_vilitch,wh_main_chs_chaos,wh_main_sc_chs_chaos,84,18,factions/warriors_of_chaos/wh3_dlc20_chs_vilitch.csv,c8c3a1f9903f2afbff0c93131630166d14c86f49fc1d9fdd4ade56466129260c,24274
warhammer_3,8.1.1,24237342,Chaos Dwarfs,chaos_dwarfs,Disciples of Hashut,wh3_dlc23_chd_astragoth,wh3_dlc23_chd_chaos_dwarfs,wh3_dlc23_sc_chd_chaos_dwarfs,208,84,factions/chaos_dwarfs/wh3_dlc23_chd_astragoth.csv,8ab2bdd91ad410b3f11bf7d5b34d8223e12929b1736cb6c92e33a27aa5e7cd13,61980
warhammer_3,8.1.1,24237342,Chaos Dwarfs,chaos_dwarfs,The Legion of Azgorh,wh3_dlc23_chd_legion_of_azgorh,wh3_dlc23_chd_chaos_dwarfs,wh3_dlc23_sc_chd_chaos_dwarfs,208,84,factions/chaos_dwarfs/wh3_dlc23_chd_legion_of_azgorh.csv,5b5d33d086d8dacaf6e7fcf34596a08606b3746a0eae1573191175b1e9827ff5,63644
warhammer_3,8.1.1,24237342,Chaos Dwarfs,chaos_dwarfs,The Warhost of Zharr,wh3_dlc23_chd_zhatan,wh3_dlc23_chd_chaos_dwarfs,wh3_dlc23_sc_chd_chaos_dwarfs,208,84,factions/chaos_dwarfs/wh3_dlc23_chd_zhatan.csv,88450c58dbba3b6176716fda689cee3476a063cd80958b6bde991532b1e916cf,61546
warhammer_3,8.1.1,24237342,Grand Cathay,grand_cathay,The Jade Court,wh3_dlc24_cth_the_celestial_court,wh3_main_cth_cathay,wh3_main_sc_cth_cathay,231,92,factions/grand_cathay/wh3_dlc24_cth_the_celestial_court.csv,9948b805a694fc3b2ddafb971870386813974842f860043b2c40a3461101d79e,66293
warhammer_3,8.1.1,24237342,Kislev,kislev,Daughters of the Forest,wh3_dlc24_ksl_daughters_of_the_forest,wh3_main_ksl_kislev,wh3_main_sc_ksl_kislev,276,109,factions/kislev/wh3_dlc24_ksl_daughters_of_the_forest.csv,3171809b8b527a599bf1a76edd76c5c98da67330eceb5cc5704b2412d8f1d0d6,78361
warhammer_3,8.1.1,24237342,Tzeentch,tzeentch,The Deceivers,wh3_dlc24_tze_the_deceivers,wh3_main_tze_tzeentch,wh3_main_sc_tze_tzeentch,244,80,factions/tzeentch/wh3_dlc24_tze_the_deceivers.csv,2bb642ce769b46b463bf2d174f30c8084edc267e643524f8c5600997199a7f09,67774
warhammer_3,8.1.1,24237342,Dwarfs,dwarfs,Masters of Innovation,wh3_dlc25_dwf_malakai,wh_main_dwf_dwarfs,wh_main_sc_dwf_dwarfs,332,129,factions/dwarfs/wh3_dlc25_dwf_malakai.csv,f5210ac8ed625b6574a4ae3b38da765f47ab23be7dba23151a11f165c06cd68b,90530
warhammer_3,8.1.1,24237342,Nurgle,nurgle,Tallymen of Pestilence,wh3_dlc25_nur_epidemius,wh3_main_nur_nurgle,wh3_main_sc_nur_nurgle,207,78,factions/nurgle/wh3_dlc25_nur_epidemius.csv,270b384152d48225f229f9f1caafb59c8af62cb4847740b400c0d02b81011f10,55680
warhammer_3,8.1.1,24237342,Nurgle,nurgle,The Maggot Host,wh3_dlc25_nur_tamurkhan,wh3_main_nur_nurgle,wh3_main_sc_nur_nurgle,207,78,factions/nurgle/wh3_dlc25_nur_tamurkhan.csv,2583a84f266b75b8a0a9fca7e29807ee95151dddce9c57fe78223260e0c65200,54231
warhammer_3,8.1.1,24237342,Greenskins,greenskins,Ironclaw Orcs,wh3_dlc26_grn_gorbad_ironclaw,wh_main_grn_greenskins,wh_main_sc_grn_greenskins,198,127,factions/greenskins/wh3_dlc26_grn_gorbad_ironclaw.csv,b75dffe3999e79ae1856eb0c8a1894abab5c498528d4f8e32f860c4983d43165,57780
warhammer_3,8.1.1,24237342,Khorne,khorne,Challengers of Khorne,wh3_dlc26_kho_arbaal,wh3_main_kho_khorne,wh3_main_sc_kho_khorne,207,84,factions/khorne/wh3_dlc26_kho_arbaal.csv,fb24ed791ed282cec8f3cff5c0ca1bb2aafe1d3111730ae551ba1c14ecd80553,56711
warhammer_3,8.1.1,24237342,Khorne,khorne,Blooded Wanderers,wh3_dlc26_kho_skulltaker,wh3_main_kho_khorne,wh3_main_sc_kho_khorne,207,84,factions/khorne/wh3_dlc26_kho_skulltaker.csv,e3901a87dd50229a879d2e11e74f438d8e099700600bc027ec0e722430bf154d,56711
warhammer_3,8.1.1,24237342,Ogre Kingdoms,ogre_kingdoms,The Maneaters,wh3_dlc26_ogr_golgfag,wh3_main_ogr_ogre_kingdoms,wh3_main_sc_ogr_ogre_kingdoms,201,71,factions/ogre_kingdoms/wh3_dlc26_ogr_golgfag.csv,ff2fa3a70a391a86f0f322ddd4c0cc861b59420ea19a95f844098c039581d250,57497
warhammer_3,8.1.1,24237342,High Elves,high_elves,High Elf Sea Patrol,wh3_dlc27_hef_aislinn,wh2_main_hef_high_elves,wh2_main_sc_hef_high_elves,378,149,factions/high_elves/wh3_dlc27_hef_aislinn.csv,237c457a4ac414678d42d6ae8187b38e9577831a4da1fa2a2dcaf83776a0f45b,110380
warhammer_3,8.1.1,24237342,Norsca,norsca,Dolgan,wh3_dlc27_nor_sayl,wh_dlc08_nor_norsca,wh_dlc08_sc_nor_norsca,272,101,factions/norsca/wh3_dlc27_nor_sayl.csv,64064dba194c50446b6391e6a56779e637a49dfd456910d1ef5a539647fcd941,79409
warhammer_3,8.1.1,24237342,Slaanesh,slaanesh,The Accursed Troupe,wh3_dlc27_sla_masque_of_slaanesh,wh3_main_sla_slaanesh,wh3_main_sc_sla_slaanesh,215,85,factions/slaanesh/wh3_dlc27_sla_masque_of_slaanesh.csv,e6841137da4931f5a58fc7a428c62ec4a7cd64c7ff2701e12708af56c31dbdc9,62631
warhammer_3,8.1.1,24237342,Slaanesh,slaanesh,The Tormentors,wh3_dlc27_sla_the_tormentors,wh3_main_sla_slaanesh,wh3_main_sc_sla_slaanesh,346,86,factions/slaanesh/wh3_dlc27_sla_the_tormentors.csv,64b984c1a797e03a15d6e525b27a83f16fed454780179ffb5a51961e03a75a9d,106531
warhammer_3,8.1.1,24237342,Warriors of Chaos,warriors_of_chaos,Shadow Legion,wh3_main_chs_shadow_legion,wh_main_chs_chaos,wh_main_sc_chs_chaos,84,18,factions/warriors_of_chaos/wh3_main_chs_shadow_legion.csv,46bfed84194d96de3595672394b7e247c435a7d5933511b0ad8ab3a84da62165,24274
warhammer_3,8.1.1,24237342,Grand Cathay,grand_cathay,The Northern Provinces,wh3_main_cth_the_northern_provinces,wh3_main_cth_cathay,wh3_main_sc_cth_cathay,230,91,factions/grand_cathay/wh3_main_cth_the_northern_provinces.csv,17cc9652bc86f3ead31c90a1279844e77a16f38756c33cad7eae48b1506a6628,68274
warhammer_3,8.1.1,24237342,Grand Cathay,grand_cathay,The Western Provinces,wh3_main_cth_the_western_provinces,wh3_main_cth_cathay,wh3_main_sc_cth_cathay,230,91,factions/grand_cathay/wh3_main_cth_the_western_provinces.csv,c9d0c617db45eaf1b1ae8626d5e6cbc1316fc34396f74d001d00090163be0965,67814
warhammer_3,8.1.1,24237342,Daemons of Chaos,daemons_of_chaos,Legion of Chaos,wh3_main_dae_daemon_prince,wh3_main_dae_daemons,wh3_main_sc_dae_daemons,238,24,factions/daemons_of_chaos/wh3_main_dae_daemon_prince.csv,41d7b1711f7324320974994d3b6a6f9fad26027dfa7efb06e43d67c69b3c3b9b,67364
warhammer_3,8.1.1,24237342,Dwarfs,dwarfs,The Ancestral Throng,wh3_main_dwf_the_ancestral_throng,wh_main_dwf_dwarfs,wh_main_sc_dwf_dwarfs,332,129,factions/dwarfs/wh3_main_dwf_the_ancestral_throng.csv,62ea0021a00a272ff4dadb8fae91f53330fb01fcacc9740088d866cea09f9e2c,94182
warhammer_3,8.1.1,24237342,Empire,empire,Cult of Sigmar,wh3_main_emp_cult_of_sigmar,wh_main_emp_empire,wh_main_sc_emp_empire,247,143,factions/empire/wh3_main_emp_cult_of_sigmar.csv,755ff33dd2338019e78942b1aae8f9bfd99e75badcc92f7ba55e1abbeab3c868,66569
warhammer_3,8.1.1,24237342,Khorne,khorne,Exiles of Khorne,wh3_main_kho_exiles_of_khorne,wh3_main_kho_khorne,wh3_main_sc_kho_khorne,207,84,factions/khorne/wh3_main_kho_exiles_of_khorne.csv,2a51313e5700b514775215f91fcf7b8d016ac7b7e803d631b07641b6b31972b2,57539
warhammer_3,8.1.1,24237342,Kislev,kislev,The Great Orthodoxy,wh3_main_ksl_the_great_orthodoxy,wh3_main_ksl_kislev,wh3_main_sc_ksl_kislev,273,107,factions/kislev/wh3_main_ksl_the_great_orthodoxy.csv,fae5cf31b9c92aabf5b8b146734924e0678a0b95e801d83f29a438942fbb897a,74939
warhammer_3,8.1.1,24237342,Kislev,kislev,The Ice Court,wh3_main_ksl_the_ice_court,wh3_main_ksl_kislev,wh3_main_sc_ksl_kislev,273,107,factions/kislev/wh3_main_ksl_the_ice_court.csv,9b391819b25f54e69297cb3386f398b6da2b38b7dc13f098a056e971ce5cc809,71663
warhammer_3,8.1.1,24237342,Kislev,kislev,Ursun Revivalists,wh3_main_ksl_ursun_revivalists,wh3_main_ksl_kislev,wh3_main_sc_ksl_kislev,273,107,factions/kislev/wh3_main_ksl_ursun_revivalists.csv,6243481d8e83a62c4a3c23dcb6056c46ac87978dc19aefa99c658df33898c7c0,73847
warhammer_3,8.1.1,24237342,Nurgle,nurgle,Poxmakers of Nurgle,wh3_main_nur_poxmakers_of_nurgle,wh3_main_nur_nurgle,wh3_main_sc_nur_nurgle,207,78,factions/nurgle/wh3_main_nur_poxmakers_of_nurgle.csv,0ccbac2241416c4d246d9aee33509aa069d18bf4bf5a193c97078d4d0732b044,56922
warhammer_3,8.1.1,24237342,Ogre Kingdoms,ogre_kingdoms,Disciples of the Maw,wh3_main_ogr_disciples_of_the_maw,wh3_main_ogr_ogre_kingdoms,wh3_main_sc_ogr_ogre_kingdoms,201,71,factions/ogre_kingdoms/wh3_main_ogr_disciples_of_the_maw.csv,7474e92cb84fa95ed8ffef79ebcc7d1a8885bff4ad7d1c5ea5b47b91b376fcbc,61316
warhammer_3,8.1.1,24237342,Ogre Kingdoms,ogre_kingdoms,Goldtooth,wh3_main_ogr_goldtooth,wh3_main_ogr_ogre_kingdoms,wh3_main_sc_ogr_ogre_kingdoms,202,71,factions/ogre_kingdoms/wh3_main_ogr_goldtooth.csv,ee2ecd3eaea5b8f70746bec3d616ee1a3bb89f4cfe7676367e66dd435ca1fe2e,57274
warhammer_3,8.1.1,24237342,Slaanesh,slaanesh,Seducers of Slaanesh,wh3_main_sla_seducers_of_slaanesh,wh3_main_sla_slaanesh,wh3_main_sc_sla_slaanesh,213,84,factions/slaanesh/wh3_main_sla_seducers_of_slaanesh.csv,bd198936f60b311fbc7d87d84ddedee18fa6cec9be6d6a40a333f2f36edaf014,62346
warhammer_3,8.1.1,24237342,Tzeentch,tzeentch,Oracles of Tzeentch,wh3_main_tze_oracles_of_tzeentch,wh3_main_tze_tzeentch,wh3_main_sc_tze_tzeentch,199,80,factions/tzeentch/wh3_main_tze_oracles_of_tzeentch.csv,872f23edaf957844d79bc366b46cbbea73dd39db142520b11735fcf92033c805,56839
warhammer_3,8.1.1,24237342,Vampire Counts,vampire_counts,Caravan of Blue Roses,wh3_main_vmp_caravan_of_blue_roses,wh_main_vmp_vampire_counts,wh_main_sc_vmp_vampire_counts,213,113,factions/vampire_counts/wh3_main_vmp_caravan_of_blue_roses.csv,87733bfd16a512f593465b57736d4698e1e5fe87e4e64e9c95082c93d1623a6f,68060
warhammer_3,8.1.1,24237342,Beastmen,beastmen,Warherd of the One-Eye,wh_dlc03_bst_beastmen,wh_dlc03_bst_beastmen,wh_dlc03_sc_bst_beastmen,139,103,factions/beastmen/wh_dlc03_bst_beastmen.csv,2e14db8960941b0d09a9484bcca06e9a7679564bc8b10e1fcceb32380e87c3be,40790
warhammer_3,8.1.1,24237342,Beastmen,beastmen,Warherd of the Shadowgave,wh_dlc05_bst_morghur_herd,wh_dlc03_bst_beastmen,wh_dlc03_sc_bst_beastmen,139,103,factions/beastmen/wh_dlc05_bst_morghur_herd.csv,5c439c6cbaa9f9c58ea029f72bb7669f7671d3a7d5c8329d38f07e6a447e7a68,41763
warhammer_3,8.1.1,24237342,Wood Elves,wood_elves,Argwylon,wh_dlc05_wef_argwylon,wh_dlc05_wef_wood_elves,wh_dlc05_sc_wef_wood_elves,196,113,factions/wood_elves/wh_dlc05_wef_argwylon.csv,9bcba590bd6c3087e4935b69bff199729915d83837c8124755cab7d7885d93c0,54364
warhammer_3,8.1.1,24237342,Wood Elves,wood_elves,Talsyn,wh_dlc05_wef_wood_elves,wh_dlc05_wef_wood_elves,wh_dlc05_sc_wef_wood_elves,197,113,factions/wood_elves/wh_dlc05_wef_wood_elves.csv,a1edd6a2b49a179dba6dac9319e37dbe28bc17a5e7c6e7b1ef021a4f4d5992e8,54681
warhammer_3,8.1.1,24237342,Norsca,norsca,World Walkers,wh_dlc08_nor_norsca,wh_dlc08_nor_norsca,wh_dlc08_sc_nor_norsca,262,101,factions/norsca/wh_dlc08_nor_norsca.csv,6312cef3cedeecf059366394e2f1368a88c895001bea49306e9fb317b6570d9f,78115
warhammer_3,8.1.1,24237342,Norsca,norsca,Wintertooth,wh_dlc08_nor_wintertooth,wh_dlc08_nor_norsca,wh_dlc08_sc_nor_norsca,299,131,factions/norsca/wh_dlc08_nor_wintertooth.csv,eee216f6758715e8afb097fa9d408c03b970b8a63c847c0bfb28203743eb786f,92002
warhammer_3,8.1.1,24237342,Bretonnia,bretonnia,Bordeleaux Errant,wh_main_brt_bordeleaux,wh_main_brt_bretonnia,wh_main_sc_brt_bretonnia,238,128,factions/bretonnia/wh_main_brt_bordeleaux.csv,c37ce0dd91f269380407e5db0d4fbc4e3bea770ca23b5862a4e7de21dd3002fa,66936
warhammer_3,8.1.1,24237342,Bretonnia,bretonnia,Couronne,wh_main_brt_bretonnia,wh_main_brt_bretonnia,wh_main_sc_brt_bretonnia,238,128,factions/bretonnia/wh_main_brt_bretonnia.csv,65d455cc9766c5d21b4158323f67c085e09e8f20c1dfa706695ee40df62169f5,64556
warhammer_3,8.1.1,24237342,Bretonnia,bretonnia,Carcassonne,wh_main_brt_carcassonne,wh_main_brt_bretonnia,wh_main_sc_brt_bretonnia,238,128,factions/bretonnia/wh_main_brt_carcassonne.csv,c403822b075fe59ed72e8eb802a8483a05136b0ab00544bf9392f0e822bf2600,65746
warhammer_3,8.1.1,24237342,Warriors of Chaos,warriors_of_chaos,Warhost of the Apocalypse,wh_main_chs_chaos,wh_main_chs_chaos,wh_main_sc_chs_chaos,84,18,factions/warriors_of_chaos/wh_main_chs_chaos.csv,16a907b9a1ffc3785347796a69ac176d4ad1ccb2c6211f76773551e42b7bdf36,24526
warhammer_3,8.1.1,24237342,Dwarfs,dwarfs,Karaz-a-Karak,wh_main_dwf_dwarfs,wh_main_dwf_dwarfs,wh_main_sc_dwf_dwarfs,332,129,factions/dwarfs/wh_main_dwf_dwarfs.csv,f6d3445841dac809d5bad5a3835d1e28d5219ae5d1df1ba583c52ffff1e82767,86878
warhammer_3,8.1.1,24237342,Dwarfs,dwarfs,Clan Angrund,wh_main_dwf_karak_izor,wh_main_dwf_dwarfs,wh_main_sc_dwf_dwarfs,336,129,factions/dwarfs/wh_main_dwf_karak_izor.csv,98a8388b06c3bf0a56714d26c74c62018ac704b2cab142e240a064f73cff9110,88868
warhammer_3,8.1.1,24237342,Dwarfs,dwarfs,Karak Kadrin,wh_main_dwf_karak_kadrin,wh_main_dwf_dwarfs,wh_main_sc_dwf_dwarfs,332,129,factions/dwarfs/wh_main_dwf_karak_kadrin.csv,dde643e7180b1cceb841534f2dc268d6c4eef3315097e8c110587d47e04463fa,88538
warhammer_3,8.1.1,24237342,Empire,empire,Reikland,wh_main_emp_empire,wh_main_emp_empire,wh_main_sc_emp_empire,247,143,factions/empire/wh_main_emp_empire.csv,44659c8795bc2553ddfb315aa1666bbfdb168f1b3825217c6444d4f045fb4e15,62864
warhammer_3,8.1.1,24237342,Empire,empire,Wissenland & Nuln,wh_main_emp_wissenland,wh_main_emp_empire,wh_main_sc_emp_empire,251,147,factions/empire/wh_main_emp_wissenland.csv,58291e1d5c3a96d55c00465438a3996aa71f9129b085eeaa8295f1dbb232f5ff,67060
warhammer_3,8.1.1,24237342,Greenskins,greenskins,Crooked Moon,wh_main_grn_crooked_moon,wh_main_grn_greenskins,wh_main_sc_grn_greenskins,203,127,factions/greenskins/wh_main_grn_crooked_moon.csv,757d91c4288fb3ff3b85bf9b9b92282f741fd3e9358fa09a919a5f4ddb109f3b,58042
warhammer_3,8.1.1,24237342,Greenskins,greenskins,Grimgor's 'Ardboyz,wh_main_grn_greenskins,wh_main_grn_greenskins,wh_main_sc_grn_greenskins,198,127,factions/greenskins/wh_main_grn_greenskins.csv,34c1c3fb33b89d0f638a61be5ca6dd605e8df24f3f73ca8db3e04985f974b2e1,57034
warhammer_3,8.1.1,24237342,Greenskins,greenskins,The Bloody Handz,wh_main_grn_orcs_of_the_bloody_hand,wh_main_grn_greenskins,wh_main_sc_grn_greenskins,201,128,factions/greenskins/wh_main_grn_orcs_of_the_bloody_hand.csv,ae53898291e60ec4abc654b870c379a8668d341284d16cea204bf6f10f121e10,60472
warhammer_3,8.1.1,24237342,Vampire Counts,vampire_counts,Sylvania,wh_main_vmp_schwartzhafen,wh_main_vmp_vampire_counts,wh_main_sc_vmp_vampire_counts,214,113,factions/vampire_counts/wh_main_vmp_schwartzhafen.csv,ac5b7f5aa7565f8433edccc76fb61554cd98e17fda641e23b80db4ebf5364c83,63669
warhammer_3,8.1.1,24237342,Vampire Counts,vampire_counts,The Drakenhof Conclave,wh_main_vmp_vampire_counts,wh_main_vmp_vampire_counts,wh_main_sc_vmp_vampire_counts,214,114,factions/vampire_counts/wh_main_vmp_vampire_counts.csv,630135a933a5f8e4ac5d6744257311d57ab40e63795bcfc5f3bd944cbd8286b3,66896
