game,patch,steam_build_id,race,race_slug,culture_key,subculture_key,faction_name,faction_key,campaign_key,building_name,building_key,building_chain_name,building_chain_key,building_level,settlement_tier_requirement,construction_cost,construction_turns,building_upkeep,only_in_capital,resource_requirement_key,required_building_key,income,growth,control,trade_resource_key,trade_resource_quantity,recruitment_cost_modifier,upkeep_modifier,is_unique
warhammer_3,8.1.1,24237342,Grand Cathay,grand_cathay,wh3_main_cth_cathay,wh3_main_sc_cth_cathay,The Western Provinces,wh3_main_cth_the_western_provinces,,{{tr:building_culture_variants_name_wh3_cp1_cth_den_tigers_1_bhashivawh3_cp1_cth_tiger_warriors}},wh3_cp1_cth_den_tigers_1,{{tr:building_chains_chain_tooltip_wh3_cp1_cth_den_tigers_bhashiva}},wh3_cp1_cth_den_tigers,0,2,1500,2,0,false,,,,,,,,,,false
warhammer_3,8.1.1,24237342,Grand Cathay,grand_cathay,wh3_main_cth_cathay,wh3_main_sc_cth_cathay,The Western Provinces,wh3_main_cth_the_western_provinces,,{{tr:building_culture_variants_name_wh3_cp1_cth_den_tigers_2_bhashivawh3_cp1_cth_tiger_warriors}},wh3_cp1_cth_den_tigers_2,{{tr:building_chains_chain_tooltip_wh3_cp1_cth_den_tigers_bhashiva}},wh3_cp1_cth_den_tigers,1,3,3000,4,0,false,,,,,,,,,,false
warhammer_3,8.1.1,24237342,Grand Cathay,grand_cathay,wh3_main_cth_cathay,wh3_main_sc_cth_cathay,The Western Provinces,wh3_main_cth_the_western_provinces,,{{tr:building_culture_variants_name_wh3_cp1_cth_den_tigers_3_bhashivawh3_cp1_cth_tiger_warriors}},wh3_cp1_cth_den_tigers_3,{{tr:building_chains_chain_tooltip_wh3_cp1_cth_den_tigers_bhashiva}},wh3_cp1_cth_den_tigers,2,4,6000,5,0,false,,,,,,,,,,false
warhammer_3,8.1.1,24237342,Grand Cathay,grand_cathay,wh3_main_cth_cathay,wh3_main_sc_cth_cathay,The Western Provinces,wh3_main_cth_the_western_provinces,,Grand Maritime Lift,wh3_cp1_cth_special_grand_naval_lift,{{tr:building_chains_chain_tooltip_wh3_dlc24_special_celestial_palace_other}},wh3_cp1_cth_special_grand_naval_lift,0,5,10000,6,0,false,,,,,,,,,,true
warhammer_3,8.1.1,24237342,Grand Cathay,grand_cathay,wh3_main_cth_cathay,wh3_main_sc_cth_cathay,The Western Provinces,wh3_main_cth_the_western_provinces,,House of Secrets,wh3_cp1_cth_special_house_of_secrets,{{tr:building_chains_chain_tooltip_wh3_dlc24_special_celestial_palace_other}},wh3_cp1_cth_special_house_of_secrets,0,3,6000,5,0,false,,,300,,,,,,,true
warhammer_3,8.1.1,24237342,Grand Cathay,grand_cathay,wh3_main_cth_cathay,wh3_main_sc_cth_cathay,The Western Provinces,wh3_main_cth_the_western_provinces,,Terracotta Road,wh3_cp1_cth_special_terracotta_road,{{tr:building_chains_chain_tooltip_wh3_dlc24_special_celestial_palace_other}},wh3_cp1_cth_special_terracotta_road,0,4,8000,5,0,false,,,,,,,,,,true
warhammer_3,8.1.1,24237342,Grand Cathay,grand_cathay,wh3_main_cth_cathay,wh3_main_sc_cth_cathay,The Western Provinces,wh3_main_cth_the_western_provinces,,Monument of the White Tiger,wh3_cp1_cth_special_tiger_village_monument,{{tr:building_chains_chain_tooltip_wh3_dlc24_special_celestial_palace_other}},wh3_cp1_cth_special_tiger_village_monument,0,3,6000,4,0,false,,,,,,,,,,true
warhammer_3,8.1.1,24237342,Grand Cathay,grand_cathay,wh3_main_cth_cathay,wh3_main_sc_cth_cathay,The Western Provinces,wh3_main_cth_the_western_provinces,,City of Bronze,wh2_dlc15_special_ka_sabar_city_of_bronze,Ancient Foundries,wh2_dlc15_special_ka_sabar_city_of_bronze,0,2,4000,4,0,false,,,300,,,,,-10,,true
warhammer_3,8.1.1,24237342,Grand Cathay,grand_cathay,wh3_main_cth_cathay,wh3_main_sc_cth_cathay,The Western Provinces,wh3_main_cth_the_western_provinces,,Celestial Barracks,wh3_main_cth_celestial_1,Armoury,wh3_main_cth_celestial,0,4,5000,5,0,false,,,,,,,,,,false
warhammer_3,8.1.1,24237342,Grand Cathay,grand_cathay,wh3_main_cth_cathay,wh3_main_sc_cth_cathay,The Western Provinces,wh3_main_cth_the_western_provinces,,Celestial Armoury,wh3_main_cth_celestial_2,Armoury,wh3_main_cth_celestial,1,5,10000,6,0,false,,,,,,,,,,false
warhammer_3,8.1.1,24237342,Grand Cathay,grand_cathay,wh3_main_cth_cathay,wh3_main_sc_cth_cathay,The Western Provinces,wh3_main_cth_the_western_provinces,,Bastion Lumber Pile,wh3_main_cth_bastion_3_1,Artisan,wh3_main_cth_bastion_3,0,1,1000,1,0,false,,,,,,,,,,false
warhammer_3,8.1.1,24237342,Grand Cathay,grand_cathay,wh3_main_cth_cathay,wh3_main_sc_cth_cathay,The Western Provinces,wh3_main_cth_the_western_provinces,,Bastion Mill,wh3_main_cth_bastion_3_2,Artisan,wh3_main_cth_bastion_3,1,2,1500,2,0,false,,,,,,,,,,false
warhammer_3,8.1.1,24237342,Grand Cathay,grand_cathay,wh3_main_cth_cathay,wh3_main_sc_cth_cathay,The Western Provinces,wh3_main_cth_the_western_provinces,,Bastion Siegeworks,wh3_main_cth_bastion_3_3,Artisan,wh3_main_cth_bastion_3,2,3,2000,3,0,false,,,,,,,,,,false
warhammer_3,8.1.1,24237342,Grand Cathay,grand_cathay,wh3_main_cth_cathay,wh3_main_sc_cth_cathay,The Western Provinces,wh3_main_cth_the_western_provinces,,Bastion Foundry,wh3_main_cth_bastion_3_4,Artisan,wh3_main_cth_bastion_3,3,4,3000,4,0,false,,,,,,,,,,false
warhammer_3,8.1.1,24237342,Grand Cathay,grand_cathay,wh3_main_cth_cathay,wh3_main_sc_cth_cathay,The Western Provinces,wh3_main_cth_the_western_provinces,,Bastion Arsenal,wh3_main_cth_bastion_3_5,Artisan,wh3_main_cth_bastion_3,4,5,4000,5,0,false,,,,,,,,,,false
warhammer_3,8.1.1,24237342,Grand Cathay,grand_cathay,wh3_main_cth_cathay,wh3_main_sc_cth_cathay,The Western Provinces,wh3_main_cth_the_western_provinces,,Flame of Asuryan,wh2_main_special_shrine_of_asuryan_1_other,Asuryan Worship,wh2_main_special_shrine_of_asuryan_other,0,1,2000,3,0,false,,,,,5,,,,,true
warhammer_3,8.1.1,24237342,Grand Cathay,grand_cathay,wh3_main_cth_cathay,wh3_main_sc_cth_cathay,The Western Provinces,wh3_main_cth_the_western_provinces,,Bastion Gatehouse,wh3_main_cth_bastion_primary_1,Bastion,wh3_main_cth_bastion_primary,1,0,1000,4,0,false,,,100,20,,,,,,false
warhammer_3,8.1.1,24237342,Grand Cathay,grand_cathay,wh3_main_cth_cathay,wh3_main_sc_cth_cathay,The Western Provinces,wh3_main_cth_the_western_provinces,,Bastion Tower,wh3_main_cth_bastion_primary_2,Bastion,wh3_main_cth_bastion_primary,2,0,2000,5,0,false,,,150,30,,,,,,false
warhammer_3,8.1.1,24237342,Grand Cathay,grand_cathay,wh3_main_cth_cathay,wh3_main_sc_cth_cathay,The Western Provinces,wh3_main_cth_the_western_provinces,,Bastion Citadel,wh3_main_cth_bastion_primary_3,Bastion,wh3_main_cth_bastion_primary,3,0,4000,6,0,false,,,200,40,,,,,,false
warhammer_3,8.1.1,24237342,Grand Cathay,grand_cathay,wh3_main_cth_cathay,wh3_main_sc_cth_cathay,The Western Provinces,wh3_main_cth_the_western_provinces,,Bastion Stronghold,wh3_main_cth_bastion_primary_4,Bastion,wh3_main_cth_bastion_primary,4,0,8000,7,0,false,,,250,50,,,,,,false
warhammer_3,8.1.1,24237342,Grand Cathay,grand_cathay,wh3_main_cth_cathay,wh3_main_sc_cth_cathay,The Western Provinces,wh3_main_cth_the_western_provinces,,Bastion Fortress,wh3_main_cth_bastion_primary_5,Bastion,wh3_main_cth_bastion_primary,5,0,16000,8,0,false,,,300,50,,,,,,false
warhammer_3,8.1.1,24237342,Grand Cathay,grand_cathay,wh3_main_cth_cathay,wh3_main_sc_cth_cathay,The Western Provinces,wh3_main_cth_the_western_provinces,,Morceaux Valley Orchards,wh_main_special_bordeleaux_vineyards_1,Bordeleaux Winemaking,wh_main_special_bordeleaux_vineyards,0,1,2000,2,0,false,,,,,3,res_rom_wine,42,,,true
warhammer_3,8.1.1,24237342,Grand Cathay,grand_cathay,wh3_main_cth_cathay,wh3_main_sc_cth_cathay,The Western Provinces,wh3_main_cth_the_western_provinces,,Morceaux Valley Vineyards,wh_main_special_bordeleaux_vineyards_2,Bordeleaux Winemaking,wh_main_special_bordeleaux_vineyards,1,2,4000,3,0,false,,,,,4,res_rom_wine,64,,,true
warhammer_3,8.1.1,24237342,Grand Cathay,grand_cathay,wh3_main_cth_cathay,wh3_main_sc_cth_cathay,The Western Provinces,wh3_main_cth_the_western_provinces,,Morceaux Valley Vintners,wh_main_special_bordeleaux_vineyards_3,Bordeleaux Winemaking,wh_main_special_bordeleaux_vineyards,2,3,6000,4,0,false,,,,,5,res_rom_wine,96,,,true
warhammer_3,8.1.1,24237342,Grand Cathay,grand_cathay,wh3_main_cth_cathay,wh3_main_sc_cth_cathay,The Western Provinces,wh3_main_cth_the_western_provinces,,Bordeleaux Wine Market,wh_main_special_bordeleaux_vineyards_4,Bordeleaux Winemaking,wh_main_special_bordeleaux_vineyards,3,4,8000,5,0,false,,,,,8,res_rom_wine,144,,,true
warhammer_3,8.1.1,24237342,Grand Cathay,grand_cathay,wh3_main_cth_cathay,wh3_main_sc_cth_cathay,The Western Provinces,wh3_main_cth_the_western_provinces,,Celestial Tower,wh3_main_cth_magic_tower_1,Celestial,wh3_main_cth_magic_tower,0,3,3000,4,0,false,,,,,,,,,,false
warhammer_3,8.1.1,24237342,Grand Cathay,grand_cathay,wh3_main_cth_cathay,wh3_main_sc_cth_cathay,The Western Provinces,wh3_main_cth_the_western_provinces,,Celestial Observatory,wh3_main_cth_magic_tower_2,Celestial,wh3_main_cth_magic_tower,1,4,5000,5,0,false,,,,,,,,,,false
warhammer_3,8.1.1,24237342,Grand Cathay,grand_cathay,wh3_main_cth_cathay,wh3_main_sc_cth_cathay,The Western Provinces,wh3_main_cth_the_western_provinces,,Celestial Beacon,wh3_main_cth_magic_tower_3,Celestial,wh3_main_cth_magic_tower,2,5,10000,6,0,false,,,,,,,,,,false
warhammer_3,8.1.1,24237342,Grand Cathay,grand_cathay,wh3_main_cth_cathay,wh3_main_sc_cth_cathay,The Western Provinces,wh3_main_cth_the_western_provinces,,Celestial Court,wh3_main_special_celestial_palace,Celestial Palace,wh3_main_special_celestial_palace,0,5,10000,6,0,false,,,,,10,,,,,true
warhammer_3,8.1.1,24237342,Grand Cathay,grand_cathay,wh3_main_cth_cathay,wh3_main_sc_cth_cathay,The Western Provinces,wh3_main_cth_the_western_provinces,,Labour Conscription Bureau,wh3_main_cth_growth_yang_1,Civic (Yang),wh3_main_cth_growth_yang,0,1,500,1,0,false,,,,10,,,,,,false
warhammer_3,8.1.1,24237342,Grand Cathay,grand_cathay,wh3_main_cth_cathay,wh3_main_sc_cth_cathay,The Western Provinces,wh3_main_cth_the_western_provinces,,Bamboo Scaffold Depot,wh3_main_cth_growth_yang_2,Civic (Yang),wh3_main_cth_growth_yang,1,2,1000,2,0,false,,,,20,,,,,,false
warhammer_3,8.1.1,24237342,Grand Cathay,grand_cathay,wh3_main_cth_cathay,wh3_main_sc_cth_cathay,The Western Provinces,wh3_main_cth_the_western_provinces,,Lumber Mill,wh3_main_cth_growth_yang_3,Civic (Yang),wh3_main_cth_growth_yang,2,3,1500,3,0,false,,,,30,,,,,,false
warhammer_3,8.1.1,24237342,Grand Cathay,grand_cathay,wh3_main_cth_cathay,wh3_main_sc_cth_cathay,The Western Provinces,wh3_main_cth_the_western_provinces,,Tea Parlour,wh3_main_cth_growth_yin_1,Civic (Yin),wh3_main_cth_growth_yin,0,1,500,1,0,false,,,,20,,,,,,false
warhammer_3,8.1.1,24237342,Grand Cathay,grand_cathay,wh3_main_cth_cathay,wh3_main_sc_cth_cathay,The Western Provinces,wh3_main_cth_the_western_provinces,,Contemplation Gardens,wh3_main_cth_growth_yin_2,Civic (Yin),wh3_main_cth_growth_yin,1,2,1000,2,0,false,,,,30,,,,,,false
warhammer_3,8.1.1,24237342,Grand Cathay,grand_cathay,wh3_main_cth_cathay,wh3_main_sc_cth_cathay,The Western Provinces,wh3_main_cth_the_western_provinces,,Administration Centre,wh3_main_cth_growth_yin_3,Civic (Yin),wh3_main_cth_growth_yin,2,3,1500,3,0,false,,,,40,,,,,,false
warhammer_3,8.1.1,24237342,Grand Cathay,grand_cathay,wh3_main_cth_cathay,wh3_main_sc_cth_cathay,The Western Provinces,wh3_main_cth_the_western_provinces,,Conscription Office,wh3_main_cth_order_yang_1,Conscription (Yang),wh3_main_cth_order_yang,0,1,1000,1,0,false,,,,,2,,,,,false
warhammer_3,8.1.1,24237342,Grand Cathay,grand_cathay,wh3_main_cth_cathay,wh3_main_sc_cth_cathay,The Western Provinces,wh3_main_cth_the_western_provinces,,Temple of Yang,wh3_main_cth_order_yang_2,Conscription (Yang),wh3_main_cth_order_yang,1,2,1500,2,0,false,,,,,4,,,,,false
warhammer_3,8.1.1,24237342,Grand Cathay,grand_cathay,wh3_main_cth_cathay,wh3_main_sc_cth_cathay,The Western Provinces,wh3_main_cth_the_western_provinces,,Yang Sanctuary,wh3_main_cth_order_yang_3,Conscription (Yang),wh3_main_cth_order_yang,2,3,2000,3,0,false,,,,,5,,,,,false
warhammer_3,8.1.1,24237342,Grand Cathay,grand_cathay,wh3_main_cth_cathay,wh3_main_sc_cth_cathay,The Western Provinces,wh3_main_cth_the_western_provinces,,Conscription Field,wh3_main_cth_order_yin_1,Conscription (Yin),wh3_main_cth_order_yin,0,1,1000,1,0,false,,,,,2,,,,,false
warhammer_3,8.1.1,24237342,Grand Cathay,grand_cathay,wh3_main_cth_cathay,wh3_main_sc_cth_cathay,The Western Provinces,wh3_main_cth_the_western_provinces,,Shrine of Yin,wh3_main_cth_order_yin_2,Conscription (Yin),wh3_main_cth_order_yin,1,2,1500,2,0,false,,,,,2,,,,,false
warhammer_3,8.1.1,24237342,Grand Cathay,grand_cathay,wh3_main_cth_cathay,wh3_main_sc_cth_cathay,The Western Provinces,wh3_main_cth_the_western_provinces,,Yin Lodge,wh3_main_cth_order_yin_3,Conscription (Yin),wh3_main_cth_order_yin,2,3,2000,3,0,false,,,,,3,,,,,false
warhammer_3,8.1.1,24237342,Grand Cathay,grand_cathay,wh3_main_cth_cathay,wh3_main_sc_cth_cathay,The Western Provinces,wh3_main_cth_the_western_provinces,,Tower of the Bloodytooth,wh2_dlc15_special_fortress_of_vorag_tower_of_the_bloodytooth,Cursed Ruins,wh2_dlc15_special_fortress_of_vorag_tower_of_the_bloodytooth,0,3,6000,4,0,false,,,300,,,,,,,true
warhammer_3,8.1.1,24237342,Grand Cathay,grand_cathay,wh3_main_cth_cathay,wh3_main_sc_cth_cathay,The Western Provinces,wh3_main_cth_the_western_provinces,,Cinnabar Mining Pit,wh3_main_cth_resource_dyes_1,Dye Production,wh3_main_cth_resource_dyes,0,1,500,1,0,false,,,100,,,res_dyes,20,,,false
warhammer_3,8.1.1,24237342,Grand Cathay,grand_cathay,wh3_main_cth_cathay,wh3_main_sc_cth_cathay,The Western Provinces,wh3_main_cth_the_western_provinces,,Cinnabar Mine,wh3_main_cth_resource_dyes_2,Dye Production,wh3_main_cth_resource_dyes,1,2,1000,2,0,false,,,150,,,res_dyes,30,,,false
warhammer_3,8.1.1,24237342,Grand Cathay,grand_cathay,wh3_main_cth_cathay,wh3_main_sc_cth_cathay,The Western Provinces,wh3_main_cth_the_western_provinces,,Dyemaker,wh3_main_cth_resource_dyes_3,Dye Production,wh3_main_cth_resource_dyes,2,3,2000,3,0,false,,,200,,,res_dyes,45,,,false
warhammer_3,8.1.1,24237342,Grand Cathay,grand_cathay,wh3_main_cth_cathay,wh3_main_sc_cth_cathay,The Western Provinces,wh3_main_cth_the_western_provinces,,Exotic Animal Tamer,wh3_main_cth_resource_animals_1,Exotic Animals,wh3_main_cth_resource_animals,0,1,500,1,0,false,,,100,,,res_animals,20,,,false
warhammer_3,8.1.1,24237342,Grand Cathay,grand_cathay,wh3_main_cth_cathay,wh3_main_sc_cth_cathay,The Western Provinces,wh3_main_cth_the_western_provinces,,Exotic Animal Pen,wh3_main_cth_resource_animals_2,Exotic Animals,wh3_main_cth_resource_animals,1,2,1000,2,0,false,,,150,,,res_animals,30,,,false
warhammer_3,8.1.1,24237342,Grand Cathay,grand_cathay,wh3_main_cth_cathay,wh3_main_sc_cth_cathay,The Western Provinces,wh3_main_cth_the_western_provinces,,Exotic Animal Market,wh3_main_cth_resource_animals_3,Exotic Animals,wh3_main_cth_resource_animals,2,3,2000,3,0,false,,,200,,,res_animals,45,,,false
warhammer_3,8.1.1,24237342,Grand Cathay,grand_cathay,wh3_main_cth_cathay,wh3_main_sc_cth_cathay,The Western Provinces,wh3_main_cth_the_western_provinces,,Great Halls of Nagashizzar,wh2_dlc14_special_nagashizzar_other,Forbidden Halls,wh2_dlc14_special_nagashizzar_other,0,5,10000,10,0,false,,,200,,,,,,,true
warhammer_3,8.1.1,24237342,Grand Cathay,grand_cathay,wh3_main_cth_cathay,wh3_main_sc_cth_cathay,The Western Provinces,wh3_main_cth_the_western_provinces,,Nan-Gau Forge,wh3_main_cth_gunners_1,Forge,wh3_main_cth_gunners,0,2,1500,2,0,false,,,,,,,,,,false
warhammer_3,8.1.1,24237342,Grand Cathay,grand_cathay,wh3_main_cth_cathay,wh3_main_sc_cth_cathay,The Western Provinces,wh3_main_cth_the_western_provinces,,Powder Magazine,wh3_main_cth_gunners_2,Forge,wh3_main_cth_gunners,1,3,2500,3,0,false,,,,,,,,,,false
warhammer_3,8.1.1,24237342,Grand Cathay,grand_cathay,wh3_main_cth_cathay,wh3_main_sc_cth_cathay,The Western Provinces,wh3_main_cth_the_western_provinces,,Fire Rain Silo,wh3_main_cth_gunners_3,Forge,wh3_main_cth_gunners,2,4,4000,4,0,false,,,,,,,,,,false
warhammer_3,8.1.1,24237342,Grand Cathay,grand_cathay,wh3_main_cth_cathay,wh3_main_sc_cth_cathay,The Western Provinces,wh3_main_cth_the_western_provinces,,Occupied Fortress (Small Fort),wh2_main_special_empire_fort_untainted_1,Fort,wh3_main_special_settlement_fort_other,1,0,1000,2,0,false,,,,40,,,,,,true
warhammer_3,8.1.1,24237342,Grand Cathay,grand_cathay,wh3_main_cth_cathay,wh3_main_sc_cth_cathay,The Western Provinces,wh3_main_cth_the_western_provinces,,Occupied Fortress (Fort),wh2_main_special_empire_fort_untainted_2,Fort,wh3_main_special_settlement_fort_other,2,0,2000,3,0,false,,,,50,,,,,,true
warhammer_3,8.1.1,24237342,Grand Cathay,grand_cathay,wh3_main_cth_cathay,wh3_main_sc_cth_cathay,The Western Provinces,wh3_main_cth_the_western_provinces,,Occupied Fortress (Grand Fort),wh2_main_special_empire_fort_untainted_3,Fort,wh3_main_special_settlement_fort_other,3,0,4000,4,0,false,,,,60,,,,,,true
warhammer_3,8.1.1,24237342,Grand Cathay,grand_cathay,wh3_main_cth_cathay,wh3_main_sc_cth_cathay,The Western Provinces,wh3_main_cth_the_western_provinces,,Occupied Fortress (Imposing Fort),wh2_main_special_empire_fort_untainted_4,Fort,wh3_main_special_settlement_fort_other,4,0,8000,5,0,false,,,,70,,,,,,true
warhammer_3,8.1.1,24237342,Grand Cathay,grand_cathay,wh3_main_cth_cathay,wh3_main_sc_cth_cathay,The Western Provinces,wh3_main_cth_the_western_provinces,,Occupied Fortress (Impregnable Fort),wh2_main_special_empire_fort_untainted_5,Fort,wh3_main_special_settlement_fort_other,5,0,16000,6,0,false,,,,80,,,,,,true
warhammer_3,8.1.1,24237342,Grand Cathay,grand_cathay,wh3_main_cth_cathay,wh3_main_sc_cth_cathay,The Western Provinces,wh3_main_cth_the_western_provinces,,Bastion Watch Mast,wh3_main_cth_bastion_2_1,Fortification,wh3_main_cth_bastion_2,0,1,1000,1,0,false,,,,,,,,,-25,false
warhammer_3,8.1.1,24237342,Grand Cathay,grand_cathay,wh3_main_cth_cathay,wh3_main_sc_cth_cathay,The Western Provinces,wh3_main_cth_the_western_provinces,,Bastion Barracks,wh3_main_cth_bastion_2_2,Fortification,wh3_main_cth_bastion_2,1,2,1500,2,0,false,,,,,,,,,-35,false
warhammer_3,8.1.1,24237342,Grand Cathay,grand_cathay,wh3_main_cth_cathay,wh3_main_sc_cth_cathay,The Western Provinces,wh3_main_cth_the_western_provinces,,Bastion Quarters,wh3_main_cth_bastion_2_3,Fortification,wh3_main_cth_bastion_2,2,3,2000,3,0,false,,,,,,,,,-45,false
warhammer_3,8.1.1,24237342,Grand Cathay,grand_cathay,wh3_main_cth_cathay,wh3_main_sc_cth_cathay,The Western Provinces,wh3_main_cth_the_western_provinces,,Bastion Overlook,wh3_main_cth_bastion_2_4,Fortification,wh3_main_cth_bastion_2,3,4,3000,4,0,false,,,,,,,,,-55,false
warhammer_3,8.1.1,24237342,Grand Cathay,grand_cathay,wh3_main_cth_cathay,wh3_main_sc_cth_cathay,The Western Provinces,wh3_main_cth_the_western_provinces,,Bastion Command Tower,wh3_main_cth_bastion_2_5,Fortification,wh3_main_cth_bastion_2,4,5,4000,5,0,false,,,,,,,,,-65,false
warhammer_3,8.1.1,24237342,Grand Cathay,grand_cathay,wh3_main_cth_cathay,wh3_main_sc_cth_cathay,The Western Provinces,wh3_main_cth_the_western_provinces,,Occupied Gate (Small Fortress),wh2_main_special_fortress_gate_eagle_untainted_1,Fortress Gate,wh2_main_special_fortress_gate_eagle_untainted,1,0,1000,2,0,false,,,,40,,,,,,true
warhammer_3,8.1.1,24237342,Grand Cathay,grand_cathay,wh3_main_cth_cathay,wh3_main_sc_cth_cathay,The Western Provinces,wh3_main_cth_the_western_provinces,,Occupied Gate (Small Fortress),wh2_main_special_fortress_gate_griffon_untainted_1,Fortress Gate,wh2_main_special_fortress_gate_griffon_untainted,1,0,1000,2,0,false,,,,40,,,,,,true
warhammer_3,8.1.1,24237342,Grand Cathay,grand_cathay,wh3_main_cth_cathay,wh3_main_sc_cth_cathay,The Western Provinces,wh3_main_cth_the_western_provinces,,Occupied Gate (Small Fortress),wh2_main_special_fortress_gate_phoenix_untainted_1,Fortress Gate,wh2_main_special_fortress_gate_phoenix_untainted,1,0,1000,2,0,false,,,,40,,,,,,true
warhammer_3,8.1.1,24237342,Grand Cathay,grand_cathay,wh3_main_cth_cathay,wh3_main_sc_cth_cathay,The Western Provinces,wh3_main_cth_the_western_provinces,,Occupied Gate (Small Fortress),wh2_main_special_fortress_gate_unicorn_untainted_1,Fortress Gate,wh2_main_special_fortress_gate_unicorn_untainted,1,0,1000,2,0,false,,,,40,,,,,,true
warhammer_3,8.1.1,24237342,Grand Cathay,grand_cathay,wh3_main_cth_cathay,wh3_main_sc_cth_cathay,The Western Provinces,wh3_main_cth_the_western_provinces,,Occupied Gate (Fortress),wh2_main_special_fortress_gate_eagle_untainted_2,Fortress Gate,wh2_main_special_fortress_gate_eagle_untainted,2,0,2000,3,0,false,,,,50,,,,,,true
warhammer_3,8.1.1,24237342,Grand Cathay,grand_cathay,wh3_main_cth_cathay,wh3_main_sc_cth_cathay,The Western Provinces,wh3_main_cth_the_western_provinces,,Occupied Gate (Fortress),wh2_main_special_fortress_gate_griffon_untainted_2,Fortress Gate,wh2_main_special_fortress_gate_griffon_untainted,2,0,2000,3,0,false,,,,50,,,,,,true
warhammer_3,8.1.1,24237342,Grand Cathay,grand_cathay,wh3_main_cth_cathay,wh3_main_sc_cth_cathay,The Western Provinces,wh3_main_cth_the_western_provinces,,Occupied Gate (Fortress),wh2_main_special_fortress_gate_phoenix_untainted_2,Fortress Gate,wh2_main_special_fortress_gate_phoenix_untainted,2,0,2000,3,0,false,,,,50,,,,,,true
warhammer_3,8.1.1,24237342,Grand Cathay,grand_cathay,wh3_main_cth_cathay,wh3_main_sc_cth_cathay,The Western Provinces,wh3_main_cth_the_western_provinces,,Occupied Gate (Fortress),wh2_main_special_fortress_gate_unicorn_untainted_2,Fortress Gate,wh2_main_special_fortress_gate_unicorn_untainted,2,0,2000,3,0,false,,,,50,,,,,,true
warhammer_3,8.1.1,24237342,Grand Cathay,grand_cathay,wh3_main_cth_cathay,wh3_main_sc_cth_cathay,The Western Provinces,wh3_main_cth_the_western_provinces,,Occupied Gate (Grand Fortress),wh2_main_special_fortress_gate_eagle_untainted_3,Fortress Gate,wh2_main_special_fortress_gate_eagle_untainted,3,0,4000,4,0,false,,,,60,,,,,,true
warhammer_3,8.1.1,24237342,Grand Cathay,grand_cathay,wh3_main_cth_cathay,wh3_main_sc_cth_cathay,The Western Provinces,wh3_main_cth_the_western_provinces,,Occupied Gate (Grand Fortress),wh2_main_special_fortress_gate_griffon_untainted_3,Fortress Gate,wh2_main_special_fortress_gate_griffon_untainted,3,0,4000,4,0,false,,,,60,,,,,,true
warhammer_3,8.1.1,24237342,Grand Cathay,grand_cathay,wh3_main_cth_cathay,wh3_main_sc_cth_cathay,The Western Provinces,wh3_main_cth_the_western_provinces,,Occupied Gate (Grand Fortress),wh2_main_special_fortress_gate_phoenix_untainted_3,Fortress Gate,wh2_main_special_fortress_gate_phoenix_untainted,3,0,4000,4,0,false,,,,60,,,,,,true
warhammer_3,8.1.1,24237342,Grand Cathay,grand_cathay,wh3_main_cth_cathay,wh3_main_sc_cth_cathay,The Western Provinces,wh3_main_cth_the_western_provinces,,Occupied Gate (Grand Fortress),wh2_main_special_fortress_gate_unicorn_untainted_3,Fortress Gate,wh2_main_special_fortress_gate_unicorn_untainted,3,0,4000,4,0,false,,,,60,,,,,,true
warhammer_3,8.1.1,24237342,Grand Cathay,grand_cathay,wh3_main_cth_cathay,wh3_main_sc_cth_cathay,The Western Provinces,wh3_main_cth_the_western_provinces,,Occupied Gate (Imposing Fortress),wh2_main_special_fortress_gate_eagle_untainted_4,Fortress Gate,wh2_main_special_fortress_gate_eagle_untainted,4,0,8000,5,0,false,,,,70,,,,,,true
warhammer_3,8.1.1,24237342,Grand Cathay,grand_cathay,wh3_main_cth_cathay,wh3_main_sc_cth_cathay,The Western Provinces,wh3_main_cth_the_western_provinces,,Occupied Gate (Imposing Fortress),wh2_main_special_fortress_gate_griffon_untainted_4,Fortress Gate,wh2_main_special_fortress_gate_griffon_untainted,4,0,8000,5,0,false,,,,70,,,,,,true
warhammer_3,8.1.1,24237342,Grand Cathay,grand_cathay,wh3_main_cth_cathay,wh3_main_sc_cth_cathay,The Western Provinces,wh3_main_cth_the_western_provinces,,Occupied Gate (Imposing Fortress),wh2_main_special_fortress_gate_phoenix_untainted_4,Fortress Gate,wh2_main_special_fortress_gate_phoenix_untainted,4,0,8000,5,0,false,,,,70,,,,,,true
warhammer_3,8.1.1,24237342,Grand Cathay,grand_cathay,wh3_main_cth_cathay,wh3_main_sc_cth_cathay,The Western Provinces,wh3_main_cth_the_western_provinces,,Occupied Gate (Imposing Fortress),wh2_main_special_fortress_gate_unicorn_untainted_4,Fortress Gate,wh2_main_special_fortress_gate_unicorn_untainted,4,0,8000,5,0,false,,,,70,,,,,,true
warhammer_3,8.1.1,24237342,Grand Cathay,grand_cathay,wh3_main_cth_cathay,wh3_main_sc_cth_cathay,The Western Provinces,wh3_main_cth_the_western_provinces,,Occupied Gate (Impregnable Fortress),wh2_main_special_fortress_gate_eagle_untainted_5,Fortress Gate,wh2_main_special_fortress_gate_eagle_untainted,5,0,16000,6,0,false,,,,80,,,,,,true
warhammer_3,8.1.1,24237342,Grand Cathay,grand_cathay,wh3_main_cth_cathay,wh3_main_sc_cth_cathay,The Western Provinces,wh3_main_cth_the_western_provinces,,Occupied Gate (Impregnable Fortress),wh2_main_special_fortress_gate_griffon_untainted_5,Fortress Gate,wh2_main_special_fortress_gate_griffon_untainted,5,0,16000,6,0,false,,,,80,,,,,,true
warhammer_3,8.1.1,24237342,Grand Cathay,grand_cathay,wh3_main_cth_cathay,wh3_main_sc_cth_cathay,The Western Provinces,wh3_main_cth_the_western_provinces,,Occupied Gate (Impregnable Fortress),wh2_main_special_fortress_gate_phoenix_untainted_5,Fortress Gate,wh2_main_special_fortress_gate_phoenix_untainted,5,0,16000,6,0,false,,,,80,,,,,,true
warhammer_3,8.1.1,24237342,Grand Cathay,grand_cathay,wh3_main_cth_cathay,wh3_main_sc_cth_cathay,The Western Provinces,wh3_main_cth_the_western_provinces,,Occupied Gate (Impregnable Fortress),wh2_main_special_fortress_gate_unicorn_untainted_5,Fortress Gate,wh2_main_special_fortress_gate_unicorn_untainted,5,0,16000,6,0,false,,,,80,,,,,,true
warhammer_3,8.1.1,24237342,Grand Cathay,grand_cathay,wh3_main_cth_cathay,wh3_main_sc_cth_cathay,The Western Provinces,wh3_main_cth_the_western_provinces,,Ramparts,wh3_main_cth_defence_yang_1,Garrison,wh3_main_cth_defence_yang,0,2,2000,4,0,false,,,,,,,,,,false
warhammer_3,8.1.1,24237342,Grand Cathay,grand_cathay,wh3_main_cth_cathay,wh3_main_sc_cth_cathay,The Western Provinces,wh3_main_cth_the_western_provinces,,Archer Platforms,wh3_main_cth_defence_yin_1,Garrison,wh3_main_cth_defence_yin,0,2,2000,4,0,false,,,,,,,,,,false
warhammer_3,8.1.1,24237342,Grand Cathay,grand_cathay,wh3_main_cth_cathay,wh3_main_sc_cth_cathay,The Western Provinces,wh3_main_cth_the_western_provinces,,Stockades,wh3_main_cth_walls_minor_1,Garrison,wh3_main_cth_walls_minor,0,2,2000,4,0,false,,,,,,,,,,false
warhammer_3,8.1.1,24237342,Grand Cathay,grand_cathay,wh3_main_cth_cathay,wh3_main_sc_cth_cathay,The Western Provinces,wh3_main_cth_the_western_provinces,,Cannon Emplacements,wh3_main_cth_defence_yang_2,Garrison,wh3_main_cth_defence_yang,1,3,4000,5,0,false,,,,,,,,,,false
warhammer_3,8.1.1,24237342,Grand Cathay,grand_cathay,wh3_main_cth_cathay,wh3_main_sc_cth_cathay,The Western Provinces,wh3_main_cth_the_western_provinces,,Archer Towers,wh3_main_cth_defence_yin_2,Garrison,wh3_main_cth_defence_yin,1,3,4000,5,0,false,,,,,,,,,,false
warhammer_3,8.1.1,24237342,Grand Cathay,grand_cathay,wh3_main_cth_cathay,wh3_main_sc_cth_cathay,The Western Provinces,wh3_main_cth_the_western_provinces,,Pagodan Walls,wh3_main_cth_walls_minor_2,Garrison,wh3_main_cth_walls_minor,1,3,4000,5,0,false,,,,,,,,,,false
warhammer_3,8.1.1,24237342,Grand Cathay,grand_cathay,wh3_main_cth_cathay,wh3_main_sc_cth_cathay,The Western Provinces,wh3_main_cth_the_western_provinces,,Artillery Batteries,wh3_main_cth_defence_yang_3,Garrison,wh3_main_cth_defence_yang,2,4,6000,6,0,false,,,,,,,,,,false
warhammer_3,8.1.1,24237342,Grand Cathay,grand_cathay,wh3_main_cth_cathay,wh3_main_sc_cth_cathay,The Western Provinces,wh3_main_cth_the_western_provinces,,Sky Lantern Roosts,wh3_main_cth_defence_yin_3,Garrison,wh3_main_cth_defence_yin,2,4,6000,6,0,false,,,,,,,,,,false
warhammer_3,8.1.1,24237342,Grand Cathay,grand_cathay,wh3_main_cth_cathay,wh3_main_sc_cth_cathay,The Western Provinces,wh3_main_cth_the_western_provinces,,Gem Mineshaft,wh3_main_cth_resource_gems_1,Gem Mining,wh3_main_cth_resource_gems,0,1,500,2,0,false,,,100,,,res_gems,16,,,false
warhammer_3,8.1.1,24237342,Grand Cathay,grand_cathay,wh3_main_cth_cathay,wh3_main_sc_cth_cathay,The Western Provinces,wh3_main_cth_the_western_provinces,,Gem Mine,wh3_main_cth_resource_gems_2,Gem Mining,wh3_main_cth_resource_gems,1,2,1000,3,0,false,,,150,,,res_gems,24,,,false
warhammer_3,8.1.1,24237342,Grand Cathay,grand_cathay,wh3_main_cth_cathay,wh3_main_sc_cth_cathay,The Western Provinces,wh3_main_cth_the_western_provinces,,Gemcutter's Workshop,wh3_main_cth_resource_gems_3,Gem Mining,wh3_main_cth_resource_gems,2,3,2000,4,0,false,,,200,,,res_gems,32,,,false
warhammer_3,8.1.1,24237342,Grand Cathay,grand_cathay,wh3_main_cth_cathay,wh3_main_sc_cth_cathay,The Western Provinces,wh3_main_cth_the_western_provinces,,Gold Mining Pit,wh3_main_cth_resource_gold_1,Gold Mining,wh3_main_cth_resource_gold,0,1,500,2,0,false,,,100,,,,,,,false
warhammer_3,8.1.1,24237342,Grand Cathay,grand_cathay,wh3_main_cth_cathay,wh3_main_sc_cth_cathay,The Western Provinces,wh3_main_cth_the_western_provinces,,Gold Mine,wh3_main_cth_resource_gold_2,Gold Mining,wh3_main_cth_resource_gold,1,2,1000,3,0,false,,,300,,,,,,,false
warhammer_3,8.1.1,24237342,Grand Cathay,grand_cathay,wh3_main_cth_cathay,wh3_main_sc_cth_cathay,The Western Provinces,wh3_main_cth_the_western_provinces,,Gold Smelter,wh3_main_cth_resource_gold_3,Gold Mining,wh3_main_cth_resource_gold,2,3,2000,4,0,false,,,600,,,,,,,false
warhammer_3,8.1.1,24237342,Grand Cathay,grand_cathay,wh3_main_cth_cathay,wh3_main_sc_cth_cathay,The Western Provinces,wh3_main_cth_the_western_provinces,,The Grand Observatory,wh3_main_special_grand_observatory_of_xing_po,Grand Observatory of Xing Po,wh3_main_special_grand_observatory_of_xing_po,0,3,6000,3,0,false,,,,,,,,,,true
warhammer_3,8.1.1,24237342,Grand Cathay,grand_cathay,wh3_main_cth_cathay,wh3_main_sc_cth_cathay,The Western Provinces,wh3_main_cth_the_western_provinces,,Stellar Pyramids of the Southern Skies,wh2_main_special_hexoatl_stellar_pyramids_other,Hexoatl Landmark,wh2_main_special_hexoatl_stellar_pyramids_other,0,5,10000,6,0,false,,,,,,,,,,true
warhammer_3,8.1.1,24237342,Grand Cathay,grand_cathay,wh3_main_cth_cathay,wh3_main_sc_cth_cathay,The Western Provinces,wh3_main_cth_the_western_provinces,,Secluded Oasis,wh3_main_special_the_great_desert_other_1,Hidden Oasis,wh3_main_special_the_great_desert_other,0,1,2000,2,0,false,,,,30,,,,,,true
warhammer_3,8.1.1,24237342,Grand Cathay,grand_cathay,wh3_main_cth_cathay,wh3_main_sc_cth_cathay,The Western Provinces,wh3_main_cth_the_western_provinces,,Buried Caravanserai,wh3_main_special_the_great_desert_other_2,Hidden Oasis,wh3_main_special_the_great_desert_other,1,3,6000,2,0,false,,,200,30,,,,,,true
warhammer_3,8.1.1,24237342,Grand Cathay,grand_cathay,wh3_main_cth_cathay,wh3_main_sc_cth_cathay,The Western Provinces,wh3_main_cth_the_western_provinces,,Wares Market,wh3_main_cth_income_yang_1,Industry (Yang),wh3_main_cth_income_yang,0,1,500,1,0,false,,,150,,,,,,,false
warhammer_3,8.1.1,24237342,Grand Cathay,grand_cathay,wh3_main_cth_cathay,wh3_main_sc_cth_cathay,The Western Provinces,wh3_main_cth_the_western_provinces,,Merchant Caravans,wh3_main_cth_income_yang_2,Industry (Yang),wh3_main_cth_income_yang,1,2,1000,2,0,false,,,200,,,,,,,false
warhammer_3,8.1.1,24237342,Grand Cathay,grand_cathay,wh3_main_cth_cathay,wh3_main_sc_cth_cathay,The Western Provinces,wh3_main_cth_the_western_provinces,,Trade Exchange,wh3_main_cth_income_yang_3,Industry (Yang),wh3_main_cth_income_yang,2,3,1500,3,0,false,,,325,,,,,,,false
warhammer_3,8.1.1,24237342,Grand Cathay,grand_cathay,wh3_main_cth_cathay,wh3_main_sc_cth_cathay,The Western Provinces,wh3_main_cth_the_western_provinces,,Spice Market,wh3_main_cth_income_yin_1,Industry (Yin),wh3_main_cth_income_yin,0,1,500,1,0,false,,,125,,,,,,,false
warhammer_3,8.1.1,24237342,Grand Cathay,grand_cathay,wh3_main_cth_cathay,wh3_main_sc_cth_cathay,The Western Provinces,wh3_main_cth_the_western_provinces,,Gem Factors,wh3_main_cth_income_yin_2,Industry (Yin),wh3_main_cth_income_yin,1,2,1000,2,0,false,,,175,,,,,,,false
warhammer_3,8.1.1,24237342,Grand Cathay,grand_cathay,wh3_main_cth_cathay,wh3_main_sc_cth_cathay,The Western Provinces,wh3_main_cth_the_western_provinces,,Goods Emporium,wh3_main_cth_income_yin_3,Industry (Yin),wh3_main_cth_income_yin,2,3,1500,3,0,false,,,250,,,,,,,false
warhammer_3,8.1.1,24237342,Grand Cathay,grand_cathay,wh3_main_cth_cathay,wh3_main_sc_cth_cathay,The Western Provinces,wh3_main_cth_the_western_provinces,,Iron Mining Pit,wh3_main_cth_resource_iron_1,Iron Mining,wh3_main_cth_resource_iron,0,1,500,2,0,false,,,100,,,res_rom_iron,20,,,false
warhammer_3,8.1.1,24237342,Grand Cathay,grand_cathay,wh3_main_cth_cathay,wh3_main_sc_cth_cathay,The Western Provinces,wh3_main_cth_the_western_provinces,,Iron Mines,wh3_main_cth_resource_iron_2,Iron Mining,wh3_main_cth_resource_iron,1,2,1000,3,0,false,,,150,,,res_rom_iron,30,,,false
warhammer_3,8.1.1,24237342,Grand Cathay,grand_cathay,wh3_main_cth_cathay,wh3_main_sc_cth_cathay,The Western Provinces,wh3_main_cth_the_western_provinces,,Iron Smelter,wh3_main_cth_resource_iron_3,Iron Mining,wh3_main_cth_resource_iron,2,3,2000,4,0,false,,,200,,,res_rom_iron,45,,,false
warhammer_3,8.1.1,24237342,Grand Cathay,grand_cathay,wh3_main_cth_cathay,wh3_main_sc_cth_cathay,The Western Provinces,wh3_main_cth_the_western_provinces,,The Emerald Pools,wh2_main_special_itza_emerald_pools,Itza Landmark,wh2_main_special_itza_emerald_pools,0,4,8000,5,0,false,,,,10,,res_medicine,100,,,true
warhammer_3,8.1.1,24237342,Grand Cathay,grand_cathay,wh3_main_cth_cathay,wh3_main_sc_cth_cathay,The Western Provinces,wh3_main_cth_the_western_provinces,,Training Camp,wh3_main_cth_jade_barracks_1,Jade Barracks,wh3_main_cth_jade_barracks,0,1,750,1,0,false,,,,,,,,,,false
warhammer_3,8.1.1,24237342,Grand Cathay,grand_cathay,wh3_main_cth_cathay,wh3_main_sc_cth_cathay,The Western Provinces,wh3_main_cth_the_western_provinces,,Dormitory,wh3_main_cth_jade_barracks_2,Jade Barracks,wh3_main_cth_jade_barracks,1,2,1500,2,0,false,,,,,,,,,,false
warhammer_3,8.1.1,24237342,Grand Cathay,grand_cathay,wh3_main_cth_cathay,wh3_main_sc_cth_cathay,The Western Provinces,wh3_main_cth_the_western_provinces,,Jade Barracks,wh3_main_cth_jade_barracks_3,Jade Barracks,wh3_main_cth_jade_barracks,2,3,2500,3,0,false,,,,,,,,,,false
warhammer_3,8.1.1,24237342,Grand Cathay,grand_cathay,wh3_main_cth_cathay,wh3_main_sc_cth_cathay,The Western Provinces,wh3_main_cth_the_western_provinces,,Abandoned Shrine of Widowmaker,wh2_main_special_shrine_of_khaine_other_base,Khaine Worship,wh2_main_special_shrine_of_khaine_other,0,1,2000,2,0,false,,,,,,,,,,true
warhammer_3,8.1.1,24237342,Grand Cathay,grand_cathay,wh3_main_cth_cathay,wh3_main_sc_cth_cathay,The Western Provinces,wh3_main_cth_the_western_provinces,,Shrine of Widowmaker,wh2_main_special_shrine_of_khaine_other_1,Khaine Worship,wh2_main_special_shrine_of_khaine_other,1,2,4000,10,0,false,,,,,,,,,,true
warhammer_3,8.1.1,24237342,Grand Cathay,grand_cathay,wh3_main_cth_cathay,wh3_main_sc_cth_cathay,The Western Provinces,wh3_main_cth_the_western_provinces,,The Chamber of Visions,wh2_main_special_chamber_of_visions,Landmark,wh2_main_special_chamber_of_visions,0,3,6000,6,0,false,,,,,,,,,,true
warhammer_3,8.1.1,24237342,Grand Cathay,grand_cathay,wh3_main_cth_cathay,wh3_main_sc_cth_cathay,The Western Provinces,wh3_main_cth_the_western_provinces,,Catacombs of Quintex,wh2_main_special_quintex_0,Landmark,wh2_main_special_quintex,0,1,2000,3,0,false,,,100,20,,,,,,true
warhammer_3,8.1.1,24237342,Grand Cathay,grand_cathay,wh3_main_cth_cathay,wh3_main_sc_cth_cathay,The Western Provinces,wh3_main_cth_the_western_provinces,,Ruined Ogham Stones,wh2_twa03_special_ogham_stones_1,Landmark,wh2_twa03_special_ogham_stones,0,1,2000,3,0,false,,,,,1,,,,,true
warhammer_3,8.1.1,24237342,Grand Cathay,grand_cathay,wh3_main_cth_cathay,wh3_main_sc_cth_cathay,The Western Provinces,wh3_main_cth_the_western_provinces,,Pillar of Bone,wh3_dlc24_special_pillar_of_bone_other,Landmark,wh3_dlc24_special_pillar_of_bone_other,0,4,7500,5,0,false,,,200,,,,,,,true
warhammer_3,8.1.1,24237342,Grand Cathay,grand_cathay,wh3_main_cth_cathay,wh3_main_sc_cth_cathay,The Western Provinces,wh3_main_cth_the_western_provinces,,Vaults of Quintex,wh2_main_special_quintex_1,Landmark,wh2_main_special_quintex,1,3,6000,6,0,false,,,200,30,,,,,,true
warhammer_3,8.1.1,24237342,Grand Cathay,grand_cathay,wh3_main_cth_cathay,wh3_main_sc_cth_cathay,The Western Provinces,wh3_main_cth_the_western_provinces,,Ogham Stones,wh2_twa03_special_ogham_stones_2,Landmark,wh2_twa03_special_ogham_stones,1,3,6000,4,0,false,,,,,2,,,,,true
warhammer_3,8.1.1,24237342,Grand Cathay,grand_cathay,wh3_main_cth_cathay,wh3_main_sc_cth_cathay,The Western Provinces,wh3_main_cth_the_western_provinces,,Sanctum of Quintex,wh2_main_special_quintex_2,Landmark,wh2_main_special_quintex,2,5,10000,12,0,false,,,400,40,3,,,,,true
warhammer_3,8.1.1,24237342,Grand Cathay,grand_cathay,wh3_main_cth_cathay,wh3_main_sc_cth_cathay,The Western Provinces,wh3_main_cth_the_western_provinces,,Empowered Ogham Stones,wh2_twa03_special_ogham_stones_3,Landmark,wh2_twa03_special_ogham_stones,2,5,10000,5,0,false,,,,,9,,,,,true
warhammer_3,8.1.1,24237342,Grand Cathay,grand_cathay,wh3_main_cth_cathay,wh3_main_sc_cth_cathay,The Western Provinces,wh3_main_cth_the_western_provinces,,Li Temple,wh3_main_special_cth_li_temple,Li Temple,wh3_main_special_cth_li_temple,0,3,6000,6,0,false,,,500,,,,,,,true
warhammer_3,8.1.1,24237342,Grand Cathay,grand_cathay,wh3_main_cth_cathay,wh3_main_sc_cth_cathay,The Western Provinces,wh3_main_cth_the_western_provinces,,Straits of Lothern,wh2_main_special_lothern_port_other_1,Lothern Port,wh2_main_special_lothern_port_other,1,1,2000,2,0,false,,,200,,,,,,,true
warhammer_3,8.1.1,24237342,Grand Cathay,grand_cathay,wh3_main_cth_cathay,wh3_main_sc_cth_cathay,The Western Provinces,wh3_main_cth_the_western_provinces,,Harbour of Lothern,wh2_main_special_lothern_port_other_2,Lothern Port,wh2_main_special_lothern_port_other,2,3,6000,4,0,false,,,400,,,,,,,true
warhammer_3,8.1.1,24237342,Grand Cathay,grand_cathay,wh3_main_cth_cathay,wh3_main_sc_cth_cathay,The Western Provinces,wh3_main_cth_the_western_provinces,,Gates of Lothern,wh2_main_special_lothern_port_other_3,Lothern Port,wh2_main_special_lothern_port_other,3,5,10000,6,0,false,,,800,,,,,,,true
warhammer_3,8.1.1,24237342,Grand Cathay,grand_cathay,wh3_main_cth_cathay,wh3_main_sc_cth_cathay,The Western Provinces,wh3_main_cth_the_western_provinces,,Sawyer,wh3_main_cth_resource_marble_1,Marble Quarry,wh3_main_cth_resource_marble,0,1,500,1,0,false,,,100,,,res_rom_marble,20,,,false
warhammer_3,8.1.1,24237342,Grand Cathay,grand_cathay,wh3_main_cth_cathay,wh3_main_sc_cth_cathay,The Western Provinces,wh3_main_cth_the_western_provinces,,Marble Quarry,wh3_main_cth_resource_marble_2,Marble Quarry,wh3_main_cth_resource_marble,1,2,1000,2,0,false,,,150,,,res_rom_marble,30,,,false
warhammer_3,8.1.1,24237342,Grand Cathay,grand_cathay,wh3_main_cth_cathay,wh3_main_sc_cth_cathay,The Western Provinces,wh3_main_cth_the_western_provinces,,Stone Mason's Workshop,wh3_main_cth_resource_marble_3,Marble Quarry,wh3_main_cth_resource_marble,2,3,2000,3,0,false,,,200,,,res_rom_marble,45,,,false
warhammer_3,8.1.1,24237342,Grand Cathay,grand_cathay,wh3_main_cth_cathay,wh3_main_sc_cth_cathay,The Western Provinces,wh3_main_cth_the_western_provinces,,Herb Gatherer's Camp,wh3_main_cth_resource_medicine_1,Medicine Production,wh3_main_cth_resource_medicine,0,1,500,1,0,false,,,100,,,res_medicine,20,,,false
warhammer_3,8.1.1,24237342,Grand Cathay,grand_cathay,wh3_main_cth_cathay,wh3_main_sc_cth_cathay,The Western Provinces,wh3_main_cth_the_western_provinces,,Exotic Hothouse,wh3_main_cth_resource_medicine_2,Medicine Production,wh3_main_cth_resource_medicine,1,2,1000,2,0,false,,,150,,,res_medicine,30,,,false
warhammer_3,8.1.1,24237342,Grand Cathay,grand_cathay,wh3_main_cth_cathay,wh3_main_sc_cth_cathay,The Western Provinces,wh3_main_cth_the_western_provinces,,Alchemy Workshop,wh3_main_cth_resource_medicine_3,Medicine Production,wh3_main_cth_resource_medicine,2,3,2000,3,0,false,,,200,,,res_medicine,45,,,false
warhammer_3,8.1.1,24237342,Grand Cathay,grand_cathay,wh3_main_cth_cathay,wh3_main_sc_cth_cathay,The Western Provinces,wh3_main_cth_the_western_provinces,,Hamlet,wh3_main_cth_settlement_minor_1,Minor Settlement,wh3_main_cth_settlement_minor,1,0,1000,3,0,false,,,150,10,,,,,,false
warhammer_3,8.1.1,24237342,Grand Cathay,grand_cathay,wh3_main_cth_cathay,wh3_main_sc_cth_cathay,The Western Provinces,wh3_main_cth_the_western_provinces,,Village,wh3_main_cth_settlement_minor_2,Minor Settlement,wh3_main_cth_settlement_minor,2,0,2000,4,0,false,,,200,20,,,,,,false
warhammer_3,8.1.1,24237342,Grand Cathay,grand_cathay,wh3_main_cth_cathay,wh3_main_sc_cth_cathay,The Western Provinces,wh3_main_cth_the_western_provinces,,Town,wh3_main_cth_settlement_minor_3,Minor Settlement,wh3_main_cth_settlement_minor,3,0,4000,5,0,false,,,250,30,,,,,,false
warhammer_3,8.1.1,24237342,Grand Cathay,grand_cathay,wh3_main_cth_cathay,wh3_main_sc_cth_cathay,The Western Provinces,wh3_main_cth_the_western_provinces,,The Sea Dragon's Teeth,wh2_dlc14_special_dragon_isle_port_1,Natural Landmark Port,wh2_dlc14_special_dragon_isle_port,1,1,2000,1,0,false,,,,,3,,,,,true
warhammer_3,8.1.1,24237342,Grand Cathay,grand_cathay,wh3_main_cth_cathay,wh3_main_sc_cth_cathay,The Western Provinces,wh3_main_cth_the_western_provinces,,The Sea Dragon's Teeth (Wharf),wh2_dlc14_special_dragon_isle_port_2,Natural Landmark Port,wh2_dlc14_special_dragon_isle_port,2,2,4000,3,0,false,,,,,3,,,,,true
warhammer_3,8.1.1,24237342,Grand Cathay,grand_cathay,wh3_main_cth_cathay,wh3_main_sc_cth_cathay,The Western Provinces,wh3_main_cth_the_western_provinces,,The Sea Dragon's Teeth (Great Landing),wh2_dlc14_special_dragon_isle_port_3,Natural Landmark Port,wh2_dlc14_special_dragon_isle_port,3,3,6000,5,0,false,,,,,4,,,,,true
warhammer_3,8.1.1,24237342,Grand Cathay,grand_cathay,wh3_main_cth_cathay,wh3_main_sc_cth_cathay,The Western Provinces,wh3_main_cth_the_western_provinces,,Oak of Ages (Pacified),wh2_main_wef_oak_of_ages_occupied_1,Oak of Ages,wh2_main_wef_oak_of_ages_occupied,1,0,1200,1,0,false,,,,,,res_rom_timber,100,,,false
warhammer_3,8.1.1,24237342,Grand Cathay,grand_cathay,wh3_main_cth_cathay,wh3_main_sc_cth_cathay,The Western Provinces,wh3_main_cth_the_western_provinces,,Obsidian Quarry,wh3_main_cth_resource_obsidian_1,Obsidian Quarry,wh3_main_cth_resource_obsidian,0,1,500,1,0,false,,,100,,,res_obsidian,20,,,false
warhammer_3,8.1.1,24237342,Grand Cathay,grand_cathay,wh3_main_cth_cathay,wh3_main_sc_cth_cathay,The Western Provinces,wh3_main_cth_the_western_provinces,,Obsidian Trinket Maker,wh3_main_cth_resource_obsidian_2,Obsidian Quarry,wh3_main_cth_resource_obsidian,1,2,1000,2,0,false,,,150,,,res_obsidian,30,,,false
warhammer_3,8.1.1,24237342,Grand Cathay,grand_cathay,wh3_main_cth_cathay,wh3_main_sc_cth_cathay,The Western Provinces,wh3_main_cth_the_western_provinces,,Obsidian Amulet Carver,wh3_main_cth_resource_obsidian_3,Obsidian Quarry,wh3_main_cth_resource_obsidian,2,3,2000,3,0,false,,,200,,,res_obsidian,45,,,false
warhammer_3,8.1.1,24237342,Grand Cathay,grand_cathay,wh3_main_cth_cathay,wh3_main_sc_cth_cathay,The Western Provinces,wh3_main_cth_the_western_provinces,,Orchards,wh3_main_cth_resource_wine_1,Orchards,wh3_main_cth_resource_wine,0,1,500,1,0,false,,,100,,,res_rom_wine,20,,,false
warhammer_3,8.1.1,24237342,Grand Cathay,grand_cathay,wh3_main_cth_cathay,wh3_main_sc_cth_cathay,The Western Provinces,wh3_main_cth_the_western_provinces,,Vineyard,wh3_main_cth_resource_wine_2,Orchards,wh3_main_cth_resource_wine,1,2,1000,2,0,false,,,150,,,res_rom_wine,30,,,false
warhammer_3,8.1.1,24237342,Grand Cathay,grand_cathay,wh3_main_cth_cathay,wh3_main_sc_cth_cathay,The Western Provinces,wh3_main_cth_the_western_provinces,,Vintner,wh3_main_cth_resource_wine_3,Orchards,wh3_main_cth_resource_wine,2,3,2000,3,0,false,,,200,,,res_rom_wine,45,,,false
warhammer_3,8.1.1,24237342,Grand Cathay,grand_cathay,wh3_main_cth_cathay,wh3_main_sc_cth_cathay,The Western Provinces,wh3_main_cth_the_western_provinces,,Cathayan Outpost,wh3_main_cth_allied_outpost_1,Outpost,wh3_main_cth_allied_outpost,0,1,2000,3,0,false,,,,,,,,,,false
warhammer_3,8.1.1,24237342,Grand Cathay,grand_cathay,wh3_main_cth_cathay,wh3_main_sc_cth_cathay,The Western Provinces,wh3_main_cth_the_western_provinces,,Cathayan District,wh3_main_cth_allied_outpost_2,Outpost,wh3_main_cth_allied_outpost,1,2,4000,4,0,false,,,,,,,,,,false
warhammer_3,8.1.1,24237342,Grand Cathay,grand_cathay,wh3_main_cth_cathay,wh3_main_sc_cth_cathay,The Western Provinces,wh3_main_cth_the_western_provinces,,Cathayan Colony,wh3_main_cth_allied_outpost_3,Outpost,wh3_main_cth_allied_outpost,2,3,6000,5,0,false,,,,,,,,,,false
warhammer_3,8.1.1,24237342,Grand Cathay,grand_cathay,wh3_main_cth_cathay,wh3_main_sc_cth_cathay,The Western Provinces,wh3_main_cth_the_western_provinces,,Paradise Gardens,wh3_main_special_paradise_gardens,Paradise Gardens,wh3_main_special_paradise_gardens,0,3,6000,4,0,false,,,,5,10,,,,,true
warhammer_3,8.1.1,24237342,Grand Cathay,grand_cathay,wh3_main_cth_cathay,wh3_main_sc_cth_cathay,The Western Provinces,wh3_main_cth_the_western_provinces,,Grazing Pastures,wh3_main_cth_resource_pasture_1,Pastures,wh3_main_cth_resource_pasture,0,1,500,1,0,false,,,100,25,,,,,,false
warhammer_3,8.1.1,24237342,Grand Cathay,grand_cathay,wh3_main_cth_cathay,wh3_main_sc_cth_cathay,The Western Provinces,wh3_main_cth_the_western_provinces,,Livestock Pens,wh3_main_cth_resource_pasture_2,Pastures,wh3_main_cth_resource_pasture,1,2,1000,2,0,false,,,150,35,,,,,,false
warhammer_3,8.1.1,24237342,Grand Cathay,grand_cathay,wh3_main_cth_cathay,wh3_main_sc_cth_cathay,The Western Provinces,wh3_main_cth_the_western_provinces,,Cattle Ranch,wh3_main_cth_resource_pasture_3,Pastures,wh3_main_cth_resource_pasture,2,3,2000,3,0,false,,,200,45,,,,,,false
warhammer_3,8.1.1,24237342,Grand Cathay,grand_cathay,wh3_main_cth_cathay,wh3_main_sc_cth_cathay,The Western Provinces,wh3_main_cth_the_western_provinces,,Phoenix Temple,wh3_main_special_phoenix_temple,Phoenix Temple,wh3_main_special_phoenix_temple,0,3,6000,4,0,false,,,,,,,,,,true
warhammer_3,8.1.1,24237342,Grand Cathay,grand_cathay,wh3_main_cth_cathay,wh3_main_sc_cth_cathay,The Western Provinces,wh3_main_cth_the_western_provinces,,Pigbarter Swamp-Wharf,wh2_dlc14_special_pigbarter_human,Pigbarter Market,wh2_dlc14_special_pigbarter_human,0,2,4000,2,0,false,,,200,,,,,,,true
warhammer_3,8.1.1,24237342,Grand Cathay,grand_cathay,wh3_main_cth_cathay,wh3_main_sc_cth_cathay,The Western Provinces,wh3_main_cth_the_western_provinces,,Dock,wh3_main_cth_port_1,Port,wh3_main_cth_port,1,1,1500,2,0,false,,,100,10,,,,,,false
warhammer_3,8.1.1,24237342,Grand Cathay,grand_cathay,wh3_main_cth_cathay,wh3_main_sc_cth_cathay,The Western Provinces,wh3_main_cth_the_western_provinces,,River Port,wh3_main_cth_port_2,Port,wh3_main_cth_port,2,3,3000,4,0,false,,,300,20,,,,,,false
warhammer_3,8.1.1,24237342,Grand Cathay,grand_cathay,wh3_main_cth_cathay,wh3_main_sc_cth_cathay,The Western Provinces,wh3_main_cth_the_western_provinces,,Sea Port,wh3_main_cth_port_3,Port,wh3_main_cth_port,3,5,6000,6,0,false,,,500,30,,,,,,false
warhammer_3,8.1.1,24237342,Grand Cathay,grand_cathay,wh3_main_cth_cathay,wh3_main_sc_cth_cathay,The Western Provinces,wh3_main_cth_the_western_provinces,,Clay Pit,wh3_main_cth_resource_pottery_1,Pottery Production,wh3_main_cth_resource_pottery,0,1,500,1,0,false,,,100,,,res_pottery,20,,,false
warhammer_3,8.1.1,24237342,Grand Cathay,grand_cathay,wh3_main_cth_cathay,wh3_main_sc_cth_cathay,The Western Provinces,wh3_main_cth_the_western_provinces,,Pottery Maker,wh3_main_cth_resource_pottery_2,Pottery Production,wh3_main_cth_resource_pottery,1,2,1000,2,0,false,,,150,,,res_pottery,30,,,false
warhammer_3,8.1.1,24237342,Grand Cathay,grand_cathay,wh3_main_cth_cathay,wh3_main_sc_cth_cathay,The Western Provinces,wh3_main_cth_the_western_provinces,,Kilns,wh3_main_cth_resource_pottery_3,Pottery Production,wh3_main_cth_resource_pottery,2,3,2000,3,0,false,,,200,,,res_pottery,45,,,false
warhammer_3,8.1.1,24237342,Grand Cathay,grand_cathay,wh3_main_cth_cathay,wh3_main_sc_cth_cathay,The Western Provinces,wh3_main_cth_the_western_provinces,,Sky Lantern Lookouts,wh3_main_foreign_slot_discovery_cth_1,Protection,wh3_main_foreign_slot_discovery_cth,0,2,2000,2,0,false,,,,,,,,,,false
warhammer_3,8.1.1,24237342,Grand Cathay,grand_cathay,wh3_main_cth_cathay,wh3_main_sc_cth_cathay,The Western Provinces,wh3_main_cth_the_western_provinces,,Sky Lantern Scouts,wh3_main_foreign_slot_discovery_cth_2,Protection,wh3_main_foreign_slot_discovery_cth,1,3,3000,4,0,false,,,,,,,,,,false
warhammer_3,8.1.1,24237342,Grand Cathay,grand_cathay,wh3_main_cth_cathay,wh3_main_sc_cth_cathay,The Western Provinces,wh3_main_cth_the_western_provinces,,Dragon Sentries,wh3_main_foreign_slot_discovery_cth_3,Protection,wh3_main_foreign_slot_discovery_cth,2,4,4000,5,0,false,,,,,,,,,,false
warhammer_3,8.1.1,24237342,Grand Cathay,grand_cathay,wh3_main_cth_cathay,wh3_main_sc_cth_cathay,The Western Provinces,wh3_main_cth_the_western_provinces,,Hamlet,wh3_main_cth_settlement_major_1,Province Capital,wh3_main_cth_settlement_major,1,0,1000,3,0,false,,,150,10,,,,,,false
warhammer_3,8.1.1,24237342,Grand Cathay,grand_cathay,wh3_main_cth_cathay,wh3_main_sc_cth_cathay,The Western Provinces,wh3_main_cth_the_western_provinces,,Village,wh3_main_cth_settlement_major_2,Province Capital,wh3_main_cth_settlement_major,2,0,2000,4,0,false,,,200,20,,,,,,false
warhammer_3,8.1.1,24237342,Grand Cathay,grand_cathay,wh3_main_cth_cathay,wh3_main_sc_cth_cathay,The Western Provinces,wh3_main_cth_the_western_provinces,,Town,wh3_main_cth_settlement_major_3,Province Capital,wh3_main_cth_settlement_major,3,0,4000,5,0,false,,,250,30,,,,,,false
warhammer_3,8.1.1,24237342,Grand Cathay,grand_cathay,wh3_main_cth_cathay,wh3_main_sc_cth_cathay,The Western Provinces,wh3_main_cth_the_western_provinces,,City,wh3_main_cth_settlement_major_4,Province Capital,wh3_main_cth_settlement_major,4,0,8000,6,0,false,,,350,40,,,,,,false
warhammer_3,8.1.1,24237342,Grand Cathay,grand_cathay,wh3_main_cth_cathay,wh3_main_sc_cth_cathay,The Western Provinces,wh3_main_cth_the_western_provinces,,Province Capital,wh3_main_cth_settlement_major_5,Province Capital,wh3_main_cth_settlement_major,5,0,16000,7,0,false,,,500,50,,,,,,false
warhammer_3,8.1.1,24237342,Grand Cathay,grand_cathay,wh3_main_cth_cathay,wh3_main_sc_cth_cathay,The Western Provinces,wh3_main_cth_the_western_provinces,,Vault of Nagash,wh2_main_special_pyramid_of_nagash_other,Pyramid,wh2_main_special_pyramid_of_nagash_other,0,3,6000,20,0,false,,,,,,,,,,true
warhammer_3,8.1.1,24237342,Grand Cathay,grand_cathay,wh3_main_cth_cathay,wh3_main_sc_cth_cathay,The Western Provinces,wh3_main_cth_the_western_provinces,,Bastion Water Station,wh3_main_cth_bastion_4_1,Refectory,wh3_main_cth_bastion_4,0,1,1000,1,0,false,,,,20,,,,,,false
warhammer_3,8.1.1,24237342,Grand Cathay,grand_cathay,wh3_main_cth_cathay,wh3_main_sc_cth_cathay,The Western Provinces,wh3_main_cth_the_western_provinces,,Bastion Mess Hall,wh3_main_cth_bastion_4_2,Refectory,wh3_main_cth_bastion_4,1,2,1500,2,0,false,,,,30,,,,,,false
warhammer_3,8.1.1,24237342,Grand Cathay,grand_cathay,wh3_main_cth_cathay,wh3_main_sc_cth_cathay,The Western Provinces,wh3_main_cth_the_western_provinces,,Bastion Feast Hall,wh3_main_cth_bastion_4_3,Refectory,wh3_main_cth_bastion_4,2,3,2000,3,0,false,,,,40,,,,,,false
warhammer_3,8.1.1,24237342,Grand Cathay,grand_cathay,wh3_main_cth_cathay,wh3_main_sc_cth_cathay,The Western Provinces,wh3_main_cth_the_western_provinces,,Bastion Parlour,wh3_main_cth_bastion_4_4,Refectory,wh3_main_cth_bastion_4,3,4,3000,4,0,false,,,,50,,,,,,false
warhammer_3,8.1.1,24237342,Grand Cathay,grand_cathay,wh3_main_cth_cathay,wh3_main_sc_cth_cathay,The Western Provinces,wh3_main_cth_the_western_provinces,,Bastion Grand Parlour,wh3_main_cth_bastion_4_5,Refectory,wh3_main_cth_bastion_4,4,5,4000,5,0,false,,,,10,,,,,,false
warhammer_3,8.1.1,24237342,Grand Cathay,grand_cathay,wh3_main_cth_cathay,wh3_main_sc_cth_cathay,The Western Provinces,wh3_main_cth_the_western_provinces,,Brine Mining Pans,wh3_main_cth_resource_salt_1,Saltmaking,wh3_main_cth_resource_salt,0,1,500,1,0,false,,,100,,,res_salt,20,,,false
warhammer_3,8.1.1,24237342,Grand Cathay,grand_cathay,wh3_main_cth_cathay,wh3_main_sc_cth_cathay,The Western Provinces,wh3_main_cth_the_western_provinces,,Brine Mining Basin,wh3_main_cth_resource_salt_2,Saltmaking,wh3_main_cth_resource_salt,1,2,1000,2,0,false,,,150,,,res_salt,30,,,false
warhammer_3,8.1.1,24237342,Grand Cathay,grand_cathay,wh3_main_cth_cathay,wh3_main_sc_cth_cathay,The Western Provinces,wh3_main_cth_the_western_provinces,,Saltworks,wh3_main_cth_resource_salt_3,Saltmaking,wh3_main_cth_resource_salt,2,3,2000,3,0,false,,,200,,,res_salt,45,,,false
warhammer_3,8.1.1,24237342,Grand Cathay,grand_cathay,wh3_main_cth_cathay,wh3_main_sc_cth_cathay,The Western Provinces,wh3_main_cth_the_western_provinces,,Bastion Gaol,wh3_main_cth_bastion_1_1,Sanctum,wh3_main_cth_bastion_1,0,1,1000,1,0,false,,,,,,,,-20,,false
warhammer_3,8.1.1,24237342,Grand Cathay,grand_cathay,wh3_main_cth_cathay,wh3_main_sc_cth_cathay,The Western Provinces,wh3_main_cth_the_western_provinces,,Bastion Hospice,wh3_main_cth_bastion_1_2,Sanctum,wh3_main_cth_bastion_1,1,2,1500,2,0,false,,,,,,,,-30,,false
warhammer_3,8.1.1,24237342,Grand Cathay,grand_cathay,wh3_main_cth_cathay,wh3_main_sc_cth_cathay,The Western Provinces,wh3_main_cth_the_western_provinces,,Bastion Shrine,wh3_main_cth_bastion_1_3,Sanctum,wh3_main_cth_bastion_1,2,3,2000,3,0,false,,,,,,,,-40,,false
warhammer_3,8.1.1,24237342,Grand Cathay,grand_cathay,wh3_main_cth_cathay,wh3_main_sc_cth_cathay,The Western Provinces,wh3_main_cth_the_western_provinces,,Bastion Temple,wh3_main_cth_bastion_1_4,Sanctum,wh3_main_cth_bastion_1,3,4,3000,4,0,false,,,,,,,,-50,,false
warhammer_3,8.1.1,24237342,Grand Cathay,grand_cathay,wh3_main_cth_cathay,wh3_main_sc_cth_cathay,The Western Provinces,wh3_main_cth_the_western_provinces,,Bastion Pagoda,wh3_main_cth_bastion_1_5,Sanctum,wh3_main_cth_bastion_1,4,5,4000,5,0,false,,,,,,,,-65,,false
warhammer_3,8.1.1,24237342,Grand Cathay,grand_cathay,wh3_main_cth_cathay,wh3_main_sc_cth_cathay,The Western Provinces,wh3_main_cth_the_western_provinces,,Alchemist Tower,wh3_main_cth_artillery_1,Sky Port,wh3_main_cth_artillery,0,3,3000,4,0,false,,,,,,,,,,false
warhammer_3,8.1.1,24237342,Grand Cathay,grand_cathay,wh3_main_cth_cathay,wh3_main_sc_cth_cathay,The Western Provinces,wh3_main_cth_the_western_provinces,,Mooring Tower,wh3_main_cth_artillery_3,Sky Port,wh3_main_cth_artillery,1,5,10000,6,0,false,,,,,,,,,,false
warhammer_3,8.1.1,24237342,Grand Cathay,grand_cathay,wh3_main_cth_cathay,wh3_main_sc_cth_cathay,The Western Provinces,wh3_main_cth_the_western_provinces,,Bordeleaux Port,wh_main_brt_legendary_port_1,Special Port,wh_main_bretonnia_legendary_bordeleaux,1,1,1500,2,0,false,,,200,,,,,,,false
warhammer_3,8.1.1,24237342,Grand Cathay,grand_cathay,wh3_main_cth_cathay,wh3_main_sc_cth_cathay,The Western Provinces,wh3_main_cth_the_western_provinces,,Erengrad Docks,wh_main_special_erengrad_port_1,Special Port,wh_main_special_erengrad_port,1,1,2000,2,0,false,,,200,,,,,,,true
warhammer_3,8.1.1,24237342,Grand Cathay,grand_cathay,wh3_main_cth_cathay,wh3_main_sc_cth_cathay,The Western Provinces,wh3_main_cth_the_western_provinces,,Marienburg Docks,wh_main_special_marienburg_port_1,Special Port,wh_main_special_marienburg_port,1,1,2000,2,0,false,,,200,,,,,,,true
warhammer_3,8.1.1,24237342,Grand Cathay,grand_cathay,wh3_main_cth_cathay,wh3_main_sc_cth_cathay,The Western Provinces,wh3_main_cth_the_western_provinces,,Copher Docks,wh2_dlc14_special_copher_port_1,Special Port,wh2_dlc14_special_copher_port,1,1,2000,2,0,false,,,200,,,,,,,true
warhammer_3,8.1.1,24237342,Grand Cathay,grand_cathay,wh3_main_cth_cathay,wh3_main_sc_cth_cathay,The Western Provinces,wh3_main_cth_the_western_provinces,,Dawn's Harbour,wh3_dlc23_special_fortress_of_dawn_dawns_harbour_1,Special Port,wh3_dlc23_special_fortress_of_dawn_dawns_harbour,1,1,2000,2,0,false,,,200,20,,,,,,true
warhammer_3,8.1.1,24237342,Grand Cathay,grand_cathay,wh3_main_cth_cathay,wh3_main_sc_cth_cathay,The Western Provinces,wh3_main_cth_the_western_provinces,,Great Dragon Fleet Docks,wh3_dlc24_special_fu_chow_port_1,Special Port,wh3_dlc24_special_fu_chow_port,1,1,2000,2,0,false,,,200,,,,,,,true
warhammer_3,8.1.1,24237342,Grand Cathay,grand_cathay,wh3_main_cth_cathay,wh3_main_sc_cth_cathay,The Western Provinces,wh3_main_cth_the_western_provinces,,Bordeleaux Harbour,wh_main_brt_legendary_port_2,Special Port,wh_main_bretonnia_legendary_bordeleaux,2,3,3000,4,0,false,,,400,,,,,,,false
warhammer_3,8.1.1,24237342,Grand Cathay,grand_cathay,wh3_main_cth_cathay,wh3_main_sc_cth_cathay,The Western Provinces,wh3_main_cth_the_western_provinces,,Erengrad Harbour,wh_main_special_erengrad_port_2,Special Port,wh_main_special_erengrad_port,2,3,6000,4,0,false,,,400,,,,,,,true
warhammer_3,8.1.1,24237342,Grand Cathay,grand_cathay,wh3_main_cth_cathay,wh3_main_sc_cth_cathay,The Western Provinces,wh3_main_cth_the_western_provinces,,Marienburg Harbour,wh_main_special_marienburg_port_2,Special Port,wh_main_special_marienburg_port,2,3,6000,4,0,false,,,400,,,,,,,true
warhammer_3,8.1.1,24237342,Grand Cathay,grand_cathay,wh3_main_cth_cathay,wh3_main_sc_cth_cathay,The Western Provinces,wh3_main_cth_the_western_provinces,,Copher Harbour,wh2_dlc14_special_copher_port_2,Special Port,wh2_dlc14_special_copher_port,2,3,6000,3,0,false,,,400,,,,,,,true
warhammer_3,8.1.1,24237342,Grand Cathay,grand_cathay,wh3_main_cth_cathay,wh3_main_sc_cth_cathay,The Western Provinces,wh3_main_cth_the_western_provinces,,Dawn's Harbour,wh3_dlc23_special_fortress_of_dawn_dawns_harbour_2,Special Port,wh3_dlc23_special_fortress_of_dawn_dawns_harbour,2,3,6000,4,0,false,,,300,30,,,,,,true
warhammer_3,8.1.1,24237342,Grand Cathay,grand_cathay,wh3_main_cth_cathay,wh3_main_sc_cth_cathay,The Western Provinces,wh3_main_cth_the_western_provinces,,Great Dragon Fleet Harbour,wh3_dlc24_special_fu_chow_port_2,Special Port,wh3_dlc24_special_fu_chow_port,2,3,6000,4,0,false,,,400,,,,,,,true
warhammer_3,8.1.1,24237342,Grand Cathay,grand_cathay,wh3_main_cth_cathay,wh3_main_sc_cth_cathay,The Western Provinces,wh3_main_cth_the_western_provinces,,Manann’s Dry Docks,wh_main_brt_legendary_port_3,Special Port,wh_main_bretonnia_legendary_bordeleaux,3,5,6000,6,0,false,,,800,,,,,,,false
warhammer_3,8.1.1,24237342,Grand Cathay,grand_cathay,wh3_main_cth_cathay,wh3_main_sc_cth_cathay,The Western Provinces,wh3_main_cth_the_western_provinces,,Erengrad Port,wh_main_special_erengrad_port_3,Special Port,wh_main_special_erengrad_port,3,5,10000,6,0,false,,,800,,,,,,,true
warhammer_3,8.1.1,24237342,Grand Cathay,grand_cathay,wh3_main_cth_cathay,wh3_main_sc_cth_cathay,The Western Provinces,wh3_main_cth_the_western_provinces,,Marienburg Port,wh_main_special_marienburg_port_3,Special Port,wh_main_special_marienburg_port,3,5,10000,6,0,false,,,800,,,,,,,true
warhammer_3,8.1.1,24237342,Grand Cathay,grand_cathay,wh3_main_cth_cathay,wh3_main_sc_cth_cathay,The Western Provinces,wh3_main_cth_the_western_provinces,,Dawn's Harbour,wh3_dlc23_special_fortress_of_dawn_dawns_harbour_3,Special Port,wh3_dlc23_special_fortress_of_dawn_dawns_harbour,3,5,10000,8,0,false,,,500,40,,,,,,true
warhammer_3,8.1.1,24237342,Grand Cathay,grand_cathay,wh3_main_cth_cathay,wh3_main_sc_cth_cathay,The Western Provinces,wh3_main_cth_the_western_provinces,,Great Dragon Fleet Port,wh3_dlc24_special_fu_chow_port_3,Special Port,wh3_dlc24_special_fu_chow_port,3,5,10000,6,0,false,,,800,,,,,,,true
warhammer_3,8.1.1,24237342,Grand Cathay,grand_cathay,wh3_main_cth_cathay,wh3_main_sc_cth_cathay,The Western Provinces,wh3_main_cth_the_western_provinces,,Spice Market,wh3_main_cth_resource_spices_1,Spice Trading,wh3_main_cth_resource_spices,0,1,500,1,0,false,,,100,,,res_spices,20,,,false
warhammer_3,8.1.1,24237342,Grand Cathay,grand_cathay,wh3_main_cth_cathay,wh3_main_sc_cth_cathay,The Western Provinces,wh3_main_cth_the_western_provinces,,Spice Trading Post,wh3_main_cth_resource_spices_2,Spice Trading,wh3_main_cth_resource_spices,1,2,1000,2,0,false,,,150,,,res_spices,30,,,false
warhammer_3,8.1.1,24237342,Grand Cathay,grand_cathay,wh3_main_cth_cathay,wh3_main_sc_cth_cathay,The Western Provinces,wh3_main_cth_the_western_provinces,,Eastern Bazaar,wh3_main_cth_resource_spices_3,Spice Trading,wh3_main_cth_resource_spices,2,3,2000,3,0,false,,,200,,,res_spices,45,,,false
warhammer_3,8.1.1,24237342,Grand Cathay,grand_cathay,wh3_main_cth_cathay,wh3_main_sc_cth_cathay,The Western Provinces,wh3_main_cth_the_western_provinces,,Corral,wh3_main_cth_cavalry_1,Stables,wh3_main_cth_cavalry,0,1,750,1,0,false,,,,,,,,,,false
warhammer_3,8.1.1,24237342,Grand Cathay,grand_cathay,wh3_main_cth_cathay,wh3_main_sc_cth_cathay,The Western Provinces,wh3_main_cth_the_western_provinces,,Jade Stables,wh3_main_cth_cavalry_2,Stables,wh3_main_cth_cavalry,1,3,2500,3,0,false,,,,,,,,,,false
warhammer_3,8.1.1,24237342,Grand Cathay,grand_cathay,wh3_main_cth_cathay,wh3_main_sc_cth_cathay,The Western Provinces,wh3_main_cth_the_western_provinces,,Longma Paddocks,wh3_main_cth_cavalry_3,Stables,wh3_main_cth_cavalry,2,4,4000,4,0,false,,,,,,,,,,false
warhammer_3,8.1.1,24237342,Grand Cathay,grand_cathay,wh3_main_cth_cathay,wh3_main_sc_cth_cathay,The Western Provinces,wh3_main_cth_the_western_provinces,,The Standing Stones,wh3_main_special_standing_stones,Standing Stones,wh3_main_special_standing_stones,0,3,6000,6,0,false,,,,20,,,,,,true
warhammer_3,8.1.1,24237342,Grand Cathay,grand_cathay,wh3_main_cth_cathay,wh3_main_sc_cth_cathay,The Western Provinces,wh3_main_cth_the_western_provinces,,Temple of the Jade-Blood Sorcerers,wh3_main_special_temple_of_the_jade_blood_sorcerers,Temple of the Jade-Blood Sorcerers,wh3_main_special_temple_of_the_jade_blood_sorcerers,0,3,6000,10,0,false,,,,5,2,,,,,true
warhammer_3,8.1.1,24237342,Grand Cathay,grand_cathay,wh3_main_cth_cathay,wh3_main_sc_cth_cathay,The Western Provinces,wh3_main_cth_the_western_provinces,,The Maelstrom,wh2_dlc11_special_settlement_galleons_graveyard_other_1,The Galleon's Graveyard,wh2_dlc11_special_settlement_galleons_graveyard_other,1,0,100,1,0,false,,,100,,20,,,,,true
warhammer_3,8.1.1,24237342,Grand Cathay,grand_cathay,wh3_main_cth_cathay,wh3_main_sc_cth_cathay,The Western Provinces,wh3_main_cth_the_western_provinces,,The Great Embassy,wh3_main_special_the_great_embassy,The Great Embassy,wh3_main_special_the_great_embassy,0,5,10000,8,0,false,,,300,,,,,,,true
warhammer_3,8.1.1,24237342,Grand Cathay,grand_cathay,wh3_main_cth_cathay,wh3_main_sc_cth_cathay,The Western Provinces,wh3_main_cth_the_western_provinces,,The Great Temple of Hashut (Desecrated),wh3_dlc23_special_great_temple_of_hashut_other,The Great Temple of Hashut,wh3_dlc23_special_great_temple_of_hashut_other,0,5,10000,8,0,false,,,500,,,,,,,true
warhammer_3,8.1.1,24237342,Grand Cathay,grand_cathay,wh3_main_cth_cathay,wh3_main_sc_cth_cathay,The Western Provinces,wh3_main_cth_the_western_provinces,,The Ninth Wall,wh3_main_special_the_ninth_wall,The Ninth Wall,wh3_main_special_the_ninth_wall,0,5,10000,5,0,false,,,,,6,,,,,true
warhammer_3,8.1.1,24237342,Grand Cathay,grand_cathay,wh3_main_cth_cathay,wh3_main_sc_cth_cathay,The Western Provinces,wh3_main_cth_the_western_provinces,,The Palace of Scrolls,wh3_dlc24_special_the_palace_of_scrolls,The Palace of Scrolls,wh3_dlc24_special_the_palace_of_scrolls,0,5,10000,5,0,false,,,,,,,,,,true
warhammer_3,8.1.1,24237342,Grand Cathay,grand_cathay,wh3_main_cth_cathay,wh3_main_sc_cth_cathay,The Western Provinces,wh3_main_cth_the_western_provinces,,Temple of the Two Moons,wh3_main_special_the_temple_of_the_two_moons,The Temple of the Two Moons,wh3_main_special_the_temple_of_the_two_moons,0,4,8000,4,0,false,,,,,,,,,,true
warhammer_3,8.1.1,24237342,Grand Cathay,grand_cathay,wh3_main_cth_cathay,wh3_main_sc_cth_cathay,The Western Provinces,wh3_main_cth_the_western_provinces,,Animal Store,wh3_main_cth_resource_ivory_1,Tusks,wh3_main_cth_resource_ivory,0,1,500,1,0,false,,,100,,,res_ivory,20,,,false
warhammer_3,8.1.1,24237342,Grand Cathay,grand_cathay,wh3_main_cth_cathay,wh3_main_sc_cth_cathay,The Western Provinces,wh3_main_cth_the_western_provinces,,Tusk Market,wh3_main_cth_resource_ivory_2,Tusks,wh3_main_cth_resource_ivory,1,2,1000,2,0,false,,,150,,,res_ivory,30,,,false
warhammer_3,8.1.1,24237342,Grand Cathay,grand_cathay,wh3_main_cth_cathay,wh3_main_sc_cth_cathay,The Western Provinces,wh3_main_cth_the_western_provinces,,Tusk Compound,wh3_main_cth_resource_ivory_3,Tusks,wh3_main_cth_resource_ivory,2,3,2000,3,0,false,,,200,,,res_ivory,45,,,false
warhammer_3,8.1.1,24237342,Grand Cathay,grand_cathay,wh3_main_cth_cathay,wh3_main_sc_cth_cathay,The Western Provinces,wh3_main_cth_the_western_provinces,,Wei-Jin (Tower),wh_main_special_settlement_wei_jin_1,Wei-Jin,wh3_main_special_settlement_wei_jin,1,0,1000,2,0,false,,,150,10,,,,,,true
warhammer_3,8.1.1,24237342,Grand Cathay,grand_cathay,wh3_main_cth_cathay,wh3_main_sc_cth_cathay,The Western Provinces,wh3_main_cth_the_western_provinces,,Wei-Jin (Fortress),wh_main_special_settlement_wei_jin_2,Wei-Jin,wh3_main_special_settlement_wei_jin,2,0,2000,3,0,false,,,200,20,,,,,,true
warhammer_3,8.1.1,24237342,Grand Cathay,grand_cathay,wh3_main_cth_cathay,wh3_main_sc_cth_cathay,The Western Provinces,wh3_main_cth_the_western_provinces,,Wei-Jin (Palace),wh_main_special_settlement_wei_jin_3,Wei-Jin,wh3_main_special_settlement_wei_jin,3,0,4000,4,0,false,,,300,30,,,,,,true
warhammer_3,8.1.1,24237342,Grand Cathay,grand_cathay,wh3_main_cth_cathay,wh3_main_sc_cth_cathay,The Western Provinces,wh3_main_cth_the_western_provinces,,Wei-Jin (Celestial City),wh_main_special_settlement_wei_jin_4,Wei-Jin,wh3_main_special_settlement_wei_jin,4,0,8000,5,0,false,,,400,40,,,,,,true
warhammer_3,8.1.1,24237342,Grand Cathay,grand_cathay,wh3_main_cth_cathay,wh3_main_sc_cth_cathay,The Western Provinces,wh3_main_cth_the_western_provinces,,Wei-Jin (Imperial Seat),wh_main_special_settlement_wei_jin_5,Wei-Jin,wh3_main_special_settlement_wei_jin,5,0,16000,6,0,false,,,500,50,,,,,,true
warhammer_3,8.1.1,24237342,Grand Cathay,grand_cathay,wh3_main_cth_cathay,wh3_main_sc_cth_cathay,The Western Provinces,wh3_main_cth_the_western_provinces,,Hunting Camp,wh3_main_cth_resource_furs_1,Wild Game,wh3_main_cth_resource_furs,0,1,500,1,0,false,,,100,,,res_rom_furs,20,,,false
warhammer_3,8.1.1,24237342,Grand Cathay,grand_cathay,wh3_main_cth_cathay,wh3_main_sc_cth_cathay,The Western Provinces,wh3_main_cth_the_western_provinces,,Hunting Lodge,wh3_main_cth_resource_furs_2,Wild Game,wh3_main_cth_resource_furs,1,2,1000,2,0,false,,,150,,,res_rom_furs,30,,,false
warhammer_3,8.1.1,24237342,Grand Cathay,grand_cathay,wh3_main_cth_cathay,wh3_main_sc_cth_cathay,The Western Provinces,wh3_main_cth_the_western_provinces,,Tannery,wh3_main_cth_resource_furs_3,Wild Game,wh3_main_cth_resource_furs,2,3,2000,3,0,false,,,200,,,res_rom_furs,45,,,false
warhammer_3,8.1.1,24237342,Grand Cathay,grand_cathay,wh3_main_cth_cathay,wh3_main_sc_cth_cathay,The Western Provinces,wh3_main_cth_the_western_provinces,,Woodman's Hut,wh3_main_cth_resource_wood_1,Woodlands,wh3_main_cth_resource_wood,0,1,500,1,0,false,,,100,,,res_rom_timber,20,,,false
warhammer_3,8.1.1,24237342,Grand Cathay,grand_cathay,wh3_main_cth_cathay,wh3_main_sc_cth_cathay,The Western Provinces,wh3_main_cth_the_western_provinces,,Timber Mill,wh3_main_cth_resource_wood_2,Woodlands,wh3_main_cth_resource_wood,1,2,1000,2,0,false,,,150,,,res_rom_timber,30,,,false
warhammer_3,8.1.1,24237342,Grand Cathay,grand_cathay,wh3_main_cth_cathay,wh3_main_sc_cth_cathay,The Western Provinces,wh3_main_cth_the_western_provinces,,Lumberyard,wh3_main_cth_resource_wood_3,Woodlands,wh3_main_cth_resource_wood,2,3,2000,3,0,false,,,200,,,res_rom_timber,45,,,false
