faction_key,character_id,subtype_key,force_id,is_primary,world_x,world_y,logical_x,logical_y,start_region_key,nearest_land_region_key,nearest_land_distance,position_kind,binary_world_x,binary_world_y,binary_logical_x,binary_logical_y,binary_region_key,esf_offset,script_rule_indexes,stage
wh2_dlc09_skv_clan_rictus,96,wh2_dlc09_skv_tretch_craventail,53,1,555.8037719726562,407.2878112792969,832,528,wh3_main_combi_region_crookback_mountain,wh3_main_combi_region_crookback_mountain,0.0,land_raster_point,555.8037719726562,407.2878112792969,832,528,wh3_main_combi_region_crookback_mountain,4049940,[],human startup statically evaluated; runtime not observed
wh2_dlc09_tmb_exiles_of_nehek,108,wh2_dlc09_tmb_khatep,59,1,15.364767074584961,511.8096008300781,23,663,wh3_main_combi_region_clarak_spire,wh3_main_combi_region_clarak_spire,0.0,land_raster_point,15.364767074584961,511.8096008300781,23,663,wh3_main_combi_region_clarak_spire,4318383,[],human startup statically evaluated; runtime not observed
wh2_dlc09_tmb_followers_of_nagash,110,wh2_dlc09_tmb_arkhan,60,1,298.61090087890625,233.3419952392578,447,302,wh3_main_combi_region_lashiek,wh3_main_combi_region_lashiek,0.0,land_raster_point,298.61090087890625,233.3419952392578,447,302,wh3_main_combi_region_lashiek,4361281,[],human startup statically evaluated; runtime not observed
wh2_dlc09_tmb_khemri,104,wh2_dlc09_tmb_settra,57,1,417.5208435058594,224.85682678222656,625,291,wh3_main_combi_region_khemri,wh3_main_combi_region_khemri,0.0,land_raster_point,417.5208435058594,224.85682678222656,625,291,wh3_main_combi_region_khemri,4232377,[],human startup statically evaluated; runtime not observed
wh2_dlc09_tmb_lybaras,106,wh2_dlc09_tmb_khalida,58,1,535.7627563476562,235.2704315185547,802,305,wh3_main_combi_region_lybaras,wh3_main_combi_region_lybaras,0.0,land_raster_point,535.7627563476562,235.2704315185547,802,305,wh3_main_combi_region_lybaras,4276112,[],human startup statically evaluated; runtime not observed
wh2_dlc11_cst_noctilus,114,wh2_dlc11_cst_noctilus,62,1,120.24600219726562,398.0312805175781,180,516,,wh3_main_combi_region_vauls_anvil_ulthuan,11.382557820524548,maritime_point_no_distinct_region,120.24600219726562,398.0312805175781,180,516,,4453235,[],human startup statically evaluated; runtime not observed
wh2_dlc11_cst_pirates_of_sartosa,118,wh2_dlc11_cst_aranessa,64,1,339.3609619140625,307.0086364746094,508,398,wh3_main_combi_region_luccini,wh3_main_combi_region_luccini,0.0,land_raster_point,339.3609619140625,307.0086364746094,508,398,wh3_main_combi_region_luccini,4542049,[],human startup statically evaluated; runtime not observed
wh2_dlc11_cst_the_drowned,116,wh2_dlc11_cst_cylostra,63,1,130.26651000976562,546.5216064453125,195,708,wh3_main_combi_region_the_twisted_glade,wh3_main_combi_region_the_twisted_glade,0.0,land_raster_point,130.26651000976562,546.5216064453125,195,708,wh3_main_combi_region_the_twisted_glade,4497344,[],human startup statically evaluated; runtime not observed
wh2_dlc11_cst_vampire_coast,112,wh2_dlc11_cst_harkon,61,1,188.38540649414062,207.5008087158203,282,269,wh3_main_combi_region_the_awakening,wh3_main_combi_region_the_awakening,0.0,land_raster_point,188.38540649414062,207.5008087158203,282,269,wh3_main_combi_region_the_awakening,4408076,[],human startup statically evaluated; runtime not observed
wh2_dlc11_def_the_blessed_dread,84,wh2_dlc11_def_lokhir,46,1,896.5007934570312,456.6560363769531,1342,592,wh3_main_combi_region_zhizhu,wh3_main_combi_region_zhizhu,0.0,land_raster_point,896.5007934570312,456.6560363769531,1342,592,wh3_main_combi_region_zhizhu,3821950,[],human startup statically evaluated; runtime not observed
wh2_dlc11_def_the_blessed_dread,85,wh2_main_def_black_ark_blessed_dread,47,0,911.8655395507812,459.3558654785156,1365,595,,wh3_main_combi_region_zhizhu,5.179629641286658,maritime_point_no_distinct_region,911.8655395507812,459.3558654785156,1365,595,,3822393,[],human startup statically evaluated; runtime not observed
wh2_dlc11_vmp_the_barrow_legion,156,wh_main_vmp_heinrich_kemmler,83,1,301.9510803222656,477.4832763671875,452,619,wh3_main_combi_region_blackstone_post,wh3_main_combi_region_blackstone_post,0.0,land_raster_point,301.9510803222656,477.4832763671875,452,619,wh3_main_combi_region_blackstone_post,5390306,[],human startup statically evaluated; runtime not observed
wh2_dlc12_lzd_cult_of_sotek,71,wh2_dlc12_lzd_tehenhauin,39,1,141.62307739257812,86.3943862915039,212,112,wh3_main_combi_region_kaiax,wh3_main_combi_region_kaiax,0.0,land_raster_point,141.62307739257812,86.3943862915039,212,112,wh3_main_combi_region_kaiax,3517507,[],human startup statically evaluated; runtime not observed
wh2_dlc13_emp_golden_order,121,wh_main_emp_balthasar_gelt,66,1,759.553955078125,348.2773742675781,1137,451,wh3_main_combi_region_temple_of_elemental_winds,wh3_main_combi_region_temple_of_elemental_winds,0.0,land_raster_point,759.553955078125,348.2773742675781,1137,451,wh3_main_combi_region_temple_of_elemental_winds,4636160,[],human startup statically evaluated; runtime not observed
wh2_dlc13_emp_the_huntmarshals_expedition,125,wh2_dlc13_emp_cha_markus_wulfhart,68,1,86.17630004882812,278.8533020019531,129,361,wh3_main_combi_region_temple_of_kara,wh3_main_combi_region_temple_of_kara,0.0,land_raster_point,86.17630004882812,278.8533020019531,129,361,wh3_main_combi_region_temple_of_kara,4721545,[],human startup statically evaluated; runtime not observed
wh2_dlc13_lzd_spirits_of_the_jungle,75,wh2_dlc13_lzd_nakai,41,1,876.4597778320312,284.6386413574219,1312,369,wh3_main_combi_region_tower_of_ashung,wh3_main_combi_region_tower_of_ashung,0.0,land_raster_point,876.4597778320312,284.6386413574219,1312,369,wh3_main_combi_region_tower_of_ashung,3606617,[],human startup statically evaluated; runtime not observed
wh2_dlc14_brt_chevaliers_de_lyonesse,201,wh2_dlc14_brt_repanse,105,1,325.3322448730469,258.7974548339844,487,335,wh3_main_combi_region_copher,wh3_main_combi_region_copher,0.0,land_raster_point,325.3322448730469,258.7974548339844,487,335,wh3_main_combi_region_copher,6346612,[],human startup statically evaluated; runtime not observed
wh2_dlc15_grn_bonerattlaz,146,wh_main_grn_azhag_the_slaughterer,78,1,529.7504272460938,534.1795654296875,793,692,wh3_main_combi_region_khazid_irkulaz,wh3_main_combi_region_khazid_irkulaz,0.0,land_raster_point,529.7504272460938,534.1795654296875,793,692,wh3_main_combi_region_khazid_irkulaz,5165041,[],human startup statically evaluated; runtime not observed
wh2_dlc15_grn_broken_axe,150,wh2_dlc15_grn_grom_the_paunch,80,1,292.5986022949219,431.971923828125,438,560,wh3_main_combi_region_quenelles,wh3_main_combi_region_quenelles,0.0,land_raster_point,292.5986022949219,431.971923828125,438,560,wh3_main_combi_region_quenelles,5253620,[],human startup statically evaluated; runtime not observed
wh2_dlc15_hef_imrik,61,wh2_dlc15_hef_imrik,34,1,573.172607421875,330.9213562011719,858,429,wh3_main_combi_region_the_bone_gulch,wh3_main_combi_region_the_bone_gulch,0.0,land_raster_point,573.172607421875,330.9213562011719,858,429,wh3_main_combi_region_the_bone_gulch,3299814,[],human startup statically evaluated; runtime not observed
wh2_dlc16_wef_drycha,193,wh2_dlc16_wef_drycha,101,1,444.91021728515625,521.4518432617188,666,676,wh3_main_combi_region_gryphon_wood,wh3_main_combi_region_gryphon_wood,0.0,land_raster_point,444.91021728515625,521.4518432617188,666,676,wh3_main_combi_region_gryphon_wood,6171987,[],human startup statically evaluated; runtime not observed
wh2_dlc16_wef_sisters_of_twilight,191,wh2_dlc16_wef_sisters_of_twilight,100,1,54.11070251464844,519.5233764648438,81,673,wh3_main_combi_region_the_witchwood,wh3_main_combi_region_the_witchwood,0.0,land_raster_point,54.11070251464844,519.5233764648438,81,673,wh3_main_combi_region_the_witchwood,6128502,[],human startup statically evaluated; runtime not observed
wh2_dlc17_bst_malagor,181,wh_dlc03_bst_malagor,95,1,437.5618591308594,278.8533020019531,655,361,wh3_main_combi_region_sunken_khernarch,wh3_main_combi_region_sunken_khernarch,0.0,land_raster_point,437.5618591308594,278.8533020019531,655,361,wh3_main_combi_region_sunken_khernarch,5915065,[],human startup statically evaluated; runtime not observed
wh2_dlc17_bst_taurox,185,wh2_dlc17_bst_taurox,97,1,65.46726989746094,562.3348999023438,98,729,wh3_main_combi_region_clar_karond,wh3_main_combi_region_clar_karond,0.0,land_raster_point,65.46726989746094,562.3348999023438,98,729,wh3_main_combi_region_clar_karond,5995737,[],human startup statically evaluated; runtime not observed
wh2_dlc17_dwf_thorek_ironbrow,139,wh2_dlc17_dwf_thorek,74,1,459.6069641113281,175.1029052734375,688,227,wh3_main_combi_region_karak_zorn,wh3_main_combi_region_karak_zorn,0.0,land_raster_point,459.6069641113281,175.1029052734375,688,227,wh3_main_combi_region_karak_zorn,4988166,[],human startup statically evaluated; runtime not observed
wh2_dlc17_lzd_oxyotl,65,wh2_dlc17_lzd_oxyotl,36,1,172.35260009765625,23.91273307800293,258,31,wh3_main_combi_region_the_godless_crater,wh3_main_combi_region_the_godless_crater,0.0,land_raster_point,172.35260009765625,23.91273307800293,258,31,wh3_main_combi_region_the_godless_crater,3383844,[],human startup statically evaluated; runtime not observed
wh2_main_def_cult_of_pleasure,80,wh2_main_def_morathi,44,1,49.43446731567383,442.771240234375,74,574,wh3_main_combi_region_ancient_city_of_quintex,wh3_main_combi_region_ancient_city_of_quintex,0.0,land_raster_point,49.43446731567383,442.771240234375,74,574,wh3_main_combi_region_ancient_city_of_quintex,3735740,[],human startup statically evaluated; runtime not observed
wh2_main_def_hag_graef,87,wh2_dlc14_def_malus_darkblade,48,1,389.46343994140625,718.5390014648438,583,931,wh3_main_combi_region_black_rock,wh3_main_combi_region_black_rock,0.0,land_raster_point,389.46343994140625,718.5390014648438,583,931,wh3_main_combi_region_black_rock,3867776,[],human startup statically evaluated; runtime not observed
wh2_main_def_hag_graef,89,wh2_main_def_black_ark,49,0,388.79541015625,708.1254272460938,582,918,,wh3_main_combi_region_black_rock,3.894905006706526,maritime_point_no_distinct_region,388.79541015625,708.1254272460938,582,918,,3868615,[],human startup statically evaluated; runtime not observed
wh2_main_def_har_ganeth,82,wh2_dlc10_def_crone_hellebron,45,1,132.9386444091797,642.1725463867188,199,832,wh3_main_combi_region_har_ganeth,wh3_main_combi_region_har_ganeth,0.0,land_raster_point,132.9386444091797,642.1725463867188,199,832,wh3_main_combi_region_har_ganeth,3778755,[],human startup statically evaluated; runtime not observed
wh2_main_def_naggarond,78,wh2_main_def_malekith,43,1,66.13529968261719,644.4866943359375,99,835,wh3_main_combi_region_har_kaldra,wh3_main_combi_region_har_kaldra,0.0,land_raster_point,66.13529968261719,644.4866943359375,99,835,wh3_main_combi_region_har_kaldra,3692235,[],human startup statically evaluated; runtime not observed
wh2_main_hef_avelorn,54,wh2_dlc10_hef_alarielle,30,1,175.0247344970703,449.7136535644531,262,583,wh3_main_combi_region_gaean_vale,wh3_main_combi_region_gaean_vale,0.0,land_raster_point,175.0247344970703,449.7136535644531,262,583,wh3_main_combi_region_gaean_vale,3165624,[],human startup statically evaluated; runtime not observed
wh2_main_hef_eataine,50,wh2_main_hef_tyrion,28,1,166.34030151367188,396.87420654296875,249,514,wh3_main_combi_region_lothern,wh3_main_combi_region_lothern,0.0,land_raster_point,166.34030151367188,396.87420654296875,249,514,wh3_main_combi_region_lothern,3077818,[],human startup statically evaluated; runtime not observed
wh2_main_hef_nagarythe,56,wh2_dlc10_hef_alith_anar,31,1,141.62307739257812,587.7904052734375,212,762,wh3_main_combi_region_the_monoliths,wh3_main_combi_region_the_monoliths,0.0,land_raster_point,141.62307739257812,587.7904052734375,212,762,wh3_main_combi_region_the_monoliths,3209920,[],human startup statically evaluated; runtime not observed
wh2_main_hef_order_of_loremasters,52,wh2_main_hef_teclis,29,1,392.1355895996094,55.9249382019043,587,72,wh3_main_combi_region_dawns_light,wh3_main_combi_region_dawns_light,0.0,land_raster_point,392.1355895996094,55.9249382019043,587,72,wh3_main_combi_region_dawns_light,3122341,[],human startup statically evaluated; runtime not observed
wh2_main_hef_yvresse,58,wh2_dlc15_hef_eltharion,32,1,382.7831160052225,314.33671878593975,573,407,,wh3_main_combi_region_gronti_mingol,3.1964670744364443,maritime_point_no_distinct_region,218.44691467285156,439.3000183105469,327,569,wh3_main_combi_region_tor_yvresse,3252364,[5],human startup statically evaluated; runtime not observed
wh2_main_hef_yvresse,59,wh2_dlc15_hef_archmage_heavens,33,0,218.44690913387043,439.30002784930724,327,569,wh3_main_combi_region_tor_yvresse,wh3_main_combi_region_tor_yvresse,0.0,land_raster_point,211.09854125976562,442.771240234375,316,574,wh3_main_combi_region_tor_yvresse,3252790,[5],human startup statically evaluated; runtime not observed
wh2_main_lzd_hexoatl,67,wh2_main_lzd_lord_mazdamundi,37,1,38.07789993286133,380.6752624511719,57,493,wh3_main_combi_region_hexoatl,wh3_main_combi_region_hexoatl,0.0,land_raster_point,38.07789993286133,380.6752624511719,57,493,wh3_main_combi_region_hexoatl,3428675,[],human startup statically evaluated; runtime not observed
wh2_main_lzd_itza,77,wh2_dlc13_lzd_gor_rok,42,1,100.87303924560547,186.28790283203125,151,241,wh3_main_combi_region_itza,wh3_main_combi_region_itza,0.0,land_raster_point,100.87303924560547,186.28790283203125,151,241,wh3_main_combi_region_itza,3647628,[],human startup statically evaluated; runtime not observed
wh2_main_lzd_last_defenders,69,wh2_main_lzd_kroq_gar,38,1,482.3200988769531,144.24777221679688,722,187,wh3_main_combi_region_teotiqua,wh3_main_combi_region_teotiqua,0.0,land_raster_point,482.3200988769531,144.24777221679688,722,187,wh3_main_combi_region_teotiqua,3473692,[],human startup statically evaluated; runtime not observed
wh2_main_lzd_tlaqua,73,wh2_dlc12_lzd_tiktaqto,40,1,345.3732604980469,160.83241271972656,517,208,wh3_main_combi_region_deaths_head_monoliths,wh3_main_combi_region_deaths_head_monoliths,0.0,land_raster_point,345.3732604980469,160.83241271972656,517,208,wh3_main_combi_region_deaths_head_monoliths,3561780,[],human startup statically evaluated; runtime not observed
wh2_main_skv_clan_eshin,102,wh2_dlc14_skv_deathmaster_snikch,56,1,822.3490600585938,421.5583190917969,1231,546,wh3_main_combi_region_village_of_the_moon,wh3_main_combi_region_village_of_the_moon,0.0,land_raster_point,822.3490600585938,421.5583190917969,1231,546,wh3_main_combi_region_village_of_the_moon,4188427,[],human startup statically evaluated; runtime not observed
wh2_main_skv_clan_mors,92,wh2_main_skv_queek_headtaker,51,1,507.0373229980469,295.05224609375,759,382,wh3_main_combi_region_kradtommen,wh3_main_combi_region_kradtommen,0.0,land_raster_point,507.0373229980469,295.05224609375,759,382,wh3_main_combi_region_kradtommen,3957387,[],human startup statically evaluated; runtime not observed
wh2_main_skv_clan_moulder,100,wh2_dlc16_skv_throt_the_unclean,55,1,458.9389343261719,620.573974609375,687,804,wh3_main_combi_region_hell_pit,wh3_main_combi_region_hell_pit,0.0,land_raster_point,458.9389343261719,620.573974609375,687,804,wh3_main_combi_region_hell_pit,4139369,[],human startup statically evaluated; runtime not observed
wh2_main_skv_clan_pestilens,94,wh2_main_skv_lord_skrolk,52,1,124.9222412109375,129.20590209960938,187,167,wh3_main_combi_region_oyxl,wh3_main_combi_region_oyxl,0.0,land_raster_point,124.9222412109375,129.20590209960938,187,167,wh3_main_combi_region_oyxl,4001428,[],human startup statically evaluated; runtime not observed
wh2_main_skv_clan_skryre,98,wh2_dlc12_skv_ikit_claw,54,1,308.63140869140625,346.34893798828125,462,449,wh3_main_combi_region_tobaro,wh3_main_combi_region_tobaro,0.0,land_raster_point,308.63140869140625,346.34893798828125,462,449,wh3_main_combi_region_tobaro,4094428,[],human startup statically evaluated; runtime not observed
wh2_twa03_def_rakarth,90,wh2_twa03_def_rakarth,50,1,24.717233657836914,203.2582244873047,37,263,wh3_main_combi_region_great_turtle_isle,wh3_main_combi_region_great_turtle_isle,0.0,land_raster_point,24.717233657836914,203.2582244873047,37,263,wh3_main_combi_region_great_turtle_isle,3914048,[],human startup statically evaluated; runtime not observed
wh3_cp1_cth_tiger_warriors,48,wh3_cp1_cth_bhashiva,27,1,711.4555053710938,433.1289978027344,1065,561,wh3_main_combi_region_vale_of_titans,wh3_main_combi_region_vale_of_titans,0.0,land_raster_point,711.4555053710938,433.1289978027344,1065,561,wh3_main_combi_region_vale_of_titans,3034434,[],human startup statically evaluated; runtime not observed
wh3_dlc20_chs_azazel,169,wh3_dlc20_sla_azazel,89,1,411.508544921875,636.38720703125,616,825,wh3_main_combi_region_bay_of_blades,wh3_main_combi_region_bay_of_blades,0.0,land_raster_point,411.508544921875,636.38720703125,616,825,wh3_main_combi_region_bay_of_blades,5655853,[],human startup statically evaluated; runtime not observed
wh3_dlc20_chs_festus,171,wh3_dlc20_nur_festus,90,1,394.1396789550781,553.8497314453125,590,718,wh3_main_combi_region_hergig,wh3_main_combi_region_hergig,0.0,land_raster_point,394.1396789550781,553.8497314453125,590,718,wh3_main_combi_region_hergig,5698935,[],human startup statically evaluated; runtime not observed
wh3_dlc20_chs_kholek,165,wh_dlc01_chs_kholek_suneater,87,1,685.4022216796875,574.6769409179688,1026,745,wh3_main_combi_region_the_challenge_stone,wh3_main_combi_region_the_challenge_stone,0.0,land_raster_point,685.4022216796875,574.6769409179688,1026,745,wh3_main_combi_region_the_challenge_stone,5570770,[],human startup statically evaluated; runtime not observed
wh3_dlc20_chs_sigvald,167,wh_dlc01_chs_prince_sigvald,88,1,247.8403778076172,683.8269653320312,371,886,wh3_main_combi_region_fortress_of_the_damned,wh3_main_combi_region_fortress_of_the_damned,0.0,land_raster_point,247.8403778076172,683.8269653320312,371,886,wh3_main_combi_region_fortress_of_the_damned,5613238,[],human startup statically evaluated; runtime not observed
wh3_dlc20_chs_valkia,173,wh3_dlc20_kho_valkia,91,1,75.4877700805664,692.3121337890625,113,897,wh3_main_combi_region_dagraks_end,wh3_main_combi_region_dagraks_end,0.0,land_raster_point,75.4877700805664,692.3121337890625,113,897,wh3_main_combi_region_dagraks_end,5745477,[],human startup statically evaluated; runtime not observed
wh3_dlc20_chs_vilitch,175,wh3_dlc20_tze_vilitch,92,1,891.8245239257812,511.8096008300781,1335,663,wh3_main_combi_region_red_fortress,wh3_main_combi_region_red_fortress,0.0,land_raster_point,891.8245239257812,511.8096008300781,1335,663,wh3_main_combi_region_red_fortress,5788593,[],human startup statically evaluated; runtime not observed
wh3_dlc23_chd_astragoth,36,wh3_dlc23_chd_astragoth,21,1,573.8406372070312,548.8357543945312,859,711,wh3_main_combi_region_uzkulak,wh3_main_combi_region_uzkulak,0.0,land_raster_point,573.8406372070312,548.8357543945312,859,711,wh3_main_combi_region_uzkulak,2772045,[],human startup statically evaluated; runtime not observed
wh3_dlc23_chd_legion_of_azgorh,38,wh3_dlc23_chd_drazhoath,22,1,632.6275634765625,377.5897521972656,947,489,wh3_main_combi_region_black_fortress,wh3_main_combi_region_black_fortress,0.0,land_raster_point,632.6275634765625,377.5897521972656,947,489,wh3_main_combi_region_black_fortress,2814838,[],human startup statically evaluated; runtime not observed
wh3_dlc23_chd_zhatan,40,wh3_dlc23_chd_zhatan,23,1,762.8941040039062,546.1359252929688,1142,708,wh3_main_combi_region_fortress_of_eyes,wh3_main_combi_region_fortress_of_eyes,0.0,land_raster_point,762.8941040039062,546.1359252929688,1142,708,wh3_main_combi_region_fortress_of_eyes,2857517,[],human startup statically evaluated; runtime not observed
wh3_dlc24_cth_the_celestial_court,46,wh3_dlc24_cth_yuan_bo,26,1,30.729534149169922,310.0941467285156,46,402,wh3_main_combi_region_isle_of_the_crimson_skull,wh3_main_combi_region_isle_of_the_crimson_skull,0.0,land_raster_point,30.729534149169922,310.0941467285156,46,402,wh3_main_combi_region_isle_of_the_crimson_skull,2988883,[],human startup statically evaluated; runtime not observed
wh3_dlc24_ksl_daughters_of_the_forest,26,wh3_dlc24_ksl_mother_ostankya,15,1,64.79923248291016,474.783447265625,97,615,wh3_main_combi_region_bleak_hold_fortress,wh3_main_combi_region_bleak_hold_fortress,0.0,land_raster_point,64.79923248291016,474.783447265625,97,615,wh3_main_combi_region_bleak_hold_fortress,2592476,[],human startup statically evaluated; runtime not observed
wh3_dlc24_tze_the_deceivers,19,wh3_dlc24_tze_the_changeling,11,1,424.8692321777344,489.8253173828125,636,635,wh3_main_combi_region_niedling,wh3_main_combi_region_niedling,0.0,land_raster_point,424.8692321777344,489.8253173828125,636,635,wh3_main_combi_region_niedling,2422560,[],human startup statically evaluated; runtime not observed
wh3_dlc25_dwf_malakai,141,wh3_dlc25_dwf_malakai_makaisson,75,1,484.9922180175781,649.5006713867188,726,842,wh3_main_combi_region_kraka_drak,wh3_main_combi_region_kraka_drak,0.0,land_raster_point,484.9922180175781,649.5006713867188,726,842,wh3_main_combi_region_kraka_drak,5032629,[],human startup statically evaluated; runtime not observed
wh3_dlc25_nur_epidemius,11,wh3_dlc25_nur_epidemius,7,1,420.86102294921875,712.7537231445312,630,924,wh3_main_combi_region_bilious_cliffs,wh3_main_combi_region_bilious_cliffs,0.0,land_raster_point,420.86102294921875,712.7537231445312,630,924,wh3_main_combi_region_bilious_cliffs,2247737,[],human startup statically evaluated; runtime not observed
wh3_dlc25_nur_tamurkhan,10,wh3_dlc25_nur_tamurkhan,6,1,660.6849975585938,639.8583984375,989,829,wh3_main_combi_region_zanbaijin,wh3_main_combi_region_zanbaijin,0.0,land_raster_point,660.6849975585938,639.8583984375,989,829,wh3_main_combi_region_zanbaijin,2203399,[],human startup statically evaluated; runtime not observed
wh3_dlc26_grn_gorbad_ironclaw,152,wh3_dlc26_grn_gorbad_ironclaw,81,1,486.3282775878906,362.5478820800781,728,470,wh3_main_combi_region_iron_rock,wh3_main_combi_region_iron_rock,0.0,land_raster_point,486.3282775878906,362.5478820800781,728,470,wh3_main_combi_region_iron_rock,5298140,[],human startup statically evaluated; runtime not observed
wh3_dlc26_kho_arbaal,6,wh3_dlc26_kho_arbaal_the_undefeated,4,1,571.1685180664062,621.3453369140625,855,805,wh3_main_combi_region_pillar_of_skulls,wh3_main_combi_region_pillar_of_skulls,0.0,land_raster_point,571.1685180664062,621.3453369140625,855,805,wh3_main_combi_region_pillar_of_skulls,2117717,[],human startup statically evaluated; runtime not observed
wh3_dlc26_kho_skulltaker,4,wh3_dlc26_kho_skulltaker,3,1,71.47956848144531,235.6561279296875,107,305,wh3_main_combi_region_hualotal,wh3_main_combi_region_hualotal,0.0,land_raster_point,71.47956848144531,235.6561279296875,107,305,wh3_main_combi_region_hualotal,2075428,[],human startup statically evaluated; runtime not observed
wh3_dlc26_ogr_golgfag,33,wh3_dlc26_ogr_golgfag_maneater,19,1,412.8446044921875,592.4186401367188,618,768,wh3_main_combi_region_norden,wh3_main_combi_region_norden,0.0,land_raster_point,412.8446044921875,592.4186401367188,618,768,wh3_main_combi_region_norden,2728599,[],human startup statically evaluated; runtime not observed
wh3_dlc26_ogr_golgfag,35,wh3_main_ogr_tyrant_camp,20,0,410.1724853515625,583.9334716796875,614,757,wh3_main_combi_region_norden,wh3_main_combi_region_norden,0.0,land_raster_point,410.1724853515625,583.9334716796875,614,757,wh3_main_combi_region_norden,2729458,[],human startup statically evaluated; runtime not observed
wh3_dlc27_hef_aislinn,63,wh3_dlc27_hef_aislinn,35,1,599.8939819335938,67.10992431640625,898,87,,wh3_main_combi_region_tor_elasor,5.670550104202384,maritime_point_no_distinct_region,599.8939819335938,67.10992431640625,898,87,,3343321,[],human startup statically evaluated; runtime not observed
wh3_dlc27_nor_sayl,207,wh3_dlc27_nor_sayl_the_faithless,108,1,841.0540161132812,569.6629638671875,1259,738,wh3_main_combi_region_dark_tower,wh3_main_combi_region_dark_tower,0.0,land_raster_point,841.0540161132812,569.6629638671875,1259,738,wh3_main_combi_region_dark_tower,6476236,[],human startup statically evaluated; runtime not observed
wh3_dlc27_sla_masque_of_slaanesh,230,wh3_dlc27_sla_masque_of_slaanesh,130,1,45.42626953125,245.29835510253906,68,318,wh3_main_combi_region_pillars_of_unseen_constellations,wh3_main_combi_region_pillars_of_unseen_constellations,0.0,land_raster_point,45.42626953125,245.29835510253906,68,318,wh3_main_combi_region_pillars_of_unseen_constellations,7492133,[],human startup statically evaluated; runtime not observed
wh3_dlc27_sla_the_tormentors,15,wh3_dlc27_sla_dechala,9,1,899.8409423828125,253.3978271484375,1347,328,wh3_main_combi_region_hidden_landing,wh3_main_combi_region_hidden_landing,0.0,land_raster_point,899.8409423828125,253.3978271484375,1347,328,wh3_main_combi_region_hidden_landing,2337175,[],human startup statically evaluated; runtime not observed
wh3_main_chs_shadow_legion,177,wh3_main_dae_belakor,93,1,237.15184020996094,564.2633056640625,355,731,wh3_main_combi_region_isle_of_wights,wh3_main_combi_region_isle_of_wights,0.0,land_raster_point,237.15184020996094,564.2633056640625,355,731,wh3_main_combi_region_isle_of_wights,5831675,[],human startup statically evaluated; runtime not observed
wh3_main_cth_the_northern_provinces,42,wh3_main_cth_miao_ying,24,1,761.5580444335938,497.5390930175781,1140,645,wh3_main_combi_region_nan_gau,wh3_main_combi_region_nan_gau,0.0,land_raster_point,761.5580444335938,497.5390930175781,1140,645,wh3_main_combi_region_nan_gau,2902678,[],human startup statically evaluated; runtime not observed
wh3_main_cth_the_western_provinces,44,wh3_main_cth_zhao_ming,25,1,739.512939453125,384.53216552734375,1107,498,wh3_main_combi_region_qiang,wh3_main_combi_region_qiang,0.0,land_raster_point,739.512939453125,384.53216552734375,1107,498,wh3_main_combi_region_qiang,2946041,[],human startup statically evaluated; runtime not observed
wh3_main_dae_daemon_prince,1,wh3_main_dae_daemon_prince,1,1,456.934814453125,726.6384887695312,684,942,wh3_main_combi_region_volcanos_heart,wh3_main_combi_region_volcanos_heart,0.0,land_raster_point,456.934814453125,726.6384887695312,684,942,wh3_main_combi_region_volcanos_heart,1991703,[],human startup statically evaluated; runtime not observed
wh3_main_dwf_the_ancestral_throng,137,wh_pro01_dwf_grombrindal,73,1,11.3565673828125,614.4029541015625,17,796,wh3_main_combi_region_eldar_spire,wh3_main_combi_region_eldar_spire,0.0,land_raster_point,11.3565673828125,614.4029541015625,17,796,wh3_main_combi_region_eldar_spire,4945063,[],human startup statically evaluated; runtime not observed
wh3_main_emp_cult_of_sigmar,123,wh_dlc04_emp_volkmar,67,1,372.7626037597656,188.9877166748047,558,245,wh3_main_combi_region_sudenburg,wh3_main_combi_region_sudenburg,0.0,land_raster_point,372.7626037597656,188.9877166748047,558,245,wh3_main_combi_region_sudenburg,4676712,[],human startup statically evaluated; runtime not observed
wh3_main_kho_exiles_of_khorne,2,wh3_main_kho_skarbrand,2,1,451.5905456542969,251.46937561035156,676,326,wh3_main_combi_region_agrul_migdhal,wh3_main_combi_region_agrul_migdhal,0.0,land_raster_point,451.5905456542969,251.46937561035156,676,326,wh3_main_combi_region_agrul_migdhal,2033377,[],human startup statically evaluated; runtime not observed
wh3_main_ksl_the_great_orthodoxy,22,wh3_main_ksl_kostaltyn,13,1,420.86102294921875,607.0748291015625,630,787,wh3_main_combi_region_erengrad,wh3_main_combi_region_erengrad,0.0,land_raster_point,420.86102294921875,607.0748291015625,630,787,wh3_main_combi_region_erengrad,2507267,[],human startup statically evaluated; runtime not observed
wh3_main_ksl_the_ice_court,21,wh3_main_ksl_katarin,12,1,462.2790832519531,560.020751953125,692,726,wh3_main_combi_region_zavastra,wh3_main_combi_region_zavastra,0.0,land_raster_point,462.2790832519531,560.020751953125,692,726,wh3_main_combi_region_zavastra,2462075,[],human startup statically evaluated; runtime not observed
wh3_main_ksl_ursun_revivalists,24,wh3_main_ksl_boris,14,1,513.7176513671875,667.6280517578125,769,865,wh3_main_combi_region_the_tower_of_torment,wh3_main_combi_region_the_tower_of_torment,0.0,land_raster_point,513.7176513671875,667.6280517578125,769,865,wh3_main_combi_region_the_tower_of_torment,2553296,[],human startup statically evaluated; runtime not observed
wh3_main_nur_poxmakers_of_nurgle,8,wh3_main_nur_kugath,5,1,666.0292358398438,287.3384704589844,997,372,wh3_main_combi_region_shattered_stone_isle,wh3_main_combi_region_shattered_stone_isle,0.0,land_raster_point,666.0292358398438,287.3384704589844,997,372,wh3_main_combi_region_shattered_stone_isle,2159565,[],human startup statically evaluated; runtime not observed
wh3_main_ogr_disciples_of_the_maw,30,wh3_main_ogr_skrag_the_slaughterer,17,1,421.529052734375,403.8166198730469,631,523,wh3_main_combi_region_matorca,wh3_main_combi_region_matorca,0.0,land_raster_point,421.529052734375,403.8166198730469,631,523,wh3_main_combi_region_matorca,2681336,[],human startup statically evaluated; runtime not observed
wh3_main_ogr_disciples_of_the_maw,31,wh3_main_ogr_tyrant_camp,18,0,431.549560546875,404.2023010253906,646,524,wh3_main_combi_region_matorca,wh3_main_combi_region_matorca,0.0,land_raster_point,431.549560546875,404.2023010253906,646,524,wh3_main_combi_region_matorca,2681778,[],human startup statically evaluated; runtime not observed
wh3_main_ogr_goldtooth,28,wh3_main_ogr_greasus_goldtooth,16,1,690.7465209960938,388.00335693359375,1034,503,wh3_main_combi_region_great_hall_of_greasus,wh3_main_combi_region_great_hall_of_greasus,0.0,land_raster_point,690.7465209960938,388.00335693359375,1034,503,wh3_main_combi_region_great_hall_of_greasus,2635150,[],human startup statically evaluated; runtime not observed
wh3_main_sla_seducers_of_slaanesh,13,wh3_main_sla_nkari,8,1,187.04934692382812,484.4256591796875,280,628,wh3_main_combi_region_tor_achare,wh3_main_combi_region_tor_achare,0.0,land_raster_point,187.04934692382812,484.4256591796875,280,628,wh3_main_combi_region_tor_achare,2294817,[],human startup statically evaluated; runtime not observed
wh3_main_tze_oracles_of_tzeentch,17,wh3_main_tze_kairos,10,1,374.7667236328125,25.069799423217773,561,32,wh3_main_combi_region_the_lost_palace,wh3_main_combi_region_the_lost_palace,0.0,land_raster_point,374.7667236328125,25.069799423217773,561,32,wh3_main_combi_region_the_lost_palace,2379723,[],human startup statically evaluated; runtime not observed
wh3_main_vmp_caravan_of_blue_roses,158,wh_dlc04_vmp_helman_ghorst,84,1,703.4391479492188,339.7922058105469,1053,440,wh3_main_combi_region_gnobbly_gorge,wh3_main_combi_region_gnobbly_gorge,0.0,land_raster_point,703.4391479492188,339.7922058105469,1053,440,wh3_main_combi_region_gnobbly_gorge,5434977,[],human startup statically evaluated; runtime not observed
wh_dlc03_bst_beastmen,179,wh_dlc03_bst_khazrak,94,1,344.70521441307994,559.2493769811199,516,725,wh3_main_combi_region_the_black_pit,wh3_main_combi_region_the_black_pit,0.0,land_raster_point,343.369140625,557.7066040039062,514,723,wh3_main_combi_region_the_black_pit,5874641,"[3, 3]",human startup statically evaluated; runtime not observed
wh_dlc05_bst_morghur_herd,183,wh_dlc05_bst_morghur,96,1,270.5534973144531,349.82012939453125,405,453,wh3_main_combi_region_montenas,wh3_main_combi_region_montenas,0.0,land_raster_point,270.5534973144531,349.82012939453125,405,453,wh3_main_combi_region_montenas,5955496,[],human startup statically evaluated; runtime not observed
wh_dlc05_wef_argwylon,189,wh_dlc05_wef_durthu,99,1,350.717529296875,450.8706970214844,525,584,wh3_main_combi_region_karak_norn,wh3_main_combi_region_karak_norn,0.0,land_raster_point,350.717529296875,450.8706970214844,525,584,wh3_main_combi_region_karak_norn,6084828,[],human startup statically evaluated; runtime not observed
wh_dlc05_wef_wood_elves,187,wh_dlc05_wef_orion,98,1,314.64371315612533,399.1883483968683,471,517,wh3_main_combi_region_castle_carcassonne,wh3_main_combi_region_castle_carcassonne,0.0,land_raster_point,336.0207824707031,399.959716796875,503,518,wh3_main_combi_region_kings_glade,6036667,[9],human startup statically evaluated; runtime not observed
wh_dlc08_nor_norsca,203,wh_dlc08_nor_wulfrik,106,1,102.2091064453125,364.476318359375,153,472,,wh3_main_combi_region_monument_of_the_moon,11.270968380829387,maritime_point_no_distinct_region,102.2091064453125,364.476318359375,153,472,,6389793,[],human startup statically evaluated; runtime not observed
wh_dlc08_nor_wintertooth,205,wh_dlc08_nor_throgg,107,1,420.86102294921875,681.127197265625,630,883,wh3_main_combi_region_monolith_of_flesh,wh3_main_combi_region_monolith_of_flesh,0.0,land_raster_point,420.86102294921875,681.127197265625,630,883,wh3_main_combi_region_monolith_of_flesh,6432976,[],human startup statically evaluated; runtime not observed
wh_main_brt_bordeleaux,199,wh_dlc07_brt_alberic,104,1,140.9550323486328,251.85507202148438,211,326,wh3_main_combi_region_temple_of_tlencan,wh3_main_combi_region_temple_of_tlencan,0.0,land_raster_point,140.9550323486328,251.85507202148438,211,326,wh3_main_combi_region_temple_of_tlencan,6303422,[],human startup statically evaluated; runtime not observed
wh_main_brt_bretonnia,195,wh_main_brt_louen_leoncouer,102,1,268.5494079589844,517.594970703125,402,671,wh3_main_combi_region_languille,wh3_main_combi_region_languille,0.0,land_raster_point,268.5494079589844,517.594970703125,402,671,wh3_main_combi_region_languille,6215784,[],human startup statically evaluated; runtime not observed
wh_main_brt_carcassonne,197,wh_dlc07_brt_fay_enchantress,103,1,297.27484130859375,399.959716796875,445,518,wh3_main_combi_region_castle_carcassonne,wh3_main_combi_region_castle_carcassonne,0.0,land_raster_point,297.27484130859375,399.959716796875,445,518,wh3_main_combi_region_castle_carcassonne,6259793,[],human startup statically evaluated; runtime not observed
wh_main_chs_chaos,163,wh_main_chs_archaon,86,1,603.234130859375,672.25634765625,903,871,wh3_main_combi_region_the_writhing_fortress,wh3_main_combi_region_the_writhing_fortress,0.0,land_raster_point,603.234130859375,672.25634765625,903,871,wh3_main_combi_region_the_writhing_fortress,5528291,[],human startup statically evaluated; runtime not observed
wh_main_dwf_dwarfs,128,wh_main_dwf_thorgrim_grudgebearer,70,1,497.0168151855469,418.8584899902344,744,543,wh3_main_combi_region_karaz_a_karak,wh3_main_combi_region_karaz_a_karak,0.0,land_raster_point,497.0168151855469,418.8584899902344,744,543,wh3_main_combi_region_karaz_a_karak,4811682,[],human startup statically evaluated; runtime not observed
wh_main_dwf_karak_izor,132,wh_dlc06_dwf_belegar,72,1,347.3773498535156,370.26165771484375,520,480,wh3_main_combi_region_karak_bhufdar,wh3_main_combi_region_karak_bhufdar,0.0,land_raster_point,347.3773498535156,370.26165771484375,520,480,wh3_main_combi_region_karak_bhufdar,4900634,[],human startup statically evaluated; runtime not observed
wh_main_dwf_karak_kadrin,130,wh_main_dwf_ungrim_ironfist,71,1,515.7217407226562,491.3680725097656,772,637,wh3_main_combi_region_karak_kadrin,wh3_main_combi_region_karak_kadrin,0.0,land_raster_point,515.7217407226562,491.3680725097656,772,637,wh3_main_combi_region_karak_kadrin,4856336,[],human startup statically evaluated; runtime not observed
wh_main_emp_empire,120,wh_main_emp_karl_franz,65,1,350.717529296875,490.9823913574219,525,636,wh3_main_combi_region_altdorf,wh3_main_combi_region_altdorf,0.0,land_raster_point,350.717529296875,490.9823913574219,525,636,wh3_main_combi_region_altdorf,4586780,[],human startup statically evaluated; runtime not observed
wh_main_emp_wissenland,126,wh3_dlc25_emp_elspeth_von_draken,69,1,366.75030517578125,464.7555236816406,549,602,wh3_main_combi_region_nuln,wh3_main_combi_region_nuln,0.0,land_raster_point,366.75030517578125,464.7555236816406,549,602,wh3_main_combi_region_nuln,4766457,[],human startup statically evaluated; runtime not observed
wh_main_grn_crooked_moon,144,wh_dlc06_grn_skarsnik,77,1,535.0947265625,436.98590087890625,801,566,wh3_main_combi_region_mount_gunbad,wh3_main_combi_region_mount_gunbad,0.0,land_raster_point,535.0947265625,436.98590087890625,801,566,wh3_main_combi_region_mount_gunbad,5120722,[],human startup statically evaluated; runtime not observed
wh_main_grn_greenskins,142,wh_main_grn_grimgor_ironhide,76,1,650.6644897460938,523.7659912109375,974,679,wh3_main_combi_region_eagle_eyries,wh3_main_combi_region_eagle_eyries,0.0,land_raster_point,650.6644897460938,523.7659912109375,974,679,wh3_main_combi_region_eagle_eyries,5076854,[],human startup statically evaluated; runtime not observed
wh_main_grn_orcs_of_the_bloody_hand,148,wh_dlc06_grn_wurrzag_da_great_prophet,79,1,423.53314208984375,137.30535888671875,634,178,wh3_main_combi_region_sun_tree_glades,wh3_main_combi_region_sun_tree_glades,0.0,land_raster_point,423.53314208984375,137.30535888671875,634,178,wh3_main_combi_region_sun_tree_glades,5209347,[],human startup statically evaluated; runtime not observed
wh_main_vmp_schwartzhafen,160,wh_dlc04_vmp_vlad_con_carstein,85,1,479.64794921875,479.7973937988281,718,622,wh3_main_combi_region_castle_drakenhof,wh3_main_combi_region_castle_drakenhof,0.0,land_raster_point,479.64794921875,479.7973937988281,718,622,wh3_main_combi_region_castle_drakenhof,5479485,[],human startup statically evaluated; runtime not observed
wh_main_vmp_vampire_counts,154,wh_main_vmp_mannfred_von_carstein,82,1,414.1806945800781,188.9877166748047,620,245,wh3_main_combi_region_ka_sabar,wh3_main_combi_region_ka_sabar,0.0,land_raster_point,414.1806945800781,188.9877166748047,620,245,wh3_main_combi_region_ka_sabar,5346198,[],human startup statically evaluated; runtime not observed
