game,patch,unit_scale,unit_key,attack_type,source_key,effect_key
warhammer_3,8.1.1,ultra,wh2_dlc17_bst_cha_doombull_0,melee,wh2_dlc17_bst_doombull,wh2_dlc17_unit_contact_dazed
warhammer_3,8.1.1,ultra,wh2_dlc17_bst_inf_centigors_ror_1,melee,wh2_dlc17_bst_centigor_spear_ror,wh_main_unit_contact_poison
warhammer_3,8.1.1,ultra,wh2_dlc17_bst_inf_centigors_ror_1,projectile,wh2_dlc17_bst_centigor_throwing_axe_ror,wh_main_unit_contact_poison
warhammer_3,8.1.1,ultra,wh2_dlc17_bst_mon_jabberslythe_0,melee,wh2_dlc17_bst_jabberslythe,wh_main_unit_contact_poison
warhammer_3,8.1.1,ultra,wh2_dlc17_bst_mon_jabberslythe_ror_0,melee,wh2_dlc17_bst_jabberslythe_ror,wh_dlc06_unit_contact_sundered_armour
warhammer_3,8.1.1,ultra,wh3_dlc24_bst_mon_cockatrice,melee,wh3_dlc21_tze_cockatrice,wh_main_unit_contact_poison
warhammer_3,8.1.1,ultra,wh3_dlc25_bst_inf_pestigors,melee,wh3_dlc25_nur_pestigor_great_axe,wh_main_unit_contact_poison
warhammer_3,8.1.1,ultra,wh3_dlc27_bst_mon_chimera,melee,wh3_dlc27_nor_chimera,wh_main_unit_contact_poison
warhammer_3,8.1.1,ultra,wh3_dlc27_bst_mon_chimera_ror,melee,wh3_dlc27_nor_chimera,wh_main_unit_contact_poison
warhammer_3,8.1.1,ultra,wh3_dlc27_bst_mon_preyton,melee,wh3_dlc27_preyton_claws,wh_main_unit_contact_poison
warhammer_3,8.1.1,ultra,wh3_dlc27_bst_mon_preyton_ror,melee,wh3_dlc27_preyton_ror,wh3_pro12_unit_contact_wounded_prey
warhammer_3,8.1.1,ultra,wh_dlc03_bst_inf_chaos_warhounds_1,melee,wh_main_chs_warhound_poison,wh_main_unit_contact_poison
warhammer_3,8.1.1,ultra,wh_dlc03_bst_mon_chaos_spawn_0,melee,wh_dlc03_bst_claws_chaos_spawn,wh_main_unit_contact_poison
warhammer_3,8.1.1,ultra,wh_dlc05_bst_cha_morghur_0,melee,wh_dlc05_bst_morghur_claws,wh_main_unit_contact_poison
warhammer_3,8.1.1,ultra,wh_dlc07_brt_cha_green_knight_0,melee,wh_dlc07_brt_sword_green_knight,wh_dlc08_unit_contact_frostbite
warhammer_3,8.1.1,ultra,wh_dlc07_brt_inf_peasant_bowmen_2,projectile,wh_brt_longbow_arrow_pox,wh_main_unit_contact_poison
warhammer_3,8.1.1,ultra,wh3_dlc23_chd_cav_bull_centaurs_dual_axe_ror,projectile,wh3_dlc23_chd_bull_centaur_throwing_axe_ror,wh2_dlc09_unit_contact_shieldbreaker
warhammer_3,8.1.1,ultra,wh3_dlc23_chd_cav_hobgoblin_wolf_raiders_ror,projectile,wh3_dlc23_chd_cav_hobgoblin_wolf_raiders_arrow_ror,wh2_dlc12_unit_contact_flammable
warhammer_3,8.1.1,ultra,wh3_dlc23_chd_cha_daemonsmith_sorcerer_death,projectile,wh3_dlc23_chd_cha_pistol_flare,wh2_dlc12_unit_contact_flammable
warhammer_3,8.1.1,ultra,wh3_dlc23_chd_cha_daemonsmith_sorcerer_death,explosion,wh3_dlc23_chd_cha_pistol_flare,wh2_dlc12_unit_contact_flammable
warhammer_3,8.1.1,ultra,wh3_dlc23_chd_cha_daemonsmith_sorcerer_death_bale_taurus,projectile,wh3_dlc23_chd_cha_pistol_flare,wh2_dlc12_unit_contact_flammable
warhammer_3,8.1.1,ultra,wh3_dlc23_chd_cha_daemonsmith_sorcerer_death_bale_taurus,explosion,wh3_dlc23_chd_cha_pistol_flare,wh2_dlc12_unit_contact_flammable
warhammer_3,8.1.1,ultra,wh3_dlc23_chd_cha_daemonsmith_sorcerer_death_great_taurus,projectile,wh3_dlc23_chd_cha_pistol_flare,wh2_dlc12_unit_contact_flammable
warhammer_3,8.1.1,ultra,wh3_dlc23_chd_cha_daemonsmith_sorcerer_death_great_taurus,explosion,wh3_dlc23_chd_cha_pistol_flare,wh2_dlc12_unit_contact_flammable
warhammer_3,8.1.1,ultra,wh3_dlc23_chd_cha_daemonsmith_sorcerer_death_lammasu,projectile,wh3_dlc23_chd_cha_pistol_flare,wh2_dlc12_unit_contact_flammable
warhammer_3,8.1.1,ultra,wh3_dlc23_chd_cha_daemonsmith_sorcerer_death_lammasu,explosion,wh3_dlc23_chd_cha_pistol_flare,wh2_dlc12_unit_contact_flammable
warhammer_3,8.1.1,ultra,wh3_dlc23_chd_cha_daemonsmith_sorcerer_fire,projectile,wh3_dlc23_chd_cha_pistol_flare,wh2_dlc12_unit_contact_flammable
warhammer_3,8.1.1,ultra,wh3_dlc23_chd_cha_daemonsmith_sorcerer_fire,explosion,wh3_dlc23_chd_cha_pistol_flare,wh2_dlc12_unit_contact_flammable
warhammer_3,8.1.1,ultra,wh3_dlc23_chd_cha_daemonsmith_sorcerer_fire_bale_taurus,projectile,wh3_dlc23_chd_cha_pistol_flare,wh2_dlc12_unit_contact_flammable
warhammer_3,8.1.1,ultra,wh3_dlc23_chd_cha_daemonsmith_sorcerer_fire_bale_taurus,explosion,wh3_dlc23_chd_cha_pistol_flare,wh2_dlc12_unit_contact_flammable
warhammer_3,8.1.1,ultra,wh3_dlc23_chd_cha_daemonsmith_sorcerer_fire_great_taurus,projectile,wh3_dlc23_chd_cha_pistol_flare,wh2_dlc12_unit_contact_flammable
warhammer_3,8.1.1,ultra,wh3_dlc23_chd_cha_daemonsmith_sorcerer_fire_great_taurus,explosion,wh3_dlc23_chd_cha_pistol_flare,wh2_dlc12_unit_contact_flammable
warhammer_3,8.1.1,ultra,wh3_dlc23_chd_cha_daemonsmith_sorcerer_fire_lammasu,projectile,wh3_dlc23_chd_cha_pistol_flare,wh2_dlc12_unit_contact_flammable
warhammer_3,8.1.1,ultra,wh3_dlc23_chd_cha_daemonsmith_sorcerer_fire_lammasu,explosion,wh3_dlc23_chd_cha_pistol_flare,wh2_dlc12_unit_contact_flammable
warhammer_3,8.1.1,ultra,wh3_dlc23_chd_cha_daemonsmith_sorcerer_hashut,projectile,wh3_dlc23_chd_cha_pistol_flare,wh2_dlc12_unit_contact_flammable
warhammer_3,8.1.1,ultra,wh3_dlc23_chd_cha_daemonsmith_sorcerer_hashut,explosion,wh3_dlc23_chd_cha_pistol_flare,wh2_dlc12_unit_contact_flammable
warhammer_3,8.1.1,ultra,wh3_dlc23_chd_cha_daemonsmith_sorcerer_hashut_bale_taurus,projectile,wh3_dlc23_chd_cha_pistol_flare,wh2_dlc12_unit_contact_flammable
warhammer_3,8.1.1,ultra,wh3_dlc23_chd_cha_daemonsmith_sorcerer_hashut_bale_taurus,explosion,wh3_dlc23_chd_cha_pistol_flare,wh2_dlc12_unit_contact_flammable
warhammer_3,8.1.1,ultra,wh3_dlc23_chd_cha_daemonsmith_sorcerer_hashut_great_taurus,projectile,wh3_dlc23_chd_cha_pistol_flare,wh2_dlc12_unit_contact_flammable
warhammer_3,8.1.1,ultra,wh3_dlc23_chd_cha_daemonsmith_sorcerer_hashut_great_taurus,explosion,wh3_dlc23_chd_cha_pistol_flare,wh2_dlc12_unit_contact_flammable
warhammer_3,8.1.1,ultra,wh3_dlc23_chd_cha_daemonsmith_sorcerer_hashut_lammasu,projectile,wh3_dlc23_chd_cha_pistol_flare,wh2_dlc12_unit_contact_flammable
warhammer_3,8.1.1,ultra,wh3_dlc23_chd_cha_daemonsmith_sorcerer_hashut_lammasu,explosion,wh3_dlc23_chd_cha_pistol_flare,wh2_dlc12_unit_contact_flammable
warhammer_3,8.1.1,ultra,wh3_dlc23_chd_cha_daemonsmith_sorcerer_metal,projectile,wh3_dlc23_chd_cha_pistol_flare,wh2_dlc12_unit_contact_flammable
warhammer_3,8.1.1,ultra,wh3_dlc23_chd_cha_daemonsmith_sorcerer_metal,explosion,wh3_dlc23_chd_cha_pistol_flare,wh2_dlc12_unit_contact_flammable
warhammer_3,8.1.1,ultra,wh3_dlc23_chd_cha_daemonsmith_sorcerer_metal_bale_taurus,projectile,wh3_dlc23_chd_cha_pistol_flare,wh2_dlc12_unit_contact_flammable
warhammer_3,8.1.1,ultra,wh3_dlc23_chd_cha_daemonsmith_sorcerer_metal_bale_taurus,explosion,wh3_dlc23_chd_cha_pistol_flare,wh2_dlc12_unit_contact_flammable
warhammer_3,8.1.1,ultra,wh3_dlc23_chd_cha_daemonsmith_sorcerer_metal_great_taurus,projectile,wh3_dlc23_chd_cha_pistol_flare,wh2_dlc12_unit_contact_flammable
warhammer_3,8.1.1,ultra,wh3_dlc23_chd_cha_daemonsmith_sorcerer_metal_great_taurus,explosion,wh3_dlc23_chd_cha_pistol_flare,wh2_dlc12_unit_contact_flammable
warhammer_3,8.1.1,ultra,wh3_dlc23_chd_cha_daemonsmith_sorcerer_metal_lammasu,projectile,wh3_dlc23_chd_cha_pistol_flare,wh2_dlc12_unit_contact_flammable
warhammer_3,8.1.1,ultra,wh3_dlc23_chd_cha_daemonsmith_sorcerer_metal_lammasu,explosion,wh3_dlc23_chd_cha_pistol_flare,wh2_dlc12_unit_contact_flammable
warhammer_3,8.1.1,ultra,wh3_dlc23_chd_cha_sorcerer_prophet_death,projectile,wh3_dlc23_chd_cha_pistol_flare,wh2_dlc12_unit_contact_flammable
warhammer_3,8.1.1,ultra,wh3_dlc23_chd_cha_sorcerer_prophet_death,explosion,wh3_dlc23_chd_cha_pistol_flare,wh2_dlc12_unit_contact_flammable
warhammer_3,8.1.1,ultra,wh3_dlc23_chd_cha_sorcerer_prophet_death_bale_taurus,projectile,wh3_dlc23_chd_cha_pistol_flare,wh2_dlc12_unit_contact_flammable
warhammer_3,8.1.1,ultra,wh3_dlc23_chd_cha_sorcerer_prophet_death_bale_taurus,explosion,wh3_dlc23_chd_cha_pistol_flare,wh2_dlc12_unit_contact_flammable
warhammer_3,8.1.1,ultra,wh3_dlc23_chd_cha_sorcerer_prophet_death_great_taurus,projectile,wh3_dlc23_chd_cha_pistol_flare,wh2_dlc12_unit_contact_flammable
warhammer_3,8.1.1,ultra,wh3_dlc23_chd_cha_sorcerer_prophet_death_great_taurus,explosion,wh3_dlc23_chd_cha_pistol_flare,wh2_dlc12_unit_contact_flammable
warhammer_3,8.1.1,ultra,wh3_dlc23_chd_cha_sorcerer_prophet_death_lammasu,projectile,wh3_dlc23_chd_cha_pistol_flare,wh2_dlc12_unit_contact_flammable
warhammer_3,8.1.1,ultra,wh3_dlc23_chd_cha_sorcerer_prophet_death_lammasu,explosion,wh3_dlc23_chd_cha_pistol_flare,wh2_dlc12_unit_contact_flammable
warhammer_3,8.1.1,ultra,wh3_dlc23_chd_cha_sorcerer_prophet_fire,projectile,wh3_dlc23_chd_cha_pistol_flare,wh2_dlc12_unit_contact_flammable
warhammer_3,8.1.1,ultra,wh3_dlc23_chd_cha_sorcerer_prophet_fire,explosion,wh3_dlc23_chd_cha_pistol_flare,wh2_dlc12_unit_contact_flammable
warhammer_3,8.1.1,ultra,wh3_dlc23_chd_cha_sorcerer_prophet_fire_bale_taurus,projectile,wh3_dlc23_chd_cha_pistol_flare,wh2_dlc12_unit_contact_flammable
warhammer_3,8.1.1,ultra,wh3_dlc23_chd_cha_sorcerer_prophet_fire_bale_taurus,explosion,wh3_dlc23_chd_cha_pistol_flare,wh2_dlc12_unit_contact_flammable
warhammer_3,8.1.1,ultra,wh3_dlc23_chd_cha_sorcerer_prophet_fire_great_taurus,projectile,wh3_dlc23_chd_cha_pistol_flare,wh2_dlc12_unit_contact_flammable
warhammer_3,8.1.1,ultra,wh3_dlc23_chd_cha_sorcerer_prophet_fire_great_taurus,explosion,wh3_dlc23_chd_cha_pistol_flare,wh2_dlc12_unit_contact_flammable
warhammer_3,8.1.1,ultra,wh3_dlc23_chd_cha_sorcerer_prophet_fire_lammasu,projectile,wh3_dlc23_chd_cha_pistol_flare,wh2_dlc12_unit_contact_flammable
warhammer_3,8.1.1,ultra,wh3_dlc23_chd_cha_sorcerer_prophet_fire_lammasu,explosion,wh3_dlc23_chd_cha_pistol_flare,wh2_dlc12_unit_contact_flammable
warhammer_3,8.1.1,ultra,wh3_dlc23_chd_cha_sorcerer_prophet_hashut,projectile,wh3_dlc23_chd_cha_pistol_flare,wh2_dlc12_unit_contact_flammable
warhammer_3,8.1.1,ultra,wh3_dlc23_chd_cha_sorcerer_prophet_hashut,explosion,wh3_dlc23_chd_cha_pistol_flare,wh2_dlc12_unit_contact_flammable
warhammer_3,8.1.1,ultra,wh3_dlc23_chd_cha_sorcerer_prophet_hashut_bale_taurus,projectile,wh3_dlc23_chd_cha_pistol_flare,wh2_dlc12_unit_contact_flammable
warhammer_3,8.1.1,ultra,wh3_dlc23_chd_cha_sorcerer_prophet_hashut_bale_taurus,explosion,wh3_dlc23_chd_cha_pistol_flare,wh2_dlc12_unit_contact_flammable
warhammer_3,8.1.1,ultra,wh3_dlc23_chd_cha_sorcerer_prophet_hashut_great_taurus,projectile,wh3_dlc23_chd_cha_pistol_flare,wh2_dlc12_unit_contact_flammable
warhammer_3,8.1.1,ultra,wh3_dlc23_chd_cha_sorcerer_prophet_hashut_great_taurus,explosion,wh3_dlc23_chd_cha_pistol_flare,wh2_dlc12_unit_contact_flammable
warhammer_3,8.1.1,ultra,wh3_dlc23_chd_cha_sorcerer_prophet_hashut_lammasu,projectile,wh3_dlc23_chd_cha_pistol_flare,wh2_dlc12_unit_contact_flammable
warhammer_3,8.1.1,ultra,wh3_dlc23_chd_cha_sorcerer_prophet_hashut_lammasu,explosion,wh3_dlc23_chd_cha_pistol_flare,wh2_dlc12_unit_contact_flammable
warhammer_3,8.1.1,ultra,wh3_dlc23_chd_cha_sorcerer_prophet_metal,projectile,wh3_dlc23_chd_cha_pistol_flare,wh2_dlc12_unit_contact_flammable
warhammer_3,8.1.1,ultra,wh3_dlc23_chd_cha_sorcerer_prophet_metal,explosion,wh3_dlc23_chd_cha_pistol_flare,wh2_dlc12_unit_contact_flammable
warhammer_3,8.1.1,ultra,wh3_dlc23_chd_cha_sorcerer_prophet_metal_bale_taurus,projectile,wh3_dlc23_chd_cha_pistol_flare,wh2_dlc12_unit_contact_flammable
warhammer_3,8.1.1,ultra,wh3_dlc23_chd_cha_sorcerer_prophet_metal_bale_taurus,explosion,wh3_dlc23_chd_cha_pistol_flare,wh2_dlc12_unit_contact_flammable
warhammer_3,8.1.1,ultra,wh3_dlc23_chd_cha_sorcerer_prophet_metal_great_taurus,projectile,wh3_dlc23_chd_cha_pistol_flare,wh2_dlc12_unit_contact_flammable
warhammer_3,8.1.1,ultra,wh3_dlc23_chd_cha_sorcerer_prophet_metal_great_taurus,explosion,wh3_dlc23_chd_cha_pistol_flare,wh2_dlc12_unit_contact_flammable
warhammer_3,8.1.1,ultra,wh3_dlc23_chd_cha_sorcerer_prophet_metal_lammasu,projectile,wh3_dlc23_chd_cha_pistol_flare,wh2_dlc12_unit_contact_flammable
warhammer_3,8.1.1,ultra,wh3_dlc23_chd_cha_sorcerer_prophet_metal_lammasu,explosion,wh3_dlc23_chd_cha_pistol_flare,wh2_dlc12_unit_contact_flammable
warhammer_3,8.1.1,ultra,wh3_dlc23_chd_inf_chaos_dwarf_blunderbusses_ror,projectile,wh3_dlc23_chd_blunderbuss_bullet_ror,wh2_dlc12_unit_contact_suppressive_fire
warhammer_3,8.1.1,ultra,wh3_dlc23_chd_inf_hobgoblin_sneaky_gits,melee,wh3_dlc23_chd_hobgoblin_dual_sword,wh_main_unit_contact_poison
warhammer_3,8.1.1,ultra,wh3_dlc23_chd_inf_hobgoblin_sneaky_gits,projectile,wh3_dlc23_chd_hobgoblin_throwing_knife,wh_main_unit_contact_poison
warhammer_3,8.1.1,ultra,wh3_dlc23_chd_veh_dreadquake_mortar,projectile,wh3_dlc23_chd_dreadquake_mortar_shell,wh2_dlc11_unit_contact_monstrous_impact
warhammer_3,8.1.1,ultra,wh3_dlc23_chd_veh_dreadquake_mortar,explosion,wh3_dlc23_chd_dreadquake_mortar_explosion,wh2_dlc11_unit_contact_monstrous_impact
warhammer_3,8.1.1,ultra,wh3_dlc23_chd_veh_iron_daemon,projectile,wh3_dlc23_chd_iron_daemon_cannonade,wh2_dlc12_unit_contact_suppressive_fire
warhammer_3,8.1.1,ultra,wh3_dlc23_chd_veh_iron_daemon_1dreadquake,projectile,wh3_dlc23_chd_dreadquake_mortar_shell,wh2_dlc11_unit_contact_monstrous_impact
warhammer_3,8.1.1,ultra,wh3_dlc23_chd_veh_iron_daemon_1dreadquake,explosion,wh3_dlc23_chd_dreadquake_mortar_explosion,wh2_dlc11_unit_contact_monstrous_impact
warhammer_3,8.1.1,ultra,wh3_dlc23_chd_veh_iron_daemon_1dreadquake,projectile,wh3_dlc23_chd_iron_daemon_cannonade,wh2_dlc12_unit_contact_suppressive_fire
warhammer_3,8.1.1,ultra,wh3_dlc23_chd_veh_iron_daemon_ror,projectile,wh3_dlc23_chd_iron_daemon_flame_cannon,wh_main_unit_contact_morale
warhammer_3,8.1.1,ultra,wh3_dlc23_chd_veh_iron_daemon_ror_1dreadquake,projectile,wh3_dlc23_chd_dreadquake_mortar_shell,wh2_dlc11_unit_contact_monstrous_impact
warhammer_3,8.1.1,ultra,wh3_dlc23_chd_veh_iron_daemon_ror_1dreadquake,explosion,wh3_dlc23_chd_dreadquake_mortar_explosion,wh2_dlc11_unit_contact_monstrous_impact
warhammer_3,8.1.1,ultra,wh3_dlc23_chd_veh_iron_daemon_ror_1dreadquake,projectile,wh3_dlc23_chd_iron_daemon_flame_cannon,wh_main_unit_contact_morale
warhammer_3,8.1.1,ultra,wh3_dlc23_chd_veh_magma_cannon,projectile,wh3_dlc23_chd_magma_cannon_ball,wh_main_unit_contact_morale
warhammer_3,8.1.1,ultra,wh3_dlc23_chd_veh_magma_cannon,explosion,wh3_dlc23_chd_magma_cannon_explosion,wh_main_unit_contact_morale
warhammer_3,8.1.1,ultra,wh3_dlc23_chd_veh_skullcracker_1dreadquake,projectile,wh3_dlc23_chd_dreadquake_mortar_shell,wh2_dlc11_unit_contact_monstrous_impact
warhammer_3,8.1.1,ultra,wh3_dlc23_chd_veh_skullcracker_1dreadquake,explosion,wh3_dlc23_chd_dreadquake_mortar_explosion,wh2_dlc11_unit_contact_monstrous_impact
warhammer_3,8.1.1,ultra,wh_dlc08_nor_art_hellcannon_battery,explosion,wh_dlc08_nor_hellcannon_ice,wh_main_unit_contact_overhead_morale
warhammer_3,8.1.1,ultra,wh_main_chs_art_hellcannon,explosion,wh_main_chs_hellcannon,wh_main_unit_contact_overhead_morale
warhammer_3,8.1.1,ultra,wh_pro04_chs_art_hellcannon_ror_0,explosion,wh_pro04_chs_hellcannon_ror,wh_main_unit_contact_overhead_morale
warhammer_3,8.1.1,ultra,wh3_dlc20_chs_inf_chaos_marauders_mnur,melee,wh3_dlc20_chs_marauders_mnur_axe,wh_main_unit_contact_poison
warhammer_3,8.1.1,ultra,wh3_dlc20_chs_inf_chaos_warriors_mnur_greatweapons,melee,wh3_dlc20_chs_warriors_mnur_great_axe,wh_main_unit_contact_poison
warhammer_3,8.1.1,ultra,wh3_dlc20_chs_inf_chaos_warriors_msla_hellscourges,melee,wh3_dlc20_chs_warriors_hellscourge_whip,wh_main_unit_contact_poison
warhammer_3,8.1.1,ultra,wh3_dlc20_chs_mon_warshrine_mnur,melee,wh3_dlc20_chs_mon_warshrine_mnur,wh_main_unit_contact_poison
warhammer_3,8.1.1,ultra,wh3_dlc20_chs_mon_warshrine_msla,melee,wh3_dlc20_chs_mon_warshrine_msla,wh3_main_unit_contact_soporific_musk
warhammer_3,8.1.1,ultra,wh3_dlc24_tze_mon_cockatrice,melee,wh3_dlc21_tze_cockatrice,wh_main_unit_contact_poison
warhammer_3,8.1.1,ultra,wh3_dlc24_tze_mon_flamers_changebringers,melee,wh3_main_tze_flamers_flame,wh3_main_unit_contact_warpflame
warhammer_3,8.1.1,ultra,wh3_dlc24_tze_mon_flamers_changebringers,projectile,wh3_main_tze_flamer_flame,wh3_main_unit_contact_warpflame
warhammer_3,8.1.1,ultra,wh3_dlc25_nur_cav_plague_drones_1_ror,melee,wh3_dlc25_nur_plague_drone_stinger_ror,wh_main_unit_contact_poison
warhammer_3,8.1.1,ultra,wh3_dlc25_nur_cav_plague_drones_1_ror,projectile,wh3_nur_plague_drones_deaths_head_ror,wh_main_unit_contact_poison
warhammer_3,8.1.1,ultra,wh3_dlc25_nur_cav_rot_knights,melee,wh3_dlc25_nur_rot_knight,wh_main_unit_contact_poison
warhammer_3,8.1.1,ultra,wh3_dlc25_nur_cav_rot_knights_ror,melee,wh3_dlc25_nur_rot_knight_ror,wh_main_unit_contact_poison
warhammer_3,8.1.1,ultra,wh3_dlc25_nur_cha_epidemius,melee,wh3_dlc25_nur_cha_epidmius_sword,wh_main_unit_contact_poison
warhammer_3,8.1.1,ultra,wh3_dlc25_nur_cha_kayzk_the_befouled,melee,wh3_dlc25_cha_kayzk_the_befouled_greatsword,wh_main_unit_contact_poison
warhammer_3,8.1.1,ultra,wh3_dlc25_nur_cha_tamurkhan,melee,wh3_dlc25_cha_tamurkhan_greataxe,wh_main_unit_contact_poison
warhammer_3,8.1.1,ultra,wh3_dlc25_nur_cha_tamurkhan_bubebolos,melee,wh3_dlc25_nur_mon_toad_dragon_bubebolos,wh_main_unit_contact_poison
warhammer_3,8.1.1,ultra,wh3_dlc25_nur_inf_pestigors,melee,wh3_dlc25_nur_pestigor_great_axe,wh_main_unit_contact_poison
warhammer_3,8.1.1,ultra,wh3_dlc25_nur_inf_plague_ogres,melee,wh3_dlc25_nur_plague_ogres,wh_main_unit_contact_poison
warhammer_3,8.1.1,ultra,wh3_dlc25_nur_inf_plague_ogres_great_weapons,melee,wh3_dlc25_nur_plague_ogres_great_weapon,wh_main_unit_contact_poison
warhammer_3,8.1.1,ultra,wh3_dlc25_nur_mon_bile_trolls,melee,wh3_dlc25_nur_bile_trolls_club,wh3_dlc26_unit_abilities_acid_vomit_debuff
warhammer_3,8.1.1,ultra,wh3_dlc25_nur_mon_soul_grinder_0_ror,melee,wh3_dlc25_nurgle_soul_grinder_ror,wh3_dlc25_unit_contact_erosion
warhammer_3,8.1.1,ultra,wh3_dlc25_nur_mon_soul_grinder_0_ror,projectile,wh3_dlc25_nur_soul_grinder_bombard_ror,wh3_dlc25_unit_contact_erosion
warhammer_3,8.1.1,ultra,wh3_dlc25_nur_mon_soul_grinder_0_ror,explosion,wh3_dlc25_nur_soulgrinder_bombard_explosion_ror,wh3_dlc25_unit_contact_erosion
warhammer_3,8.1.1,ultra,wh3_dlc25_nur_mon_toad_dragon,melee,wh3_dlc25_nur_mon_toad_dragon,wh_main_unit_contact_poison
warhammer_3,8.1.1,ultra,wh3_dlc26_chs_inf_chosen_mkho_ror,melee,wh3_dlc26_chs_inf_chosen_mkho_ror,wh2_dlc12_unit_contact_flammable
warhammer_3,8.1.1,ultra,wh3_dlc26_kho_inf_wrathmongers_ror,melee,wh3_dlc26_kho_inf_wrathmongers_ror,wh_dlc06_unit_contact_sundered_armour
warhammer_3,8.1.1,ultra,wh3_dlc27_nor_cav_chaos_chariot_ror,melee,wh3_dlc27_nor_cav_chaos_chariot_ror,wh3_main_unit_contact_warpflame
warhammer_3,8.1.1,ultra,wh3_dlc27_nor_inf_chaos_marauders_great_weapons_ror,melee,wh3_dlc27_nor_inf_chaos_marauders_great_weapons_ror,wh_main_unit_contact_poison
warhammer_3,8.1.1,ultra,wh3_dlc27_sla_cav_pleasureseekers,melee,wh3_dlc27_sla_pleasureseekers,wh_main_unit_contact_poison
warhammer_3,8.1.1,ultra,wh3_dlc27_sla_veh_seeker_chariot_ror,melee,wh3_dlc27_sla_heartseekers_claws_ror,wh2_dlc11_unit_contact_charmed
warhammer_3,8.1.1,ultra,wh3_main_nur_cav_plague_drones_0,melee,wh3_main_nur_plague_drone_stinger,wh_main_unit_contact_poison
warhammer_3,8.1.1,ultra,wh3_main_nur_cav_plague_drones_1,melee,wh3_main_nur_plague_drone_stinger,wh_main_unit_contact_poison
warhammer_3,8.1.1,ultra,wh3_main_nur_cav_plague_drones_1,projectile,wh3_nur_plague_drones_deaths_head,wh_main_unit_contact_poison
warhammer_3,8.1.1,ultra,wh3_main_nur_cav_pox_riders_of_nurgle_0,melee,wh3_main_nur_pox_rider_maw,wh_main_unit_contact_poison
warhammer_3,8.1.1,ultra,wh3_main_nur_cha_cultist_0,melee,wh3_main_nur_cultist_club,wh_dlc06_unit_contact_sundered_armour
warhammer_3,8.1.1,ultra,wh3_main_nur_cha_cultist_1,melee,wh3_main_nur_cultist_club,wh_dlc06_unit_contact_sundered_armour
warhammer_3,8.1.1,ultra,wh3_main_nur_cha_exalted_great_unclean_one_death_0,melee,wh3_main_exalted_great_unclean_one,wh_main_unit_contact_poison
warhammer_3,8.1.1,ultra,wh3_main_nur_cha_exalted_great_unclean_one_nurgle_0,melee,wh3_main_exalted_great_unclean_one,wh_main_unit_contact_poison
warhammer_3,8.1.1,ultra,wh3_main_nur_cha_herald_of_nurgle_death_0,melee,wh3_main_nur_sword_herald_of_nurgle,wh_main_unit_contact_poison
warhammer_3,8.1.1,ultra,wh3_main_nur_cha_herald_of_nurgle_death_1,melee,wh3_main_nur_sword_herald_of_nurgle,wh_main_unit_contact_poison
warhammer_3,8.1.1,ultra,wh3_main_nur_cha_herald_of_nurgle_death_2,melee,wh3_main_nur_rotfly_herald_of_nurgle,wh_main_unit_contact_poison
warhammer_3,8.1.1,ultra,wh3_main_nur_cha_herald_of_nurgle_nurgle_0,melee,wh3_main_nur_sword_herald_of_nurgle,wh_main_unit_contact_poison
warhammer_3,8.1.1,ultra,wh3_main_nur_cha_herald_of_nurgle_nurgle_1,melee,wh3_main_nur_sword_herald_of_nurgle,wh_main_unit_contact_poison
warhammer_3,8.1.1,ultra,wh3_main_nur_cha_herald_of_nurgle_nurgle_2,melee,wh3_main_nur_rotfly_herald_of_nurgle,wh_main_unit_contact_poison
warhammer_3,8.1.1,ultra,wh3_main_nur_cha_ku_gath_plaguefather_0,melee,wh3_main_ku_gath_plaguefather,wh_main_unit_contact_poison
warhammer_3,8.1.1,ultra,wh3_main_nur_cha_ku_gath_plaguefather_0,projectile,wh3_main_nur_kugath_infested_nurgling,wh_main_unit_contact_poison
warhammer_3,8.1.1,ultra,wh3_main_nur_cha_ku_gath_plaguefather_0,explosion,wh3_main_nur_kugath_infested_nurgling_explosion,wh_main_unit_contact_poison
warhammer_3,8.1.1,ultra,wh3_main_nur_cha_ku_gath_plaguefather_0,projectile,wh3_main_nur_kugath_necrotic_nurglings,wh_main_unit_contact_poison
warhammer_3,8.1.1,ultra,wh3_main_nur_cha_plagueridden_death_0,melee,wh3_main_nur_sword_plagueridden,wh_main_unit_contact_poison
warhammer_3,8.1.1,ultra,wh3_main_nur_cha_plagueridden_death_1,melee,wh3_main_nur_sword_plagueridden,wh_main_unit_contact_poison
warhammer_3,8.1.1,ultra,wh3_main_nur_cha_plagueridden_death_2,melee,wh3_main_nur_rotfly_plagueridden,wh_main_unit_contact_poison
warhammer_3,8.1.1,ultra,wh3_main_nur_cha_plagueridden_nurgle_0,melee,wh3_main_nur_sword_plagueridden,wh_main_unit_contact_poison
warhammer_3,8.1.1,ultra,wh3_main_nur_cha_plagueridden_nurgle_1,melee,wh3_main_nur_sword_plagueridden,wh_main_unit_contact_poison
warhammer_3,8.1.1,ultra,wh3_main_nur_cha_plagueridden_nurgle_2,melee,wh3_main_nur_rotfly_plagueridden,wh_main_unit_contact_poison
warhammer_3,8.1.1,ultra,wh3_main_nur_inf_chaos_furies_0,melee,wh3_main_nur_furies_claws,wh_main_unit_contact_poison
warhammer_3,8.1.1,ultra,wh3_main_nur_inf_forsaken_0,melee,wh3_main_nur_forsaken,wh_main_unit_contact_poison
warhammer_3,8.1.1,ultra,wh3_main_nur_inf_nurglings_0,melee,wh3_main_nur_nurglings,wh_main_unit_contact_poison
warhammer_3,8.1.1,ultra,wh3_main_nur_inf_plaguebearers_0,melee,wh3_main_nur_plaguesword,wh_main_unit_contact_poison
warhammer_3,8.1.1,ultra,wh3_main_nur_inf_plaguebearers_1,melee,wh3_main_nur_plaguesword_exalted,wh_main_unit_contact_poison
warhammer_3,8.1.1,ultra,wh3_main_nur_inf_plaguebearers_1,projectile,wh3_nur_plaguebearers_deaths_head,wh_main_unit_contact_poison
warhammer_3,8.1.1,ultra,wh3_main_nur_mon_beast_of_nurgle_0,melee,wh3_main_nur_beast_of_nurgle,wh_main_unit_contact_poison
warhammer_3,8.1.1,ultra,wh3_main_nur_mon_great_unclean_one_0,melee,wh3_main_great_unclean_one,wh_main_unit_contact_poison
warhammer_3,8.1.1,ultra,wh3_main_nur_mon_plague_toads_0,melee,wh3_main_nur_plague_toad_maw,wh_main_unit_contact_poison
warhammer_3,8.1.1,ultra,wh3_main_nur_mon_rot_flies_0,melee,wh3_main_nur_rot_fly_stinger,wh_main_unit_contact_poison
warhammer_3,8.1.1,ultra,wh3_main_nur_mon_soul_grinder_0,melee,wh3_main_nurgle_soul_grinder,wh_main_unit_contact_poison
warhammer_3,8.1.1,ultra,wh3_main_nur_mon_soul_grinder_0,projectile,wh3_main_nur_soul_grinder_bombard,wh_main_unit_contact_poison
warhammer_3,8.1.1,ultra,wh3_main_nur_mon_soul_grinder_0,explosion,wh3_main_nur_soulgrinder_bombard_explosion,wh_main_unit_contact_poison
warhammer_3,8.1.1,ultra,wh3_main_nur_mon_spawn_of_nurgle_0,melee,wh3_main_nur_claws_chaos_spawn,wh_main_unit_contact_poison
warhammer_3,8.1.1,ultra,wh3_main_sla_cav_heartseekers_of_slaanesh_0,melee,wh3_main_sla_heartseekers_claws,wh_main_unit_contact_poison
warhammer_3,8.1.1,ultra,wh3_main_sla_cav_hellstriders_0,melee,wh3_main_sla_hellstriders_spear_claw,wh_main_unit_contact_poison
warhammer_3,8.1.1,ultra,wh3_main_sla_cav_hellstriders_1,melee,wh3_main_sla_hellstriders_hellscourge_whip,wh_main_unit_contact_poison
warhammer_3,8.1.1,ultra,wh3_main_sla_cav_seekers_of_slaanesh_0,melee,wh3_main_sla_seekers_claws,wh_main_unit_contact_poison
warhammer_3,8.1.1,ultra,wh3_main_sla_cha_alluress_shadow_1,melee,wh3_main_sla_cha_alluress_steed_claw,wh_main_unit_contact_poison
warhammer_3,8.1.1,ultra,wh3_main_sla_cha_alluress_shadow_2,melee,wh3_main_sla_seeker_chariot_alluress,wh_main_unit_contact_poison
warhammer_3,8.1.1,ultra,wh3_main_sla_cha_alluress_shadow_3,melee,wh3_main_sla_exalted_seeker_chariot_alluress,wh_main_unit_contact_poison
warhammer_3,8.1.1,ultra,wh3_main_sla_cha_alluress_slaanesh_1,melee,wh3_main_sla_cha_alluress_steed_claw,wh_main_unit_contact_poison
warhammer_3,8.1.1,ultra,wh3_main_sla_cha_alluress_slaanesh_2,melee,wh3_main_sla_seeker_chariot_alluress,wh_main_unit_contact_poison
warhammer_3,8.1.1,ultra,wh3_main_sla_cha_alluress_slaanesh_3,melee,wh3_main_sla_exalted_seeker_chariot_alluress,wh_main_unit_contact_poison
warhammer_3,8.1.1,ultra,wh3_main_sla_cha_herald_of_slaanesh_shadow_1,melee,wh3_main_sla_cha_herald_of_slaanesh_steed_claw,wh_main_unit_contact_poison
warhammer_3,8.1.1,ultra,wh3_main_sla_cha_herald_of_slaanesh_shadow_2,melee,wh3_main_sla_seeker_chariot_herald,wh_main_unit_contact_poison
warhammer_3,8.1.1,ultra,wh3_main_sla_cha_herald_of_slaanesh_shadow_3,melee,wh3_main_sla_exalted_seeker_chariot_herald,wh_main_unit_contact_poison
warhammer_3,8.1.1,ultra,wh3_main_sla_cha_herald_of_slaanesh_slaanesh_1,melee,wh3_main_sla_cha_herald_of_slaanesh_steed_claw,wh_main_unit_contact_poison
warhammer_3,8.1.1,ultra,wh3_main_sla_cha_herald_of_slaanesh_slaanesh_2,melee,wh3_main_sla_seeker_chariot_herald,wh_main_unit_contact_poison
warhammer_3,8.1.1,ultra,wh3_main_sla_cha_herald_of_slaanesh_slaanesh_3,melee,wh3_main_sla_exalted_seeker_chariot_herald,wh_main_unit_contact_poison
warhammer_3,8.1.1,ultra,wh3_main_sla_inf_daemonette_1,melee,wh3_main_sla_daemonette_exalted_claws,wh2_dlc11_unit_contact_charmed
warhammer_3,8.1.1,ultra,wh3_main_sla_inf_marauders_2,melee,wh3_main_sla_marauders_hellscourge_whip,wh_main_unit_contact_poison
warhammer_3,8.1.1,ultra,wh3_main_sla_mon_fiends_of_slaanesh_0,melee,wh3_main_sla_tongue_fiends,wh3_main_unit_contact_soporific_musk
warhammer_3,8.1.1,ultra,wh3_main_sla_mon_soul_grinder_0,melee,wh3_main_sla_soul_grinder,wh3_main_unit_contact_soporific_musk
warhammer_3,8.1.1,ultra,wh3_main_sla_mon_spawn_of_slaanesh_0,melee,wh3_main_sla_claws_chaos_spawn,wh3_main_unit_contact_soporific_musk
warhammer_3,8.1.1,ultra,wh3_main_sla_veh_exalted_seeker_chariot_0,melee,wh3_main_sla_exalted_seeker_chariot,wh_main_unit_contact_poison
warhammer_3,8.1.1,ultra,wh3_main_sla_veh_hellflayer_0,melee,wh3_main_sla_hellflayer,wh_main_unit_contact_poison
warhammer_3,8.1.1,ultra,wh3_main_sla_veh_seeker_chariot_0,melee,wh3_main_sla_seeker_chariot,wh_main_unit_contact_poison
warhammer_3,8.1.1,ultra,wh3_main_tze_cha_herald_of_tzeentch_metal_0,projectile,wh3_main_tze_herald_fire_bolt_improved,wh3_main_unit_contact_warpflame
warhammer_3,8.1.1,ultra,wh3_main_tze_cha_herald_of_tzeentch_metal_1,projectile,wh3_main_tze_herald_fire_bolt_improved,wh3_main_unit_contact_warpflame
warhammer_3,8.1.1,ultra,wh3_main_tze_cha_herald_of_tzeentch_metal_2,melee,wh3_main_tze_burning_chariot_iridescent_horror,wh3_main_unit_contact_warpflame
warhammer_3,8.1.1,ultra,wh3_main_tze_cha_herald_of_tzeentch_metal_2,projectile,wh3_main_tze_herald_fire_bolt_improved,wh3_main_unit_contact_warpflame
warhammer_3,8.1.1,ultra,wh3_main_tze_cha_herald_of_tzeentch_tzeentch_0,projectile,wh3_main_tze_herald_fire_bolt_improved,wh3_main_unit_contact_warpflame
warhammer_3,8.1.1,ultra,wh3_main_tze_cha_herald_of_tzeentch_tzeentch_1,projectile,wh3_main_tze_herald_fire_bolt_improved,wh3_main_unit_contact_warpflame
warhammer_3,8.1.1,ultra,wh3_main_tze_cha_herald_of_tzeentch_tzeentch_2,melee,wh3_main_tze_burning_chariot_iridescent_horror,wh3_main_unit_contact_warpflame
warhammer_3,8.1.1,ultra,wh3_main_tze_cha_herald_of_tzeentch_tzeentch_2,projectile,wh3_main_tze_herald_fire_bolt_improved,wh3_main_unit_contact_warpflame
warhammer_3,8.1.1,ultra,wh3_main_tze_cha_iridescent_horror_metal_2,melee,wh3_main_tze_burning_chariot_iridescent_horror,wh3_main_unit_contact_warpflame
warhammer_3,8.1.1,ultra,wh3_main_tze_cha_iridescent_horror_tzeentch_2,melee,wh3_main_tze_burning_chariot_iridescent_horror,wh3_main_unit_contact_warpflame
warhammer_3,8.1.1,ultra,wh3_main_tze_mon_exalted_flamers_0,melee,wh3_main_tze_exalted_flamer_flame,wh3_main_unit_contact_warpflame
warhammer_3,8.1.1,ultra,wh3_main_tze_mon_exalted_flamers_0,projectile,wh3_main_tze_exalted_flamer_warpflame,wh3_main_unit_contact_warpflame
warhammer_3,8.1.1,ultra,wh3_main_tze_mon_exalted_flamers_0,explosion,wh3_main_tze_exalted_flamer_flame_explosion,wh3_main_unit_contact_warpflame
warhammer_3,8.1.1,ultra,wh3_main_tze_mon_flamers_0,melee,wh3_main_tze_flamers_flame,wh3_main_unit_contact_warpflame
warhammer_3,8.1.1,ultra,wh3_main_tze_mon_flamers_0,projectile,wh3_main_tze_flamer_flame,wh3_main_unit_contact_warpflame
warhammer_3,8.1.1,ultra,wh3_main_tze_mon_spawn_of_tzeentch_0,melee,wh3_main_tze_claws_chaos_spawn,wh_dlc06_unit_contact_sundered_armour
warhammer_3,8.1.1,ultra,wh3_main_tze_veh_burning_chariot_0,melee,wh3_main_tze_burning_chariot_exalted_flamer,wh3_main_unit_contact_warpflame
warhammer_3,8.1.1,ultra,wh3_main_tze_veh_burning_chariot_0,projectile,wh3_main_tze_burning_chariot_exalted_flamer_warpflame,wh3_main_unit_contact_warpflame
warhammer_3,8.1.1,ultra,wh3_main_tze_veh_burning_chariot_0,explosion,wh3_main_tze_exalted_flamer_flame_explosion,wh3_main_unit_contact_warpflame
warhammer_3,8.1.1,ultra,wh3_twa06_nur_inf_plaguebearers_ror_0,melee,wh3_main_nur_plaguesword_exalted,wh_main_unit_contact_poison
warhammer_3,8.1.1,ultra,wh3_twa06_nur_inf_plaguebearers_ror_0,projectile,wh3_nur_plaguebearers_deaths_head,wh_main_unit_contact_poison
warhammer_3,8.1.1,ultra,wh3_twa06_sla_inf_daemonette_ror_0,melee,wh3_twa06_sla_daemonette_exalted_claws_ror,wh2_dlc11_unit_contact_charmed
warhammer_3,8.1.1,ultra,wh3_twa06_tze_inf_pink_horrors_ror_0,projectile,wh3_twa06_tze_pink_exalted_horror_fire_bolt_ror,wh3_main_unit_contact_warpflame
warhammer_3,8.1.1,ultra,wh3_twa07_nur_cav_pox_riders_of_nurgle_ror_0,melee,wh3_main_nur_pox_rider_maw,wh_main_unit_contact_poison
warhammer_3,8.1.1,ultra,wh3_twa07_sla_cav_heartseekers_of_slaanesh_ror_0,melee,wh3_main_sla_heartseekers_claws,wh_main_unit_contact_poison
warhammer_3,8.1.1,ultra,wh3_twa08_nur_mon_great_unclean_one_0_ror,melee,wh3_main_great_unclean_one,wh_main_unit_contact_poison
warhammer_3,8.1.1,ultra,wh3_twa10_kho_inf_flesh_hounds_of_khorne_ror,melee,wh3_twa10_kho_flesh_hounds_ror,wh2_pro08_unit_contact_dampen
warhammer_3,8.1.1,ultra,wh3_twa10_nur_inf_nurglings_ror,melee,wh3_main_nur_nurglings,wh_main_unit_contact_poison
warhammer_3,8.1.1,ultra,wh3_twa10_sla_inf_marauders_spears_ror,melee,wh3_twa10_sla_marauders_ror_spear_claw,wh3_main_unit_contact_soporific_musk
warhammer_3,8.1.1,ultra,wh_main_chs_mon_chaos_warhounds_1,melee,wh_main_chs_warhound_poison,wh_main_unit_contact_poison
warhammer_3,8.1.1,ultra,wh2_dlc10_def_cav_doomfire_warlocks_0,melee,wh2_dlc10_def_warlock_sword,wh_main_unit_contact_poison
warhammer_3,8.1.1,ultra,wh2_dlc10_def_cav_slaanesh_harvesters_ror_0,melee,wh2_dlc10_def_warlock_sword,wh_main_unit_contact_poison
warhammer_3,8.1.1,ultra,wh2_dlc10_def_cha_crone_0,melee,wh2_dlc10_def_crone_dual_swords,wh_main_unit_contact_poison
warhammer_3,8.1.1,ultra,wh2_dlc10_def_inf_sisters_of_slaughter,melee,wh2_dlc10_def_sisters_of_slaughter_whip,wh_main_unit_contact_poison
warhammer_3,8.1.1,ultra,wh2_dlc10_def_inf_sisters_of_the_singing_doom_ror_0,melee,wh2_main_def_dual_swords_witch_elves,wh_main_unit_contact_poison
warhammer_3,8.1.1,ultra,wh2_dlc10_def_inf_the_bolt_fiends_ror_0,projectile,wh2_main_def_crossbow_bolt_ror_0,wh2_dlc09_unit_contact_shieldbreaker
warhammer_3,8.1.1,ultra,wh2_dlc10_def_inf_the_hellebronai_ror_0,melee,wh2_main_def_spear_ror,wh_main_unit_contact_poison
warhammer_3,8.1.1,ultra,wh2_dlc10_def_mon_chill_of_sontar_ror_0,melee,wh2_dlc10_def_war_hydra_ror_0,wh_dlc08_unit_contact_frostbite
warhammer_3,8.1.1,ultra,wh2_dlc10_def_mon_kharibdyss_0,melee,wh2_dlc10_def_kharibdyss,wh_main_unit_contact_poison
warhammer_3,8.1.1,ultra,wh2_dlc14_def_cav_scourgerunner_chariot_0,projectile,wh2_twa03_def_harpoon_scourgerunner_chariot_suppressing,wh2_dlc12_unit_contact_suppressive_fire
warhammer_3,8.1.1,ultra,wh2_dlc14_def_cav_scourgerunner_chariot_ror_0,projectile,wh2_dlc14_def_harpoon_scourgerunner_chariot_ror,wh_main_unit_contact_poison
warhammer_3,8.1.1,ultra,wh2_main_def_art_reaper_bolt_thrower,projectile,wh2_twa03_def_reaper_bolt_thrower_bolt_suppressing,wh2_dlc12_unit_contact_suppressive_fire
warhammer_3,8.1.1,ultra,wh2_main_def_art_reaper_bolt_thrower,projectile,wh2_twa03_def_reaper_bolt_thrower_bolt_spread_suppressing,wh2_dlc12_unit_contact_suppressive_fire
warhammer_3,8.1.1,ultra,wh2_main_def_cha_death_hag_0,melee,wh2_main_def_death_hag,wh_main_unit_contact_poison
warhammer_3,8.1.1,ultra,wh2_main_def_cha_khainite_assassin_0,melee,wh2_main_def_khainite_assassin,wh_main_unit_contact_poison
warhammer_3,8.1.1,ultra,wh2_main_def_cha_khainite_assassin_0,projectile,wh2_main_def_handbow_bolt_khainite_assassin,wh_main_unit_contact_poison
warhammer_3,8.1.1,ultra,wh2_main_def_inf_witch_elves_0,melee,wh2_main_def_dual_swords_witch_elves,wh_main_unit_contact_poison
warhammer_3,8.1.1,ultra,wh3_dlc25_dwf_art_goblin_hewer,projectile,wh3_dlc25_dwf_goblin_hewer_axe_flaming,wh_main_unit_contact_morale
warhammer_3,8.1.1,ultra,wh3_dlc25_dwf_art_goblin_hewer,explosion,wh2_dlc17_dwf_rune_of_burning_organ_gun,wh_main_unit_contact_morale
warhammer_3,8.1.1,ultra,wh3_dlc25_dwf_art_grudge_thrower_grudge_reward,projectile,wh3_dlc25_dwf_grudge_stone_shrapnel_stage_1,wh2_dlc11_unit_contact_monstrous_impact
warhammer_3,8.1.1,ultra,wh3_dlc25_dwf_veh_thunderbarge,projectile,wh3_dlc25_dwf_thunderbarge_cannon_flaming,wh_main_unit_contact_morale
warhammer_3,8.1.1,ultra,wh3_dlc25_dwf_veh_thunderbarge,explosion,wh3_dlc25_dwf_flamecannon_explosion_shrapnel_stage_2,wh_main_unit_contact_morale
warhammer_3,8.1.1,ultra,wh3_dlc25_dwf_veh_thunderbarge_grungni,projectile,wh3_dlc25_dwf_thunderbarge_cannon_flaming,wh_main_unit_contact_morale
warhammer_3,8.1.1,ultra,wh3_dlc25_dwf_veh_thunderbarge_grungni,explosion,wh3_dlc25_dwf_flamecannon_explosion_shrapnel_stage_2,wh_main_unit_contact_morale
warhammer_3,8.1.1,ultra,wh_dlc06_dwf_art_bolt_thrower_0,projectile,wh_dwf_bolt_thrower_bolt_flaming,wh_main_unit_contact_morale
warhammer_3,8.1.1,ultra,wh_dlc06_dwf_art_bolt_thrower_0,explosion,wh2_dlc17_dwf_rune_of_burning_generic,wh_main_unit_contact_morale
warhammer_3,8.1.1,ultra,wh_main_dwf_art_cannon,explosion,wh3_dlc25_dwf_explosive_cannon_ball,wh_main_unit_contact_morale
warhammer_3,8.1.1,ultra,wh_main_dwf_art_cannon,projectile,wh_dwf_cannon_ball_flaming,wh_main_unit_contact_morale
warhammer_3,8.1.1,ultra,wh_main_dwf_art_cannon,explosion,wh2_dlc17_dwf_rune_of_burning_generic,wh_main_unit_contact_morale
warhammer_3,8.1.1,ultra,wh_main_dwf_art_flame_cannon,projectile,wh_dwf_flame_cannon_flaming,wh_main_unit_contact_morale
warhammer_3,8.1.1,ultra,wh_main_dwf_art_flame_cannon,explosion,wh2_dlc17_dwf_rune_of_burning_flame_cannon,wh_main_unit_contact_morale
warhammer_3,8.1.1,ultra,wh_main_dwf_art_flame_cannon,projectile,wh_dwf_flame_cannon_flame_penetrating,wh_main_unit_contact_morale
warhammer_3,8.1.1,ultra,wh_main_dwf_art_flame_cannon,explosion,wh_main_dwf_flamecannon_explosion,wh_main_unit_contact_morale
warhammer_3,8.1.1,ultra,wh_main_dwf_art_flame_cannon,projectile,wh3_dlc25_flame_cannon_flame_shrapnel_stage_1,wh_main_unit_contact_morale
warhammer_3,8.1.1,ultra,wh_main_dwf_art_flame_cannon,explosion,wh3_dlc25_dwf_flamecannon_explosion_shrapnel,wh_main_unit_contact_morale
warhammer_3,8.1.1,ultra,wh_main_dwf_art_flame_cannon,projectile,wh_dwf_flame_cannon_flame_seeking,wh_main_unit_contact_morale
warhammer_3,8.1.1,ultra,wh_main_dwf_art_flame_cannon,projectile,wh_dwf_flame_cannon_flame,wh_main_unit_contact_morale
warhammer_3,8.1.1,ultra,wh_main_dwf_art_flame_cannon_grudge_reward,projectile,wh3_dlc25_flame_cannon_flame_shrapnel_stage_1,wh_main_unit_contact_morale
warhammer_3,8.1.1,ultra,wh_main_dwf_art_flame_cannon_grudge_reward,explosion,wh3_dlc25_dwf_flamecannon_explosion_shrapnel,wh_main_unit_contact_morale
warhammer_3,8.1.1,ultra,wh_main_dwf_art_grudge_thrower,projectile,wh_dwf_grudge_stone_flaming,wh_main_unit_contact_morale
warhammer_3,8.1.1,ultra,wh_main_dwf_art_grudge_thrower,explosion,wh2_dlc17_dwf_rune_of_burning_grudge_thrower,wh_main_unit_contact_morale
warhammer_3,8.1.1,ultra,wh_main_dwf_art_organ_gun,projectile,wh_dwf_organ_gun_flaming,wh_main_unit_contact_morale
warhammer_3,8.1.1,ultra,wh_main_dwf_art_organ_gun,explosion,wh2_dlc17_dwf_rune_of_burning_organ_gun,wh_main_unit_contact_morale
warhammer_3,8.1.1,ultra,wh_main_dwf_cha_master_engineer_0,projectile,wh2_dlc17_dwf_master_engineer_rifle_bullet_shotgun,wh2_dlc12_unit_contact_suppressive_fire
warhammer_3,8.1.1,ultra,wh_main_dwf_inf_hammerers_grudge_reward,melee,wh3_dlc25_dwf_hammerers_grudge_unit,wh_dlc08_unit_contact_frostbite
warhammer_3,8.1.1,ultra,wh_main_dwf_inf_irondrakes_0,projectile,wh_dwf_drakegun_flame,wh_main_unit_contact_morale
warhammer_3,8.1.1,ultra,wh_main_dwf_inf_irondrakes_0_grudge_reward,projectile,wh3_dlc25_dwf_drakegun_grudge,wh2_dlc12_unit_contact_flammable
warhammer_3,8.1.1,ultra,wh_main_dwf_inf_quarrellers_1_grudge_reward,projectile,wh3_dlc25_dwf_crossbow_shieldbreaker_anti_infantry,wh2_dlc09_unit_contact_shieldbreaker
warhammer_3,8.1.1,ultra,wh_main_dwf_inf_slayers_grudge_reward,melee,wh3_dlc25_dwf_slayer_axe_dual_armour_sunder,wh_dlc06_unit_contact_sundered_armour
warhammer_3,8.1.1,ultra,wh_main_dwf_veh_gyrobomber,projectile,wh_dwf_gyrobomber_clattergun_bullet,wh2_dlc12_unit_contact_suppressive_fire
warhammer_3,8.1.1,ultra,wh_main_dwf_veh_gyrocopter_1,projectile,wh3_dlc25_dwf_gyrocopter_brimstone_shot,wh_main_unit_contact_morale
warhammer_3,8.1.1,ultra,wh2_dlc13_emp_cha_hunter_jorek_grimm_0,projectile,wh2_dlc17_dwf_master_engineer_rifle_bullet_shotgun,wh2_dlc12_unit_contact_suppressive_fire
warhammer_3,8.1.1,ultra,wh2_dlc13_emp_inf_huntsmen_0,projectile,wh2_dlc13_emp_bow_arrow_heavy_headed,wh_dlc06_unit_contact_sundered_armour
warhammer_3,8.1.1,ultra,wh3_dlc25_emp_inf_hochland_long_rifles_ror,projectile,wh3_dlc25_emp_inf_rifle_bullet_hochland_ror,wh2_dlc09_unit_contact_shieldbreaker
warhammer_3,8.1.1,ultra,wh3_dlc25_emp_inf_hochland_long_rifles_ror,projectile,wh3_dlc25_emp_inf_rifle_bullet_hochland_ror_exploding,wh2_dlc09_unit_contact_shieldbreaker
warhammer_3,8.1.1,ultra,wh3_dlc24_cth_mon_jet_lion,melee,wh3_dlc24_cth_mon_jet_lion,wh2_dlc11_unit_contact_disrupted
warhammer_3,8.1.1,ultra,wh3_main_cth_cha_alchemist_2,projectile,wh3_cth_sky_junk_crane_gun_bullet,wh2_dlc09_unit_contact_shieldbreaker
warhammer_3,8.1.1,ultra,wh3_main_cth_cha_alchemist_2,projectile,wh3_cp1_cth_sky_lantern_crane_gun_bullet,wh2_dlc09_unit_contact_shieldbreaker
warhammer_3,8.1.1,ultra,wh3_main_cth_cha_lord_magistrate_2,projectile,wh3_cth_sky_junk_crane_gun_bullet,wh2_dlc09_unit_contact_shieldbreaker
warhammer_3,8.1.1,ultra,wh3_main_cth_cha_lord_magistrate_2,projectile,wh3_dlc24_cth_sky_lantern_crane_gun_bullet_debuff,wh2_dlc09_unit_contact_shieldbreaker
warhammer_3,8.1.1,ultra,wh3_main_cth_inf_crane_gunners_0,projectile,wh3_cth_crane_gun_bullet,wh2_dlc09_unit_contact_shieldbreaker
warhammer_3,8.1.1,ultra,wh3_main_cth_mon_terracotta_sentinel_0,melee,wh3_main_cth_terracotta_sentinel,wh2_dlc12_unit_contact_sundered_armour
warhammer_3,8.1.1,ultra,wh3_main_cth_veh_sky_lantern_0,projectile,wh3_cth_sky_junk_crane_gun_bullet,wh2_dlc09_unit_contact_shieldbreaker
warhammer_3,8.1.1,ultra,wh3_twa08_cth_mon_terracotta_sentinel_0_ror,melee,wh3_main_cth_terracotta_sentinel,wh2_dlc12_unit_contact_sundered_armour
warhammer_3,8.1.1,ultra,wh3_twa10_cth_inf_peasant_archers_ror,projectile,wh3_twa10_cth_peasant_bow_arrow,wh2_dlc12_unit_contact_flammable
warhammer_3,8.1.1,ultra,wh2_dlc15_grn_cav_forest_goblin_spider_riders_waaagh_0,melee,wh2_dlc15_grn_goblin_sword_poison_fire_lava_spider_rider,wh_main_unit_contact_poison
warhammer_3,8.1.1,ultra,wh2_dlc15_grn_cav_squig_hoppers_waaagh_0,melee,wh_dlc06_grn_goblin_sword_squig_hopper,wh_main_unit_contact_poison
warhammer_3,8.1.1,ultra,wh2_dlc15_grn_mon_wyvern_waaagh_0,melee,wh_main_grn_wyvern,wh_main_unit_contact_poison
warhammer_3,8.1.1,ultra,wh2_dlc15_grn_veh_snotling_pump_wagon_roller_0,melee,wh2_dlc15_grn_snotling_pump_wagon_roller,wh_dlc06_unit_contact_sundered_armour
warhammer_3,8.1.1,ultra,wh3_dlc26_grn_art_bolt_throwa_ror,projectile,wh3_dlc26_grn_bolt_throwa_ror,wh_main_unit_contact_poison
warhammer_3,8.1.1,ultra,wh3_dlc26_grn_cha_night_goblin_big_boss,melee,wh3_dlc26_grn_cha_night_goblin_big_boss,wh_main_unit_contact_poison
warhammer_3,8.1.1,ultra,wh3_dlc26_grn_cha_night_goblin_big_boss_squig,melee,wh3_dlc26_grn_cha_night_goblin_big_boss_squig,wh_main_unit_contact_poison
warhammer_3,8.1.1,ultra,wh3_dlc26_grn_cha_savage_orc_great_shaman_wyvern,melee,wh_main_grn_wyvern,wh_main_unit_contact_poison
warhammer_3,8.1.1,ultra,wh3_dlc26_grn_cha_snagla_grobspit,melee,wh3_dlc26_grn_snagla,wh_main_unit_contact_poison
warhammer_3,8.1.1,ultra,wh3_dlc26_grn_mon_arachnarok_spider_flinger,melee,wh_main_grn_arachnarok,wh_main_unit_contact_poison
warhammer_3,8.1.1,ultra,wh3_dlc26_grn_mon_arachnarok_spider_flinger,projectile,wh3_dlc26_arachnarok_flinger_rock,wh3_dlc26_unit_contact_sticky_webs
warhammer_3,8.1.1,ultra,wh3_dlc26_grn_mon_arachnarok_spider_flinger,explosion,wh3_dlc26_grn_arachnarok_flinger_explosion,wh3_dlc26_unit_contact_sticky_webs
warhammer_3,8.1.1,ultra,wh_dlc06_grn_cav_squig_hoppers_0,melee,wh_dlc06_grn_goblin_sword_squig_hopper,wh_main_unit_contact_poison
warhammer_3,8.1.1,ultra,wh_dlc06_grn_mon_spider_hatchlings_0,melee,wh_dlc06_grn_spider_fangs_0,wh_main_unit_contact_poison
warhammer_3,8.1.1,ultra,wh_dlc15_grn_mon_arachnarok_spider_waaagh_0,melee,wh2_dlc15_grn_lava_arachnarok,wh_main_unit_contact_poison
warhammer_3,8.1.1,ultra,wh_main_grn_cav_forest_goblin_spider_riders_0,melee,wh_main_grn_goblin_spear_poison,wh_main_unit_contact_poison
warhammer_3,8.1.1,ultra,wh_main_grn_cav_forest_goblin_spider_riders_1,melee,wh_main_grn_goblin_sword_poison_spider_rider,wh_main_unit_contact_poison
warhammer_3,8.1.1,ultra,wh_main_grn_cav_forest_goblin_spider_riders_1,projectile,wh_grn_goblin_arrow_poison_spider_mounted,wh_main_unit_contact_poison
warhammer_3,8.1.1,ultra,wh_main_grn_cav_forest_goblin_spider_riders_1,projectile,wh2_dlc15_grn_goblin_bow_poison_spider_rider_multi_shot,wh_main_unit_contact_poison
warhammer_3,8.1.1,ultra,wh_main_grn_cav_forest_goblin_spider_riders_1,projectile,wh2_dlc15_grn_goblin_bow_poison_spider_rider_explosive_arrow,wh_main_unit_contact_poison
warhammer_3,8.1.1,ultra,wh_main_grn_cav_forest_goblin_spider_riders_1,projectile,wh2_dlc15_grn_goblin_bow_poison_spider_rider_fire_arrow,wh_main_unit_contact_poison
warhammer_3,8.1.1,ultra,wh_main_grn_cav_forest_goblin_spider_riders_1,projectile,wh2_dlc15_grn_goblin_bow_poison_spider_rider_anti_large_arrow,wh_main_unit_contact_poison
warhammer_3,8.1.1,ultra,wh_main_grn_cav_forest_goblin_spider_riders_1,projectile,wh2_dlc15_grn_goblin_bow_poison_spider_rider_ap_arrow,wh_main_unit_contact_poison
warhammer_3,8.1.1,ultra,wh_main_grn_cha_goblin_big_boss_2,melee,wh_main_grn_goblin_sword_hero_poison,wh_main_unit_contact_poison
warhammer_3,8.1.1,ultra,wh_main_grn_cha_night_goblin_shaman,melee,wh_main_grn_goblin_sword_caster_hero_poison,wh_main_unit_contact_poison
warhammer_3,8.1.1,ultra,wh_main_grn_inf_night_goblin_archers,melee,wh_main_grn_goblin_sword_poison,wh_main_unit_contact_poison
warhammer_3,8.1.1,ultra,wh_main_grn_inf_night_goblin_archers,projectile,wh_grn_goblin_arrow_poison_night_goblin,wh_main_unit_contact_poison
warhammer_3,8.1.1,ultra,wh_main_grn_inf_night_goblin_archers,projectile,wh2_dlc15_grn_goblin_bow_poison_multi_shot,wh_main_unit_contact_poison
warhammer_3,8.1.1,ultra,wh_main_grn_inf_night_goblin_archers,projectile,wh2_dlc15_grn_goblin_bow_poison_fire_arrow,wh_main_unit_contact_poison
warhammer_3,8.1.1,ultra,wh_main_grn_inf_night_goblin_archers,projectile,wh2_dlc15_grn_goblin_bow_poison_anti_large_arrow,wh_main_unit_contact_poison
warhammer_3,8.1.1,ultra,wh_main_grn_inf_night_goblin_archers,projectile,wh2_dlc15_grn_goblin_bow_poison_ap_arrow,wh_main_unit_contact_poison
warhammer_3,8.1.1,ultra,wh_main_grn_inf_night_goblin_archers,projectile,wh2_dlc15_grn_goblin_bow_poison_explosive_arrow,wh_main_unit_contact_poison
warhammer_3,8.1.1,ultra,wh_main_grn_inf_night_goblin_fanatics,melee,wh_main_grn_goblin_sword_poison,wh_main_unit_contact_poison
warhammer_3,8.1.1,ultra,wh_main_grn_inf_night_goblin_fanatics_1,melee,wh_main_grn_goblin_sword_poison,wh_main_unit_contact_poison
warhammer_3,8.1.1,ultra,wh_main_grn_inf_night_goblin_fanatics_1,projectile,wh_grn_goblin_arrow_poison_night_goblin,wh_main_unit_contact_poison
warhammer_3,8.1.1,ultra,wh_main_grn_inf_night_goblin_fanatics_1,projectile,wh2_dlc15_grn_goblin_bow_poison_anti_large_arrow,wh_main_unit_contact_poison
warhammer_3,8.1.1,ultra,wh_main_grn_inf_night_goblin_fanatics_1,projectile,wh2_dlc15_grn_goblin_bow_poison_multi_shot,wh_main_unit_contact_poison
warhammer_3,8.1.1,ultra,wh_main_grn_inf_night_goblin_fanatics_1,projectile,wh2_dlc15_grn_goblin_bow_poison_fire_arrow,wh_main_unit_contact_poison
warhammer_3,8.1.1,ultra,wh_main_grn_inf_night_goblin_fanatics_1,projectile,wh2_dlc15_grn_goblin_bow_poison_explosive_arrow,wh_main_unit_contact_poison
warhammer_3,8.1.1,ultra,wh_main_grn_inf_night_goblin_fanatics_1,projectile,wh2_dlc15_grn_goblin_bow_poison_ap_arrow,wh_main_unit_contact_poison
warhammer_3,8.1.1,ultra,wh_main_grn_inf_night_goblins,melee,wh_main_grn_goblin_sword_poison,wh_main_unit_contact_poison
warhammer_3,8.1.1,ultra,wh_main_grn_inf_orc_arrer_boyz,projectile,wh3_dlc26_grn_stinkee_arrers,wh_main_unit_contact_poison
warhammer_3,8.1.1,ultra,wh_main_grn_inf_orc_arrer_boyz,explosion,wh3_dlc26_grn_stinkee_arrer,wh_main_unit_contact_poison
warhammer_3,8.1.1,ultra,wh_main_grn_mon_arachnarok_spider_0,melee,wh_main_grn_arachnarok,wh_main_unit_contact_poison
warhammer_3,8.1.1,ultra,wh2_dlc10_hef_inf_shadow_walkers_0,melee,wh2_dlc10_hef_dual_swords_shadow,wh_main_unit_contact_poison
warhammer_3,8.1.1,ultra,wh2_dlc10_hef_inf_shadow_walkers_0,projectile,wh2_dlc10_hef_longbow_arrow_shadow_walker,wh_main_unit_contact_poison
warhammer_3,8.1.1,ultra,wh2_dlc10_hef_inf_shadow_walkers_0,projectile,wh3_dlc27_hef_longbow_arrow_shadow_walker_anti_infantry,wh_main_unit_contact_poison
warhammer_3,8.1.1,ultra,wh2_dlc10_hef_inf_the_silverpelts_ror_0,melee,wh2_main_hef_greataxe_ror,wh_dlc06_unit_contact_sundered_armour
warhammer_3,8.1.1,ultra,wh2_dlc15_hef_inf_archers_ror_0,projectile,wh2_dlc15_hef_longbow_arrow_flaming,wh2_dlc12_unit_contact_flammable
warhammer_3,8.1.1,ultra,wh2_dlc15_hef_inf_archers_ror_0,projectile,wh3_dlc27_hef_longbow_arrow_flaming_anti_infantry,wh2_dlc12_unit_contact_flammable
warhammer_3,8.1.1,ultra,wh2_dlc15_hef_inf_mistwalkers_sentinels_0,projectile,wh2_dlc15_hef_longbow_arrow_sentinel,wh2_dlc09_unit_contact_shieldbreaker
warhammer_3,8.1.1,ultra,wh2_dlc15_hef_inf_mistwalkers_sentinels_0,projectile,wh3_dlc27_hef_longbow_arrow_sentinel_anti_infantry,wh2_dlc09_unit_contact_shieldbreaker
warhammer_3,8.1.1,ultra,wh2_dlc15_hef_mon_forest_dragon_0,melee,wh_dlc05_wef_dragon,wh_main_unit_contact_poison
warhammer_3,8.1.1,ultra,wh2_dlc15_hef_mon_forest_dragon_imrik,melee,wh2_dlc15_hef_forest_dragon_imrik,wh_main_unit_contact_poison
warhammer_3,8.1.1,ultra,wh2_dlc15_hef_mon_moon_dragon_imrik,melee,wh2_dlc15_hef_moon_dragon_imrik,wh_dlc08_unit_contact_frostbite
warhammer_3,8.1.1,ultra,wh2_main_hef_mon_phoenix_frostheart,melee,wh2_main_hef_frostheart_phoenix,wh_dlc08_unit_contact_frostbite
warhammer_3,8.1.1,ultra,wh3_dlc27_hef_cha_caradryan_ashtari,melee,wh3_dlc27_hef_caradryan_ashtari,wh3_dlc25_unit_contact_frostfire
warhammer_3,8.1.1,ultra,wh3_dlc26_kho_cha_skarr_bloodwrath,melee,wh3_dlc26_kho_cha_skarr_bloodwrath,wh2_dlc12_unit_contact_sundered_armour
warhammer_3,8.1.1,ultra,wh3_pro12_kho_cha_karanak,melee,wh3_pro12_kho_cha_karanak,wh3_pro12_unit_contact_wounded_prey
warhammer_3,8.1.1,ultra,wh2_dlc16_wef_mon_giant_spiders_0,melee,wh2_dlc16_wef_spider_fangs_0,wh_main_unit_contact_poison
warhammer_3,8.1.1,ultra,wh2_dlc16_wef_mon_spider_hatchlings_0,melee,wh_dlc06_grn_spider_fangs_0,wh_main_unit_contact_poison
warhammer_3,8.1.1,ultra,wh3_dlc24_ksl_inf_streltsi_ror,projectile,wh3_dlc24_ksl_streltsi_blunderbuss_ror,wh2_dlc12_unit_contact_suppressive_fire
warhammer_3,8.1.1,ultra,wh3_dlc24_ksl_mon_frost_wyrm,melee,wh3_dlc24_ksl_mon_frost_wyrm,wh_dlc08_unit_contact_frostbite
warhammer_3,8.1.1,ultra,wh3_dlc24_ksl_mon_the_things_in_the_woods_ror,melee,wh3_dlc24_ksl_mon_the_things_in_the_woods_ror,wh3_dlc24_unit_contact_dark_blood
warhammer_3,8.1.1,ultra,wh3_main_ksl_cha_boris_0,melee,wh3_main_ksl_boris_glaive,wh_dlc08_unit_contact_frostbite
warhammer_3,8.1.1,ultra,wh3_main_ksl_cha_boris_1,melee,wh3_main_ksl_boris_glaive,wh_dlc08_unit_contact_frostbite
warhammer_3,8.1.1,ultra,wh3_main_ksl_cha_boris_2,melee,wh3_main_ksl_boris_urskin,wh_dlc08_unit_contact_frostbite
warhammer_3,8.1.1,ultra,wh3_main_ksl_cha_frost_maiden_ice_0,melee,wh3_main_ksl_frost_maiden_sword,wh_dlc08_unit_contact_frostbite
warhammer_3,8.1.1,ultra,wh3_main_ksl_cha_frost_maiden_ice_1,melee,wh3_main_ksl_frost_maiden_sword,wh_dlc08_unit_contact_frostbite
warhammer_3,8.1.1,ultra,wh3_main_ksl_cha_frost_maiden_tempest_0,melee,wh3_main_ksl_frost_maiden_sword,wh_dlc08_unit_contact_frostbite
warhammer_3,8.1.1,ultra,wh3_main_ksl_cha_frost_maiden_tempest_1,melee,wh3_main_ksl_frost_maiden_sword,wh_dlc08_unit_contact_frostbite
warhammer_3,8.1.1,ultra,wh3_main_ksl_cha_ice_witch_ice_0,melee,wh3_main_ksl_ice_witch_sword,wh_dlc08_unit_contact_frostbite
warhammer_3,8.1.1,ultra,wh3_main_ksl_cha_ice_witch_ice_1,melee,wh3_main_ksl_ice_witch_sword,wh_dlc08_unit_contact_frostbite
warhammer_3,8.1.1,ultra,wh3_main_ksl_cha_ice_witch_tempest_0,melee,wh3_main_ksl_ice_witch_sword,wh_dlc08_unit_contact_frostbite
warhammer_3,8.1.1,ultra,wh3_main_ksl_cha_ice_witch_tempest_1,melee,wh3_main_ksl_ice_witch_sword,wh_dlc08_unit_contact_frostbite
warhammer_3,8.1.1,ultra,wh3_main_ksl_cha_katarin_0,melee,wh3_main_ksl_tzarina_katarin_sword,wh_dlc08_unit_contact_frostbite
warhammer_3,8.1.1,ultra,wh3_main_ksl_cha_katarin_1,melee,wh3_main_ksl_tzarina_katarin_sword,wh_dlc08_unit_contact_frostbite
warhammer_3,8.1.1,ultra,wh3_main_ksl_cha_katarin_2,melee,wh3_main_ksl_war_bear_katarin,wh_dlc08_unit_contact_frostbite
warhammer_3,8.1.1,ultra,wh3_main_ksl_inf_ice_guard_0,melee,wh3_main_ksl_ice_guard_glaive,wh_dlc08_unit_contact_frostbite
warhammer_3,8.1.1,ultra,wh3_main_ksl_inf_ice_guard_0,projectile,wh3_main_ksl_bow_ice_guard,wh_dlc08_unit_contact_frostbite
warhammer_3,8.1.1,ultra,wh3_main_ksl_inf_ice_guard_1,melee,wh3_main_ksl_ice_guard_dual_swords,wh_dlc08_unit_contact_frostbite
warhammer_3,8.1.1,ultra,wh3_main_ksl_inf_ice_guard_1,projectile,wh3_main_ksl_bow_ice_guard,wh_dlc08_unit_contact_frostbite
warhammer_3,8.1.1,ultra,wh3_main_ksl_mon_elemental_bear_0,melee,wh3_main_ksl_elemental_bear,wh_dlc08_unit_contact_frostbite
warhammer_3,8.1.1,ultra,wh3_main_ksl_mon_snow_leopard_0,melee,wh3_main_ksl_claws_snow_leopard,wh_dlc08_unit_contact_frostbite
warhammer_3,8.1.1,ultra,wh3_twa08_ksl_mon_elemental_bear_0_ror,melee,wh3_main_ksl_elemental_bear,wh_dlc08_unit_contact_frostbite
warhammer_3,8.1.1,ultra,wh3_twa10_ksl_inf_armoured_kossars_ror,melee,wh3_twa10_ksl_armoured_kossar_ror_axe_dual,wh_dlc08_unit_contact_frostbite
warhammer_3,8.1.1,ultra,wh2_dlc12_lzd_inf_skink_red_crested_0,melee,wh2_dlc12_lzd_skink_great_club,wh_main_unit_contact_poison
warhammer_3,8.1.1,ultra,wh2_dlc12_lzd_mon_ancient_salamander_0,projectile,wh2_dlc12_lzd_salamander_flame_large,wh2_dlc12_unit_contact_flammable
warhammer_3,8.1.1,ultra,wh2_dlc12_lzd_mon_ancient_salamander_0,explosion,wh2_dlc12_lzd_salamander_flame_large,wh2_dlc12_unit_contact_flammable
warhammer_3,8.1.1,ultra,wh2_dlc12_lzd_mon_ancient_salamander_0_blessed,projectile,wh2_dlc12_lzd_salamander_flame_large_blessed,wh2_dlc12_unit_contact_flammable
warhammer_3,8.1.1,ultra,wh2_dlc12_lzd_mon_ancient_salamander_0_blessed,explosion,wh2_dlc12_lzd_salamander_flame_large_blessed,wh2_dlc12_unit_contact_flammable
warhammer_3,8.1.1,ultra,wh2_dlc16_wef_mon_zoats,melee,wh2_dlc16_wef_zoat,wh2_pro08_unit_contact_dampen
warhammer_3,8.1.1,ultra,wh2_dlc17_lzd_cha_skink_oracle_troglodon_0,melee,wh2_dlc17_lzd_feral_troglodon,wh_main_unit_contact_poison
warhammer_3,8.1.1,ultra,wh2_dlc17_lzd_cha_skink_oracle_troglodon_0,projectile,wh2_dlc17_lzd_troglodon_spit,wh_main_unit_contact_poison
warhammer_3,8.1.1,ultra,wh2_dlc17_lzd_inf_chameleon_stalkers_0,melee,wh2_main_lzd_skink_club_poison,wh_main_unit_contact_poison
warhammer_3,8.1.1,ultra,wh2_dlc17_lzd_inf_chameleon_stalkers_0,projectile,wh2_dlc17_lzd_blowpipe_chamelon_stalkers_toadskin,wh_dlc06_unit_contact_discouraged
warhammer_3,8.1.1,ultra,wh2_dlc17_lzd_inf_chameleon_stalkers_0,projectile,wh2_dlc17_lzd_blowpipe_chamelon_stalkers_fireblood,wh2_dlc12_unit_contact_sundered_armour
warhammer_3,8.1.1,ultra,wh2_dlc17_lzd_inf_chameleon_stalkers_0,projectile,wh2_dlc17_lzd_blowpipe_chamelon_stalkers_slow_death,wh2_dlc17_unit_contact_slow_death
warhammer_3,8.1.1,ultra,wh2_dlc17_lzd_inf_chameleon_stalkers_0_blessed,melee,wh2_main_lzd_skink_club_poison_blessed,wh_main_unit_contact_poison
warhammer_3,8.1.1,ultra,wh2_dlc17_lzd_inf_chameleon_stalkers_0_blessed,projectile,wh2_dlc17_lzd_blowpipe_chamelon_stalkers_fireblood_blessed,wh2_dlc12_unit_contact_sundered_armour
warhammer_3,8.1.1,ultra,wh2_dlc17_lzd_inf_chameleon_stalkers_0_blessed,projectile,wh2_dlc17_lzd_blowpipe_chamelon_stalkers_slow_death_blessed,wh2_dlc17_unit_contact_slow_death
warhammer_3,8.1.1,ultra,wh2_dlc17_lzd_inf_chameleon_stalkers_0_blessed,projectile,wh2_dlc17_lzd_blowpipe_chamelon_stalkers_toadskin_blessed,wh_dlc06_unit_contact_discouraged
warhammer_3,8.1.1,ultra,wh2_dlc17_lzd_mon_troglodon_0,melee,wh2_dlc17_lzd_feral_troglodon,wh_main_unit_contact_poison
warhammer_3,8.1.1,ultra,wh2_dlc17_lzd_mon_troglodon_0,projectile,wh2_dlc17_lzd_troglodon_spit,wh_main_unit_contact_poison
warhammer_3,8.1.1,ultra,wh2_dlc17_lzd_mon_troglodon_ror_0,melee,wh2_dlc17_lzd_feral_troglodon,wh_main_unit_contact_poison
warhammer_3,8.1.1,ultra,wh2_dlc17_lzd_mon_troglodon_ror_0,projectile,wh2_dlc17_lzd_troglodon_spit,wh_main_unit_contact_poison
warhammer_3,8.1.1,ultra,wh2_main_lzd_cav_terradon_riders_0,projectile,wh2_main_lzd_javelin_terradon,wh_main_unit_contact_poison
warhammer_3,8.1.1,ultra,wh2_main_lzd_cav_terradon_riders_0,projectile,wh2_main_lzd_javelin_terradon_slow_death,wh2_dlc17_unit_contact_slow_death
warhammer_3,8.1.1,ultra,wh2_main_lzd_cav_terradon_riders_0,projectile,wh2_main_lzd_javelin_terradon_fireblood,wh2_dlc12_unit_contact_sundered_armour
warhammer_3,8.1.1,ultra,wh2_main_lzd_cav_terradon_riders_0,projectile,wh2_main_lzd_javelin_terradon_toadskin,wh_dlc06_unit_contact_discouraged
warhammer_3,8.1.1,ultra,wh2_main_lzd_cav_terradon_riders_0_blessed,melee,wh2_main_lzd_terradon_blessed,wh_dlc06_unit_contact_blinded
warhammer_3,8.1.1,ultra,wh2_main_lzd_cav_terradon_riders_0_blessed,projectile,wh2_main_lzd_javelin_terradon,wh_main_unit_contact_poison
warhammer_3,8.1.1,ultra,wh2_main_lzd_cav_terradon_riders_0_blessed,projectile,wh2_main_lzd_javelin_terradon_slow_death,wh2_dlc17_unit_contact_slow_death
warhammer_3,8.1.1,ultra,wh2_main_lzd_cav_terradon_riders_0_blessed,projectile,wh2_main_lzd_javelin_terradon_toadskin,wh_dlc06_unit_contact_discouraged
warhammer_3,8.1.1,ultra,wh2_main_lzd_cav_terradon_riders_0_blessed,projectile,wh2_main_lzd_javelin_terradon_fireblood,wh2_dlc12_unit_contact_sundered_armour
warhammer_3,8.1.1,ultra,wh2_main_lzd_cha_skink_chief_0,projectile,wh2_main_lzd_blowpipe_skink_chief,wh_main_unit_contact_poison
warhammer_3,8.1.1,ultra,wh2_main_lzd_cha_skink_chief_0,projectile,wh2_main_lzd_blowpipe_skink_chief_slow_death,wh2_dlc17_unit_contact_slow_death
warhammer_3,8.1.1,ultra,wh2_main_lzd_cha_skink_chief_0,projectile,wh2_main_lzd_blowpipe_skink_chief_fireblood,wh2_dlc12_unit_contact_sundered_armour
warhammer_3,8.1.1,ultra,wh2_main_lzd_cha_skink_chief_0,projectile,wh2_main_lzd_blowpipe_skink_chief_toadskin,wh_dlc06_unit_contact_discouraged
warhammer_3,8.1.1,ultra,wh2_main_lzd_inf_chameleon_skinks_0,melee,wh2_main_lzd_skink_club_poison,wh_main_unit_contact_poison
warhammer_3,8.1.1,ultra,wh2_main_lzd_inf_chameleon_skinks_0,projectile,wh2_main_lzd_blowpipe_chamelon_skinks,wh_main_unit_contact_poison
warhammer_3,8.1.1,ultra,wh2_main_lzd_inf_chameleon_skinks_0,projectile,wh2_main_lzd_blowpipe_chamelon_skinks_toadskin,wh_dlc06_unit_contact_discouraged
warhammer_3,8.1.1,ultra,wh2_main_lzd_inf_chameleon_skinks_0,projectile,wh2_main_lzd_blowpipe_chamelon_skinks_slow_death,wh2_dlc17_unit_contact_slow_death
warhammer_3,8.1.1,ultra,wh2_main_lzd_inf_chameleon_skinks_0,projectile,wh2_main_lzd_blowpipe_chamelon_skinks_fireblood,wh2_dlc12_unit_contact_sundered_armour
warhammer_3,8.1.1,ultra,wh2_main_lzd_inf_chameleon_skinks_blessed_0,melee,wh2_main_lzd_skink_club_poison,wh_main_unit_contact_poison
warhammer_3,8.1.1,ultra,wh2_main_lzd_inf_chameleon_skinks_blessed_0,projectile,wh2_main_lzd_blowpipe_chamelon_skinks_blessed,wh_main_unit_contact_poison
warhammer_3,8.1.1,ultra,wh2_main_lzd_inf_chameleon_skinks_blessed_0,projectile,wh2_main_lzd_blowpipe_chamelon_skinks_fireblood_blessed,wh2_dlc12_unit_contact_sundered_armour
warhammer_3,8.1.1,ultra,wh2_main_lzd_inf_chameleon_skinks_blessed_0,projectile,wh2_main_lzd_blowpipe_chamelon_skinks_toadskin_blessed,wh_dlc06_unit_contact_discouraged
warhammer_3,8.1.1,ultra,wh2_main_lzd_inf_chameleon_skinks_blessed_0,projectile,wh2_main_lzd_blowpipe_chamelon_skinks_slow_death_blessed,wh2_dlc17_unit_contact_slow_death
warhammer_3,8.1.1,ultra,wh2_main_lzd_inf_skink_cohort_1,projectile,wh2_main_lzd_javelin,wh_main_unit_contact_poison
warhammer_3,8.1.1,ultra,wh2_main_lzd_inf_skink_cohort_1,projectile,wh2_main_lzd_javelin_toadskin,wh_dlc06_unit_contact_discouraged
warhammer_3,8.1.1,ultra,wh2_main_lzd_inf_skink_cohort_1,projectile,wh2_main_lzd_javelin_slow_death,wh2_dlc17_unit_contact_slow_death
warhammer_3,8.1.1,ultra,wh2_main_lzd_inf_skink_cohort_1,projectile,wh2_main_lzd_javelin_fireblood,wh2_dlc12_unit_contact_sundered_armour
warhammer_3,8.1.1,ultra,wh2_main_lzd_inf_skink_cohort_1_blessed,projectile,wh2_main_lzd_javelin_blessed,wh_dlc06_unit_contact_sundered_armour
warhammer_3,8.1.1,ultra,wh2_main_lzd_inf_skink_cohort_1_blessed,projectile,wh2_main_lzd_javelin_fireblood_blessed,wh2_dlc12_unit_contact_sundered_armour
warhammer_3,8.1.1,ultra,wh2_main_lzd_inf_skink_cohort_1_blessed,projectile,wh2_main_lzd_javelin_toadskin_blessed,wh_dlc06_unit_contact_discouraged
warhammer_3,8.1.1,ultra,wh2_main_lzd_inf_skink_cohort_1_blessed,projectile,wh2_main_lzd_javelin_slow_death_blessed,wh2_dlc17_unit_contact_slow_death
warhammer_3,8.1.1,ultra,wh2_main_lzd_inf_skink_skirmishers_0,projectile,wh2_main_lzd_blowpipe,wh_main_unit_contact_poison
warhammer_3,8.1.1,ultra,wh2_main_lzd_inf_skink_skirmishers_0,projectile,wh2_main_lzd_blowpipe_fireblood,wh2_dlc12_unit_contact_sundered_armour
warhammer_3,8.1.1,ultra,wh2_main_lzd_inf_skink_skirmishers_0,projectile,wh2_main_lzd_blowpipe_toadskin,wh_dlc06_unit_contact_discouraged
warhammer_3,8.1.1,ultra,wh2_main_lzd_inf_skink_skirmishers_0,projectile,wh2_main_lzd_blowpipe_slow_death,wh2_dlc17_unit_contact_slow_death
warhammer_3,8.1.1,ultra,wh2_main_lzd_inf_skink_skirmishers_blessed_0,projectile,wh2_main_lzd_blowpipe,wh_main_unit_contact_poison
warhammer_3,8.1.1,ultra,wh2_main_lzd_inf_skink_skirmishers_blessed_0,projectile,wh2_main_lzd_blowpipe_fireblood,wh2_dlc12_unit_contact_sundered_armour
warhammer_3,8.1.1,ultra,wh2_main_lzd_inf_skink_skirmishers_blessed_0,projectile,wh2_main_lzd_blowpipe_toadskin,wh_dlc06_unit_contact_discouraged
warhammer_3,8.1.1,ultra,wh2_main_lzd_inf_skink_skirmishers_blessed_0,projectile,wh2_main_lzd_blowpipe_slow_death,wh2_dlc17_unit_contact_slow_death
warhammer_3,8.1.1,ultra,wh2_main_lzd_mon_ancient_stegadon,projectile,wh2_main_lzd_mon_stegadon_giant_blowpipe,wh_main_unit_contact_poison
warhammer_3,8.1.1,ultra,wh2_main_lzd_mon_ancient_stegadon_blessed,projectile,wh2_main_lzd_mon_stegadon_giant_blowpipe_blessed,wh2_dlc17_unit_contact_slow_death
warhammer_3,8.1.1,ultra,wh2_main_lzd_mon_bastiladon_2,projectile,wh2_main_lzd_bastiladon_solar_engine,wh_dlc06_unit_contact_blinded
warhammer_3,8.1.1,ultra,wh2_main_lzd_mon_bastiladon_blessed_2,projectile,wh2_main_lzd_bastiladon_solar_engine_blessed,wh_dlc06_unit_contact_blinded
warhammer_3,8.1.1,ultra,wh2_main_lzd_mon_stegadon_1,projectile,wh2_main_lzd_mon_stegadon_crossbow,wh_main_unit_contact_poison
warhammer_3,8.1.1,ultra,wh2_main_lzd_mon_stegadon_blessed_1,projectile,wh2_main_lzd_mon_stegadon_crossbow_blessed,wh_main_unit_contact_poison
warhammer_3,8.1.1,ultra,wh3_dlc27_chs_inf_chaos_warriors_mnur_greatweapons,melee,wh3_dlc20_chs_warriors_mnur_great_axe,wh_main_unit_contact_poison
warhammer_3,8.1.1,ultra,wh3_dlc27_chs_inf_chaos_warriors_msla_hellscourges,melee,wh3_dlc20_chs_warriors_hellscourge_whip,wh_main_unit_contact_poison
warhammer_3,8.1.1,ultra,wh3_dlc27_nor_cha_fimir_noble,melee,wh3_dlc27_nor_cha_fimir_noble_mace,wh_dlc06_unit_contact_sundered_armour
warhammer_3,8.1.1,ultra,wh3_dlc27_nor_mon_chimera,melee,wh3_dlc27_nor_chimera,wh_main_unit_contact_poison
warhammer_3,8.1.1,ultra,wh3_dlc27_nor_mon_chimera_monst_arcanum_reward,melee,wh3_dlc27_nor_chimera,wh_main_unit_contact_poison
warhammer_3,8.1.1,ultra,wh3_dlc27_nor_mon_chimera_ror,melee,wh3_dlc27_nor_chimera,wh_main_unit_contact_poison
warhammer_3,8.1.1,ultra,wh3_dlc27_nor_mon_dread_maw,melee,wh3_dlc27_nor_mon_dread_maw,wh_main_unit_contact_poison
warhammer_3,8.1.1,ultra,wh3_dlc27_nor_mon_dread_maw,projectile,wh3_dlc27_nor_mon_dread_maw_spit,wh_main_unit_contact_poison
warhammer_3,8.1.1,ultra,wh3_dlc27_nor_mon_dread_maw_underground,melee,wh3_dlc27_nor_mon_dread_maw,wh_main_unit_contact_poison
warhammer_3,8.1.1,ultra,wh3_dlc27_nor_mon_dread_maw_underground,projectile,wh3_dlc27_nor_mon_dread_maw_spit,wh_main_unit_contact_poison
warhammer_3,8.1.1,ultra,wh3_dlc27_nur_mon_spawn_of_nurgle_0,melee,wh3_main_nur_claws_chaos_spawn,wh_main_unit_contact_poison
warhammer_3,8.1.1,ultra,wh3_dlc27_sla_mon_preyton,melee,wh3_dlc27_preyton_claws,wh_main_unit_contact_poison
warhammer_3,8.1.1,ultra,wh3_dlc27_sla_mon_spawn_of_slaanesh_0,melee,wh3_main_sla_claws_chaos_spawn,wh3_main_unit_contact_soporific_musk
warhammer_3,8.1.1,ultra,wh3_dlc27_throgg_mon_bile_trolls,melee,wh3_dlc25_nur_bile_trolls_club,wh3_dlc26_unit_abilities_acid_vomit_debuff
warhammer_3,8.1.1,ultra,wh3_dlc27_tze_mon_spawn_of_tzeentch_0,melee,wh3_main_tze_claws_chaos_spawn,wh_dlc06_unit_contact_sundered_armour
warhammer_3,8.1.1,ultra,wh3_main_ie_nor_cha_exalted_great_unclean_one_burplesmirk_spewpit,melee,wh3_main_exalted_great_unclean_one,wh_main_unit_contact_poison
warhammer_3,8.1.1,ultra,wh_dlc08_nor_cha_fimir_balefiend_fire_0,melee,wh_dlc08_nor_fimir_balefiend_staff,wh_dlc06_unit_contact_sundered_armour
warhammer_3,8.1.1,ultra,wh_dlc08_nor_cha_fimir_balefiend_shadow_0,melee,wh_dlc08_nor_fimir_balefiend_staff,wh_dlc06_unit_contact_sundered_armour
warhammer_3,8.1.1,ultra,wh_dlc08_nor_cha_throgg_0,melee,wh_dlc08_club_troll_throgg,wh_dlc08_unit_contact_frostbite
warhammer_3,8.1.1,ultra,wh_dlc08_nor_inf_marauder_hunters_0,projectile,wh2_nor_throwing_axe,wh2_dlc09_unit_contact_shieldbreaker
warhammer_3,8.1.1,ultra,wh_dlc08_nor_mon_fimir_0,melee,wh_dlc08_nor_fimir_dual_axe,wh_dlc06_unit_contact_sundered_armour
warhammer_3,8.1.1,ultra,wh_dlc08_nor_mon_fimir_1,melee,wh_dlc08_nor_fimir_great_mace,wh_dlc06_unit_contact_sundered_armour
warhammer_3,8.1.1,ultra,wh_dlc08_nor_mon_frost_wyrm_0,melee,wh_dlc08_nor_wyrm,wh_dlc08_unit_contact_frostbite
warhammer_3,8.1.1,ultra,wh_dlc08_nor_mon_frost_wyrm_boss,melee,wh_dlc08_nor_wyrm_boss,wh_dlc08_unit_contact_frostbite
warhammer_3,8.1.1,ultra,wh_dlc08_nor_mon_frost_wyrm_ror_0,melee,wh_dlc08_nor_wyrm,wh_dlc08_unit_contact_frostbite
warhammer_3,8.1.1,ultra,wh_dlc08_nor_mon_norscan_ice_trolls_0,melee,wh_dlc08_club_ice_troll,wh_dlc08_unit_contact_frostbite
warhammer_3,8.1.1,ultra,wh_dlc08_nor_mon_warwolves_0,melee,wh_dlc08_nor_warwolf_claw,wh_dlc08_unit_contact_frostbite
warhammer_3,8.1.1,ultra,wh_dlc08_nor_veh_marauder_warwolves_chariot_0,melee,wh_dlc08_nor_warwolf_chariot,wh_dlc08_unit_contact_frostbite
warhammer_3,8.1.1,ultra,wh_main_nor_mon_chaos_warhounds_1,melee,wh_main_chs_warhound_poison,wh_main_unit_contact_poison
warhammer_3,8.1.1,ultra,wh3_dlc20_chs_cav_chaos_chariot_mnur,melee,wh3_dlc20_chs_chariot_mnur,wh_main_unit_contact_poison
warhammer_3,8.1.1,ultra,wh3_dlc20_chs_cav_chaos_knights_mnur,melee,wh3_dlc20_chaos_knight_mnur_sword,wh_main_unit_contact_poison
warhammer_3,8.1.1,ultra,wh3_dlc20_chs_cav_chaos_knights_mnur_lances,melee,wh3_dlc20_chaos_knight_mnur_lance,wh_main_unit_contact_poison
warhammer_3,8.1.1,ultra,wh3_dlc20_chs_cav_marauder_horsemen_mnur_throwing_axes,melee,wh3_dlc20_chs_marauder_horsemen_mnur_spear,wh_main_unit_contact_poison
warhammer_3,8.1.1,ultra,wh3_dlc20_chs_cav_marauder_horsemen_mnur_throwing_axes,projectile,wh3_dlc20_chs_marauder_horsemen_mnur_throwing_axe,wh_main_unit_contact_poison
warhammer_3,8.1.1,ultra,wh3_dlc20_chs_inf_chaos_marauders_mnur_greatweapons,melee,wh3_dlc20_chs_marauders_mnur_great_weapons,wh_main_unit_contact_poison
warhammer_3,8.1.1,ultra,wh3_dlc20_chs_inf_chaos_warriors_mnur,melee,wh3_dlc20_chs_warriors_mnur_axe,wh_main_unit_contact_poison
warhammer_3,8.1.1,ultra,wh3_dlc20_chs_inf_chosen_mnur,melee,wh3_dlc20_chs_chosen_mnur_axe,wh_main_unit_contact_poison
warhammer_3,8.1.1,ultra,wh3_dlc20_chs_inf_chosen_mnur_greatweapons,melee,wh3_dlc20_chs_chosen_mnur_great_axe,wh_main_unit_contact_poison
warhammer_3,8.1.1,ultra,wh3_dlc20_chs_mon_giant_mnur_ror,melee,wh3_dlc20_club_giant_ror,wh3_dlc20_unit_contact_corrosion
warhammer_3,8.1.1,ultra,wh3_dlc25_nur_cha_fimir_balefiend_shadow_chieftain,melee,wh_dlc08_nor_fimir_balefiend_staff,wh_dlc06_unit_contact_sundered_armour
warhammer_3,8.1.1,ultra,wh3_dlc25_nur_cha_infernal_castellan_chieftain,melee,wh3_dlc25_nur_esar_doombolt_glaive,wh_main_unit_contact_poison
warhammer_3,8.1.1,ultra,wh3_dlc25_nur_cha_infernal_castellan_chieftain,projectile,wh3_dlc25_nur_esar_doombolt_bullet,wh_main_unit_contact_poison
warhammer_3,8.1.1,ultra,wh3_dlc25_nur_chieftain_mon_fimir_0,melee,wh_dlc08_nor_fimir_dual_axe,wh_dlc06_unit_contact_sundered_armour
warhammer_3,8.1.1,ultra,wh3_dlc25_nur_chieftain_mon_fimir_1,melee,wh_dlc08_nor_fimir_great_mace,wh_dlc06_unit_contact_sundered_armour
warhammer_3,8.1.1,ultra,wh3_dlc25_nur_chieftain_mon_frost_wyrm_0,melee,wh_dlc08_nor_wyrm,wh_dlc08_unit_contact_frostbite
warhammer_3,8.1.1,ultra,wh_pro04_chs_inf_forsaken_ror_0,melee,wh_dlc01_chs_forsaken_RoR,wh_main_unit_contact_poison
warhammer_3,8.1.1,ultra,wh3_dlc26_ogr_inf_eshin_maneater_ror,melee,wh3_dlc26_ogr_eshin_maneater_ror_swords,wh2_main_unit_contact_weeping_blade
warhammer_3,8.1.1,ultra,wh3_dlc26_ogr_mon_thundertusk,melee,wh3_dlc26_ogr_thundertusk,wh_dlc08_unit_contact_frostbite
warhammer_3,8.1.1,ultra,wh3_dlc26_ogr_mon_thundertusk,projectile,wh3_dlc26_ice_shard_thundertusk,wh_dlc08_unit_contact_frostbite
warhammer_3,8.1.1,ultra,wh3_dlc26_ogr_mon_thundertusk,explosion,wh3_dlc26_ogr_thundertusk_ice_shard,wh_dlc08_unit_contact_frostbite
warhammer_3,8.1.1,ultra,wh3_dlc26_ogr_mon_yhetees,melee,wh3_dlc26_ogr_yhetee_ice_sword_club,wh_dlc08_unit_contact_frostbite
warhammer_3,8.1.1,ultra,wh3_dlc26_ogr_mon_yhetees_ror,melee,wh3_dlc26_ogr_yhetee_dual_hammers,wh_dlc08_unit_contact_frostbite
warhammer_3,8.1.1,ultra,wh3_main_ogr_cha_greasus_goldtooth_0,melee,wh3_main_ogr_mace_greasus,wh2_dlc11_unit_contact_monstrous_impact
warhammer_3,8.1.1,ultra,wh3_main_ogr_veh_ironblaster_0,projectile,wh3_main_ogr_veh_ironblaster_shot,wh_dlc06_unit_contact_sundered_armour
warhammer_3,8.1.1,ultra,wh3_twa07_ogr_cav_crushers_ror_0,melee,wh3_main_ogr_ogre_crusher_great_weapon_ror,wh_dlc08_unit_contact_frostbite
warhammer_3,8.1.1,ultra,wh3_twa08_ogr_mon_stonehorn_0_ror,melee,wh3_twa08_ogr_mon_stonehorn_0_ror,wh_dlc08_unit_contact_frostbite
warhammer_3,8.1.1,ultra,wh3_twa10_ogr_inf_gnoblars_ror,melee,wh3_main_ogr_gnoblar_dual_sword_ror,wh_main_unit_contact_poison
warhammer_3,8.1.1,ultra,wh3_twa10_ogr_inf_gnoblars_ror,projectile,wh3_ogr_gnoblar_throwing_dagger_ror,wh_main_unit_contact_poison
warhammer_3,8.1.1,ultra,wh2_dlc12_skv_art_warplock_jezzails_ror_tech_lab_0,projectile,wh2_dlc12_skv_warp_jezzails_bullet_lab_ror,wh_dlc06_unit_contact_blinded
warhammer_3,8.1.1,ultra,wh2_dlc12_skv_inf_ratling_gun_0,projectile,wh2_dlc12_skv_ratling_gun_bullet,wh2_dlc12_unit_contact_suppressive_fire
warhammer_3,8.1.1,ultra,wh2_dlc12_skv_inf_ratling_gun_ror_tech_lab_0,projectile,wh2_dlc12_skv_ratling_gun_bullet_lab_ror,wh2_dlc12_unit_contact_suppressive_fire
warhammer_3,8.1.1,ultra,wh2_dlc12_skv_inf_warpfire_thrower_ror_tech_lab_0,projectile,wh2_main_skv_warpfire,wh_main_unit_contact_morale
warhammer_3,8.1.1,ultra,wh2_dlc12_skv_inf_warpfire_thrower_ror_tech_lab_0,projectile,wh2_dlc12_skv_warpfire_alt,wh_main_unit_contact_morale
warhammer_3,8.1.1,ultra,wh2_dlc12_skv_inf_warplock_jezzails_0,projectile,wh2_dlc12_skv_warp_jezzails_bullet,wh2_dlc09_unit_contact_shieldbreaker
warhammer_3,8.1.1,ultra,wh2_dlc14_skv_cha_deathmaster_snikch_0,melee,wh2_dlc14_skv_cha_snikch,wh2_main_unit_contact_weeping_blade
warhammer_3,8.1.1,ultra,wh2_dlc14_skv_cha_master_assassin_0,melee,wh2_dlc14_skv_master_assassin_claw_blade,wh2_main_unit_contact_weeping_blade
warhammer_3,8.1.1,ultra,wh2_dlc14_skv_cha_master_assassin_0,projectile,wh2_dlc14_skv_throwing_star_master_assassin,wh_main_unit_contact_poison
warhammer_3,8.1.1,ultra,wh2_dlc14_skv_inf_eshin_triads_0,melee,wh2_dlc14_eshin_triad_guandao,wh2_main_unit_contact_weeping_blade
warhammer_3,8.1.1,ultra,wh2_dlc14_skv_inf_poison_wind_mortar_0,projectile,wh2_dlc14_skv_poison_wind_mortar_globe,wh2_dlc14_unit_contact_poisoned_wind
warhammer_3,8.1.1,ultra,wh2_dlc14_skv_inf_poison_wind_mortar_0,explosion,wh2_dlc14_skv_poison_wind_mortar,wh2_dlc14_unit_contact_poisoned_wind
warhammer_3,8.1.1,ultra,wh2_dlc14_skv_inf_poison_wind_mortar_0,projectile,wh2_dlc14_skv_poison_wind_mortar_globe_alt,wh2_dlc14_unit_contact_poisoned_wind_alt
warhammer_3,8.1.1,ultra,wh2_dlc14_skv_inf_poison_wind_mortar_0,explosion,wh2_dlc14_skv_poison_wind_mortar_alt,wh2_dlc14_unit_contact_poisoned_wind_alt
warhammer_3,8.1.1,ultra,wh2_dlc16_skv_mon_brood_horror_0,melee,wh2_dlc12_skv_brood_horror_0,wh_main_unit_contact_poison
warhammer_3,8.1.1,ultra,wh2_dlc16_skv_mon_wolf_rats_1,melee,wh2_dlc16_skv_wolf_rat_poison,wh_main_unit_contact_poison
warhammer_3,8.1.1,ultra,wh2_main_skv_art_plagueclaw_catapult,projectile,wh2_main_skv_plagueclaw,wh2_main_unit_contact_plague_monk_censer_morale
warhammer_3,8.1.1,ultra,wh2_main_skv_art_plagueclaw_catapult,explosion,wh2_main_skv_plagueclaw,wh2_main_unit_contact_plague_monk_censer_morale
warhammer_3,8.1.1,ultra,wh2_main_skv_cha_lord_skrolk,melee,wh2_main_skv_cha_skrolk,wh2_main_unit_contact_plague_monk_censer_morale
warhammer_3,8.1.1,ultra,wh2_main_skv_cha_plague_priest_0,melee,wh2_main_skv_cha_censer_hero,wh2_main_unit_contact_plague_monk_censer_morale
warhammer_3,8.1.1,ultra,wh2_main_skv_cha_plague_priest_2,melee,wh2_main_skv_cha_plague_furnace,wh2_main_unit_contact_plague_monk_censer_morale
warhammer_3,8.1.1,ultra,wh2_main_skv_inf_death_runners_0,melee,wh2_main_skv_weeping_blade,wh2_main_unit_contact_weeping_blade
warhammer_3,8.1.1,ultra,wh2_main_skv_inf_gutter_runner_slingers_1,melee,wh2_main_skv_claw_blade_poison,wh_main_unit_contact_poison
warhammer_3,8.1.1,ultra,wh2_main_skv_inf_gutter_runner_slingers_1,projectile,wh2_main_skv_sling_gutter_runners_poison,wh_main_unit_contact_poison
warhammer_3,8.1.1,ultra,wh2_main_skv_inf_gutter_runner_slingers_1,projectile,wh2_main_skv_sling_gutter_runners_poison_alt,wh_main_unit_contact_poison
warhammer_3,8.1.1,ultra,wh2_main_skv_inf_gutter_runners_1,melee,wh2_main_skv_claw_blade_poison,wh_main_unit_contact_poison
warhammer_3,8.1.1,ultra,wh2_main_skv_inf_gutter_runners_1,projectile,wh2_main_skv_throwing_star_gutter_runners_poison,wh_main_unit_contact_poison
warhammer_3,8.1.1,ultra,wh2_main_skv_inf_gutter_runners_1,projectile,wh2_main_skv_throwing_star_gutter_runners_poison_alt,wh_main_unit_contact_poison
warhammer_3,8.1.1,ultra,wh2_main_skv_inf_plague_monk_censer_bearer,melee,wh2_main_skv_censer,wh2_main_unit_contact_plague_monk_censer_morale
warhammer_3,8.1.1,ultra,wh2_main_skv_inf_poison_wind_globadiers,projectile,wh2_main_skv_poison_wind_globe,wh2_dlc14_unit_contact_poisoned_wind
warhammer_3,8.1.1,ultra,wh2_main_skv_inf_poison_wind_globadiers,explosion,wh2_main_skv_poison_wind_globe,wh2_dlc14_unit_contact_poisoned_wind
warhammer_3,8.1.1,ultra,wh2_main_skv_inf_poison_wind_globadiers,projectile,wh2_dlc14_skv_poison_wind_globe_alt,wh2_dlc14_unit_contact_poisoned_wind
warhammer_3,8.1.1,ultra,wh2_main_skv_inf_warpfire_thrower,projectile,wh2_main_skv_warpfire,wh_main_unit_contact_morale
warhammer_3,8.1.1,ultra,wh2_main_skv_inf_warpfire_thrower,projectile,wh2_dlc12_skv_warpfire_alt,wh_main_unit_contact_morale
warhammer_3,8.1.1,ultra,wh3_dlc20_chs_inf_chosen_msla_hellscourges,melee,wh3_dlc20_chs_chosen_msla_hellscourge_whip,wh_main_unit_contact_poison
warhammer_3,8.1.1,ultra,wh3_dlc27_chs_cha_exalted_hero_msla,melee,wh3_dlc27_chs_cha_exalted_hero_msla_whip,wh_main_unit_contact_poison
warhammer_3,8.1.1,ultra,wh3_dlc27_chs_cha_exalted_hero_msla_chaos_chariot,melee,wh3_dlc27_chs_cha_exalted_hero_msla_whip_chariot,wh_main_unit_contact_poison
warhammer_3,8.1.1,ultra,wh3_dlc27_chs_cha_exalted_hero_msla_chaos_steed,melee,wh3_dlc27_chs_cha_exalted_hero_msla_whip,wh_main_unit_contact_poison
warhammer_3,8.1.1,ultra,wh3_dlc27_chs_cha_exalted_hero_msla_daemonic_steed,melee,wh3_dlc27_chs_cha_exalted_hero_msla_whip_daemonic_steed,wh_main_unit_contact_poison
warhammer_3,8.1.1,ultra,wh3_dlc27_chs_cha_sorcerer_lord_shadows_msla,melee,wh3_dlc27_sla_sword_sorcerer,wh3_main_unit_contact_soporific_musk
warhammer_3,8.1.1,ultra,wh3_dlc27_chs_cha_sorcerer_lord_shadows_msla_chaos_steed,melee,wh3_dlc27_sla_sword_sorcerer,wh3_main_unit_contact_soporific_musk
warhammer_3,8.1.1,ultra,wh3_dlc27_chs_cha_sorcerer_lord_shadows_msla_daemonic_steed,melee,wh3_dlc27_sla_sword_sorcerer_lord_daemonic_steed,wh3_main_unit_contact_soporific_musk
warhammer_3,8.1.1,ultra,wh3_dlc27_chs_cha_sorcerer_lord_slaanesh_msla,melee,wh3_dlc27_sla_sword_sorcerer,wh3_main_unit_contact_soporific_musk
warhammer_3,8.1.1,ultra,wh3_dlc27_chs_cha_sorcerer_lord_slaanesh_msla_chaos_steed,melee,wh3_dlc27_sla_sword_sorcerer,wh3_main_unit_contact_soporific_musk
warhammer_3,8.1.1,ultra,wh3_dlc27_chs_cha_sorcerer_lord_slaanesh_msla_daemonic_steed,melee,wh3_dlc27_sla_sword_sorcerer_lord_daemonic_steed,wh3_main_unit_contact_soporific_musk
warhammer_3,8.1.1,ultra,wh3_dlc27_sla_cav_heartseekers_of_slaanesh_dechala,melee,wh3_main_sla_heartseekers_claws,wh_main_unit_contact_poison
warhammer_3,8.1.1,ultra,wh3_dlc27_sla_cav_pleasureseekers_dechala,melee,wh3_dlc27_sla_pleasureseekers,wh_main_unit_contact_poison
warhammer_3,8.1.1,ultra,wh3_dlc27_sla_cha_styrkaar_the_sortsvinaer,melee,wh3_dlc27_styrkaar_sword_and_shield,wh3_main_unit_contact_soporific_musk
warhammer_3,8.1.1,ultra,wh3_dlc27_sla_cha_styrkaar_the_sortsvinaer_daemonic_steed,melee,wh3_dlc27_styrkaar_sword_and_shield_daemonic_steed,wh3_main_unit_contact_soporific_musk
warhammer_3,8.1.1,ultra,wh3_dlc27_sla_cha_styrkaar_the_sortsvinaer_steed_of_slaanesh,melee,wh3_dlc27_styrkaar_sword_and_shield,wh3_main_unit_contact_soporific_musk
warhammer_3,8.1.1,ultra,wh3_dlc27_sla_inf_daemonette_1_dechala,melee,wh3_main_sla_daemonette_exalted_claws,wh2_dlc11_unit_contact_charmed
warhammer_3,8.1.1,ultra,wh3_dlc27_sla_mon_fiends_of_slaanesh_dechala,melee,wh3_main_sla_tongue_fiends,wh3_main_unit_contact_soporific_musk
warhammer_3,8.1.1,ultra,wh3_dlc27_sla_veh_exalted_seeker_chariot_dechala,melee,wh3_main_sla_exalted_seeker_chariot,wh_main_unit_contact_poison
warhammer_3,8.1.1,ultra,wh2_dlc09_tmb_art_screaming_skull_catapult_0,projectile,wh2_dlc09_tmb_skull_projectile,wh_main_unit_contact_overhead_morale
warhammer_3,8.1.1,ultra,wh2_dlc09_tmb_art_screaming_skull_catapult_0,explosion,wh2_dlc09_screaming_skull_explosion,wh_main_unit_contact_overhead_morale
warhammer_3,8.1.1,ultra,wh2_dlc09_tmb_cav_hexwraiths,melee,wh3_main_tmb_scythe_hexwraith,wh_dlc08_unit_contact_frostbite
warhammer_3,8.1.1,ultra,wh2_dlc09_tmb_cav_necropolis_knights_0,melee,wh2_dlc09_tmb_necropolis_knights_lance,wh_main_unit_contact_poison
warhammer_3,8.1.1,ultra,wh2_dlc09_tmb_cav_necropolis_knights_1,melee,wh2_dlc09_tmb_necropolis_knights_halberd,wh_main_unit_contact_poison
warhammer_3,8.1.1,ultra,wh2_dlc09_tmb_cav_necropolis_knights_ror,melee,wh2_dlc09_tmb_necropolis_knights_lance,wh_main_unit_contact_poison
warhammer_3,8.1.1,ultra,wh2_dlc09_tmb_inf_crypt_ghouls,melee,wh3_main_tmb_claws_ghouls,wh_main_unit_contact_poison
warhammer_3,8.1.1,ultra,wh2_dlc09_tmb_inf_nehekhara_warriors_ror,melee,wh2_dlc09_tmb_dual_sword_ror_ethereal,wh_dlc08_unit_contact_frostbite
warhammer_3,8.1.1,ultra,wh2_dlc09_tmb_inf_skeleton_archers_ror,projectile,wh2_tmb_skeleton_arrow_ror,wh_dlc06_unit_contact_sundered_armour
warhammer_3,8.1.1,ultra,wh2_dlc09_tmb_inf_skeleton_archers_ror,projectile,wh3_main_tmb_bow_skeleton_ror_khalida,wh_dlc06_unit_contact_sundered_armour
warhammer_3,8.1.1,ultra,wh2_dlc09_tmb_inf_skeleton_spearmen_ror,melee,wh2_dlc09_tmb_spear_ror,wh_main_unit_contact_poison
warhammer_3,8.1.1,ultra,wh2_dlc09_tmb_mon_sepulchral_stalkers_ror,projectile,wh2_dlc09_tmb_stalker_gaze_ror,wh_main_unit_contact_poison
warhammer_3,8.1.1,ultra,wh2_dlc09_tmb_mon_tomb_scorpion_0,melee,wh2_dlc09_tmb_scorpion_claws,wh_main_unit_contact_poison
warhammer_3,8.1.1,ultra,wh2_dlc09_tmb_mon_ushabti_ror,projectile,wh2_dlc09_tmb_ushabti_bolt_ror,wh2_dlc09_unit_contact_shieldbreaker
warhammer_3,8.1.1,ultra,wh3_dlc20_chs_cav_marauder_horsemen_mtze_javelins,projectile,wh3_dlc20_chs_marauder_horsemen_mtze_javelin,wh3_main_unit_contact_warpflame
warhammer_3,8.1.1,ultra,wh3_dlc24_tze_cha_blue_scribes,projectile,wh3_dlc24_blue_scribe_projectile,wh_dlc06_unit_contact_flammable
warhammer_3,8.1.1,ultra,wh3_dlc24_tze_cha_blue_scribes,projectile,wh3_dlc24_blue_scribe_projectile_blue_flame,wh_dlc06_unit_contact_flammable
warhammer_3,8.1.1,ultra,wh3_dlc24_tze_cha_blue_scribes,explosion,wh3_dlc24_scribes_blue_flame_bombardment,wh3_main_unit_contact_warpflame
warhammer_3,8.1.1,ultra,wh2_dlc11_cst_art_queen_bess,projectile,wh2_dlc11_cst_queen_bess,wh2_dlc11_unit_contact_monstrous_impact
warhammer_3,8.1.1,ultra,wh2_dlc11_cst_art_queen_bess,explosion,wh2_dlc11_cst_queen_bess,wh2_dlc11_unit_contact_monstrous_impact
warhammer_3,8.1.1,ultra,wh2_dlc11_cst_cav_deck_droppers_ror_0,projectile,wh2_dlc11_cst_bomb_deck_droppers_ror,wh_dlc06_unit_contact_sundered_armour
warhammer_3,8.1.1,ultra,wh2_dlc11_cst_cav_deck_droppers_ror_0,explosion,wh2_dlc11_cst_bomb_deckdroppers_ror_explosion,wh_dlc06_unit_contact_sundered_armour
warhammer_3,8.1.1,ultra,wh2_dlc11_cst_cha_mourngul_haunter,melee,wh2_dlc11_cst_claws_mourngul_haunter,wh_dlc08_unit_contact_frostbite
warhammer_3,8.1.1,ultra,wh2_dlc11_cst_inf_deck_gunners_0,projectile,wh2_cst_rifle_deck_gunner_bullet,wh2_dlc09_unit_contact_shieldbreaker
warhammer_3,8.1.1,ultra,wh2_dlc11_cst_inf_deck_gunners_ror_0,melee,wh2_dlc11_cst_sword_zombie_magical,wh_dlc08_unit_contact_frostbite
warhammer_3,8.1.1,ultra,wh2_dlc11_cst_inf_deck_gunners_ror_0,projectile,wh2_cst_rifle_deck_gunner_bullet_ror,wh_dlc06_unit_contact_discouraged
warhammer_3,8.1.1,ultra,wh2_dlc11_cst_inf_syreens,melee,wh2_dlc11_cst_sword_syreen,wh2_dlc11_unit_contact_charmed
warhammer_3,8.1.1,ultra,wh2_dlc11_cst_mon_mournguls_0,melee,wh2_dlc11_cst_claws_mournguls,wh_dlc08_unit_contact_frostbite
warhammer_3,8.1.1,ultra,wh2_dlc11_cst_mon_mournguls_ror_0,melee,wh2_dlc11_cst_claws_mournguls_ror,wh_dlc08_unit_contact_frostbite
warhammer_3,8.1.1,ultra,wh2_dlc11_cst_mon_necrofex_colossus_ror_0,melee,wh2_dlc11_cst_necrofex_colossus_ror,wh_main_unit_contact_morale
warhammer_3,8.1.1,ultra,wh2_dlc11_cst_mon_necrofex_colossus_ror_0,projectile,wh2_cst_necrofex_colossus_flame,wh_main_unit_contact_morale
warhammer_3,8.1.1,ultra,wh2_dlc11_cst_mon_necrofex_colossus_ror_0,explosion,wh2_cst_necrofex_colossus_flame_explosion,wh_main_unit_contact_morale
warhammer_3,8.1.1,ultra,wh2_dlc11_cst_mon_terrorgheist,melee,wh2_dlc11_cst_terrorgheist,wh_main_unit_contact_poison
warhammer_3,8.1.1,ultra,wh_dlc04_vmp_cav_chillgheists_0,melee,wh_main_vmp_scythe_chillgheist,wh_dlc08_unit_contact_frostbite
warhammer_3,8.1.1,ultra,wh_dlc04_vmp_inf_feasters_in_the_dusk_0,melee,wh_main_claws_ghouls,wh_main_unit_contact_poison
warhammer_3,8.1.1,ultra,wh_dlc04_vmp_inf_konigstein_stalkers_0,melee,wh_dlc04_vmp_sword_stalkers_poison,wh_main_unit_contact_poison
warhammer_3,8.1.1,ultra,wh_main_vmp_cav_hexwraiths,melee,wh_main_vmp_scythe_hexwraith,wh_dlc08_unit_contact_frostbite
warhammer_3,8.1.1,ultra,wh_main_vmp_cha_banshee,melee,wh_main_vmp_hero_banshee,wh_dlc08_unit_contact_frostbite
warhammer_3,8.1.1,ultra,wh_main_vmp_inf_cairn_wraiths,melee,wh_main_vmp_scythe_cairnwraith,wh_dlc08_unit_contact_frostbite
warhammer_3,8.1.1,ultra,wh_main_vmp_inf_crypt_ghouls,melee,wh_main_claws_ghouls,wh_main_unit_contact_poison
warhammer_3,8.1.1,ultra,wh_main_vmp_mon_crypt_horrors,melee,wh_main_claws_crypt_horrors,wh_main_unit_contact_poison
warhammer_3,8.1.1,ultra,wh_main_vmp_mon_terrorgheist,melee,wh_main_vmp_terrorgheist,wh_main_unit_contact_poison
warhammer_3,8.1.1,ultra,wh3_dlc20_chs_cav_chaos_chariot_msla_ror,melee,wh3_dlc20_chs_chariot_msla_ror,wh_main_unit_contact_poison
warhammer_3,8.1.1,ultra,wh3_dlc20_chs_cha_chaos_lord_msla,melee,wh3_dlc20_chs_sword_lord_msla,wh3_main_unit_contact_soporific_musk
warhammer_3,8.1.1,ultra,wh3_dlc20_chs_cha_chaos_lord_msla_chaos_chariot,melee,wh3_dlc20_chs_chariot_lord_msla,wh3_main_unit_contact_soporific_musk
warhammer_3,8.1.1,ultra,wh3_dlc20_chs_cha_chaos_lord_msla_chaos_steed,melee,wh3_dlc20_chs_sword_lord_msla,wh3_main_unit_contact_soporific_musk
warhammer_3,8.1.1,ultra,wh3_dlc20_chs_cha_chaos_sorcerer_lord_death_mnur,melee,wh3_dlc20_chs_sword_caster_lord_hero_mnur,wh_main_unit_contact_poison
warhammer_3,8.1.1,ultra,wh3_dlc20_chs_cha_chaos_sorcerer_lord_death_mnur_chaos_steed,melee,wh3_dlc20_chs_sword_caster_lord_hero_mnur,wh_main_unit_contact_poison
warhammer_3,8.1.1,ultra,wh3_dlc20_chs_cha_chaos_sorcerer_lord_death_mnur_warshrine,melee,wh3_dlc20_chs_mon_warshrine_mnur,wh_main_unit_contact_poison
warhammer_3,8.1.1,ultra,wh3_dlc20_chs_cha_chaos_sorcerer_lord_nurgle_mnur,melee,wh3_dlc20_chs_sword_caster_lord_hero_mnur,wh_main_unit_contact_poison
warhammer_3,8.1.1,ultra,wh3_dlc20_chs_cha_chaos_sorcerer_lord_nurgle_mnur_chaos_steed,melee,wh3_dlc20_chs_sword_caster_lord_hero_mnur,wh_main_unit_contact_poison
warhammer_3,8.1.1,ultra,wh3_dlc20_chs_cha_chaos_sorcerer_lord_nurgle_mnur_warshrine,melee,wh3_dlc20_chs_mon_warshrine_mnur,wh_main_unit_contact_poison
warhammer_3,8.1.1,ultra,wh3_dlc20_chs_cha_cultist_msla_warshrine,melee,wh3_dlc20_chs_mon_warshrine_msla,wh3_main_unit_contact_soporific_musk
warhammer_3,8.1.1,ultra,wh3_dlc20_chs_cha_daemon_prince_mnur,melee,wh3_dlc20_chs_daemon_prince_mnur,wh_main_unit_contact_poison
warhammer_3,8.1.1,ultra,wh3_dlc20_chs_cha_daemon_prince_msla,melee,wh3_dlc20_chs_daemon_prince_msla,wh3_main_unit_contact_soporific_musk
warhammer_3,8.1.1,ultra,wh3_dlc20_chs_cha_exalted_hero_mnur,melee,wh3_dlc20_chs_cha_exalted_hero_mnur_great_axe,wh_main_unit_contact_poison
warhammer_3,8.1.1,ultra,wh3_dlc20_chs_cha_exalted_hero_mnur_chaos_chariot,melee,wh3_dlc20_chs_cha_exalted_hero_mnur_great_axe_chariot,wh_main_unit_contact_poison
warhammer_3,8.1.1,ultra,wh3_dlc20_chs_cha_exalted_hero_mnur_chaos_steed,melee,wh3_dlc20_chs_cha_exalted_hero_mnur_great_axe,wh_main_unit_contact_poison
warhammer_3,8.1.1,ultra,wh3_dlc20_chs_inf_chaos_marauders_msla_hellscourges,melee,wh3_main_sla_marauders_hellscourge_whip,wh_main_unit_contact_poison
warhammer_3,8.1.1,ultra,wh3_dlc20_nur_cha_cultist_mnur_warshrine,melee,wh3_dlc20_chs_mon_warshrine_mnur,wh_main_unit_contact_poison
warhammer_3,8.1.1,ultra,wh3_dlc20_nur_cha_festus,melee,wh3_dlc20_nur_cha_festus_staff_bottle,wh_main_unit_contact_poison
warhammer_3,8.1.1,ultra,wh3_dlc25_chs_cha_chaos_lord_mnur,melee,wh3_dlc25_chs_cha_chaos_lord_mnur_sword,wh_main_unit_contact_poison
warhammer_3,8.1.1,ultra,wh3_dlc25_chs_cha_chaos_lord_mnur_chaos_chariot,melee,wh3_dlc25_chs_cha_chaos_lord_mnur_sword_chariot,wh_main_unit_contact_poison
warhammer_3,8.1.1,ultra,wh3_dlc25_chs_cha_chaos_lord_mnur_chaos_steed,melee,wh3_dlc25_chs_cha_chaos_lord_mnur_sword,wh_main_unit_contact_poison
warhammer_3,8.1.1,ultra,wh3_dlc25_chs_cha_chaos_lord_mnur_rot_beast,melee,wh3_dlc25_chs_cha_chaos_lord_mnur_sword_rot_beast,wh_main_unit_contact_poison
warhammer_3,8.1.1,ultra,wh3_dlc25_chs_cha_chaos_sorcerer_death_mnur,melee,wh3_dlc25_chs_sword_caster_hero_mnur,wh_main_unit_contact_poison
warhammer_3,8.1.1,ultra,wh3_dlc25_chs_cha_chaos_sorcerer_death_mnur_chaos_steed,melee,wh3_dlc25_chs_sword_caster_hero_mnur,wh_main_unit_contact_poison
warhammer_3,8.1.1,ultra,wh3_dlc25_chs_cha_chaos_sorcerer_death_mnur_rot_beast,melee,wh3_dlc25_chs_sword_caster_hero_mnur_rot_beast,wh_main_unit_contact_poison
warhammer_3,8.1.1,ultra,wh3_dlc25_chs_cha_chaos_sorcerer_death_mnur_warshrine,melee,wh3_dlc20_chs_mon_warshrine_mnur,wh_main_unit_contact_poison
warhammer_3,8.1.1,ultra,wh3_dlc25_chs_cha_chaos_sorcerer_nurgle_mnur,melee,wh3_dlc25_chs_sword_caster_hero_mnur,wh_main_unit_contact_poison
warhammer_3,8.1.1,ultra,wh3_dlc25_chs_cha_chaos_sorcerer_nurgle_mnur_chaos_steed,melee,wh3_dlc25_chs_sword_caster_hero_mnur,wh_main_unit_contact_poison
warhammer_3,8.1.1,ultra,wh3_dlc25_chs_cha_chaos_sorcerer_nurgle_mnur_rot_beast,melee,wh3_dlc25_chs_sword_caster_hero_mnur_rot_beast,wh_main_unit_contact_poison
warhammer_3,8.1.1,ultra,wh3_dlc25_chs_cha_chaos_sorcerer_nurgle_mnur_warshrine,melee,wh3_dlc20_chs_mon_warshrine_mnur,wh_main_unit_contact_poison
warhammer_3,8.1.1,ultra,wh3_dlc25_chs_cha_exalted_hero_mnur_rot_beast,melee,wh3_dlc20_chs_cha_exalted_hero_mnur_great_axe_rot_beast,wh_main_unit_contact_poison
warhammer_3,8.1.1,ultra,wh3_dlc27_woc_mon_chimera_ror,melee,wh3_dlc27_nor_chimera,wh_main_unit_contact_poison
warhammer_3,8.1.1,ultra,wh3_main_nur_inf_forsaken_0_warriors,melee,wh3_main_nur_forsaken,wh_main_unit_contact_poison
warhammer_3,8.1.1,ultra,wh3_main_nur_mon_spawn_of_nurgle_0_warriors,melee,wh3_main_nur_claws_chaos_spawn,wh_main_unit_contact_poison
warhammer_3,8.1.1,ultra,wh2_dlc16_wef_cha_ancient_treeman_coeddil_0,melee,wh_dlc16_wef_ancient_treeman_coeddil_claws,wh_dlc06_unit_contact_sundered_armour
warhammer_3,8.1.1,ultra,wh_dlc05_wef_cav_glade_riders_1,projectile,wh_dlc05_wef_hagbane_arrow_mounted,wh_main_unit_contact_poison
warhammer_3,8.1.1,ultra,wh_dlc05_wef_cav_sisters_thorn_0,projectile,wh_dlc05_wef_javelin,wh_main_unit_contact_poison
warhammer_3,8.1.1,ultra,wh_dlc05_wef_cha_female_glade_lord_3,melee,wh_dlc05_wef_dragon,wh_main_unit_contact_poison
warhammer_3,8.1.1,ultra,wh_dlc05_wef_cha_glade_lord_3,melee,wh_dlc05_wef_dragon,wh_main_unit_contact_poison
warhammer_3,8.1.1,ultra,wh_dlc05_wef_forest_dragon_0,melee,wh_dlc05_wef_dragon,wh_main_unit_contact_poison
warhammer_3,8.1.1,ultra,wh_dlc05_wef_inf_glade_guard_2,projectile,wh_dlc05_wef_hagbane_arrow,wh_main_unit_contact_poison
