game,patch,unit_scale,base_unit_key,mounted_unit_key,icon_name
warhammer_3,8.1.1,ultra,wh2_dlc09_tmb_cha_liche_priest_death_0,wh2_dlc09_tmb_cha_liche_priest_death_1,ui/campaign ui/mounts/mount_skeletal_steed_tmb.png
warhammer_3,8.1.1,ultra,wh2_dlc09_tmb_cha_liche_priest_light_0,wh2_dlc09_tmb_cha_liche_priest_light_1,ui/campaign ui/mounts/mount_skeletal_steed_tmb.png
warhammer_3,8.1.1,ultra,wh2_dlc09_tmb_cha_liche_priest_nehekhara_0,wh2_dlc09_tmb_cha_liche_priest_nehekhara_1,ui/campaign ui/mounts/mount_skeletal_steed_tmb.png
warhammer_3,8.1.1,ultra,wh2_dlc09_tmb_cha_liche_priest_shadow_0,wh2_dlc09_tmb_cha_liche_priest_shadow_1,ui/campaign ui/mounts/mount_skeletal_steed_tmb.png
warhammer_3,8.1.1,ultra,wh2_dlc09_tmb_cha_necrotect_0,wh2_dlc09_tmb_cha_necrotect_1,ui/campaign ui/mounts/mount_skeleton_chariot.png
warhammer_3,8.1.1,ultra,wh2_dlc09_tmb_cha_tomb_prince_0,wh2_dlc09_tmb_cha_tomb_prince_1,ui/campaign ui/mounts/mount_skeletal_steed_tmb.png
warhammer_3,8.1.1,ultra,wh2_dlc09_tmb_cha_tomb_prince_0,wh2_dlc09_tmb_cha_tomb_prince_2,ui/campaign ui/mounts/mount_skeleton_chariot.png
warhammer_3,8.1.1,ultra,wh2_dlc10_def_cha_crone_0,wh2_dlc10_def_cha_crone_1,ui/campaign ui/mounts/mount_dark_steed.png
warhammer_3,8.1.1,ultra,wh2_dlc10_def_cha_crone_0,wh2_dlc10_def_cha_crone_4,ui/campaign ui/mounts/mount_cauldron_of_blood.png
warhammer_3,8.1.1,ultra,wh2_dlc10_def_cha_crone_0,wh2_dlc10_def_cha_crone_5,ui/campaign ui/mounts/mount_manticore.png
warhammer_3,8.1.1,ultra,wh2_dlc10_def_cha_supreme_sorceress_dark_0,wh2_dlc10_def_cha_supreme_sorceress_dark_1,ui/campaign ui/mounts/mount_dark_steed.png
warhammer_3,8.1.1,ultra,wh2_dlc10_def_cha_supreme_sorceress_dark_0,wh2_dlc10_def_cha_supreme_sorceress_dark_2,ui/campaign ui/mounts/mount_cold_one.png
warhammer_3,8.1.1,ultra,wh2_dlc10_def_cha_supreme_sorceress_dark_0,wh2_dlc10_def_cha_supreme_sorceress_dark_3,ui/campaign ui/mounts/mount_dark_pegasus.png
warhammer_3,8.1.1,ultra,wh2_dlc10_def_cha_supreme_sorceress_dark_0,wh2_dlc10_def_cha_supreme_sorceress_dark_4,ui/campaign ui/mounts/mount_manticore.png
warhammer_3,8.1.1,ultra,wh2_dlc10_def_cha_supreme_sorceress_dark_0,wh2_dlc10_def_cha_supreme_sorceress_dark_5,ui/campaign ui/mounts/mount_black_dragon.png
warhammer_3,8.1.1,ultra,wh2_dlc10_def_cha_supreme_sorceress_fire_0,wh2_dlc10_def_cha_supreme_sorceress_fire_1,ui/campaign ui/mounts/mount_dark_steed.png
warhammer_3,8.1.1,ultra,wh2_dlc10_def_cha_supreme_sorceress_fire_0,wh2_dlc10_def_cha_supreme_sorceress_fire_2,ui/campaign ui/mounts/mount_cold_one.png
warhammer_3,8.1.1,ultra,wh2_dlc10_def_cha_supreme_sorceress_fire_0,wh2_dlc10_def_cha_supreme_sorceress_fire_3,ui/campaign ui/mounts/mount_dark_pegasus.png
warhammer_3,8.1.1,ultra,wh2_dlc10_def_cha_supreme_sorceress_fire_0,wh2_dlc10_def_cha_supreme_sorceress_fire_4,ui/campaign ui/mounts/mount_manticore.png
warhammer_3,8.1.1,ultra,wh2_dlc10_def_cha_supreme_sorceress_fire_0,wh2_dlc10_def_cha_supreme_sorceress_fire_5,ui/campaign ui/mounts/mount_black_dragon.png
warhammer_3,8.1.1,ultra,wh2_dlc10_def_cha_supreme_sorceress_shadow_0,wh2_dlc10_def_cha_supreme_sorceress_shadow_1,ui/campaign ui/mounts/mount_dark_steed.png
warhammer_3,8.1.1,ultra,wh2_dlc10_def_cha_supreme_sorceress_shadow_0,wh2_dlc10_def_cha_supreme_sorceress_shadow_2,ui/campaign ui/mounts/mount_cold_one.png
warhammer_3,8.1.1,ultra,wh2_dlc10_def_cha_supreme_sorceress_shadow_0,wh2_dlc10_def_cha_supreme_sorceress_shadow_3,ui/campaign ui/mounts/mount_dark_pegasus.png
warhammer_3,8.1.1,ultra,wh2_dlc10_def_cha_supreme_sorceress_shadow_0,wh2_dlc10_def_cha_supreme_sorceress_shadow_4,ui/campaign ui/mounts/mount_manticore.png
warhammer_3,8.1.1,ultra,wh2_dlc10_def_cha_supreme_sorceress_shadow_0,wh2_dlc10_def_cha_supreme_sorceress_shadow_5,ui/campaign ui/mounts/mount_black_dragon.png
warhammer_3,8.1.1,ultra,wh2_dlc10_hef_cha_alarielle_the_radiant_0,wh2_dlc10_hef_cha_alarielle_the_radiant_2,ui/campaign ui/mounts/mount_barded_ithilmar_steed.png
warhammer_3,8.1.1,ultra,wh2_dlc10_hef_cha_alarielle_the_radiant_0,wh2_dlc10_hef_cha_alarielle_the_radiant_3,ui/campaign ui/mounts/mount_great_eagle.png
warhammer_3,8.1.1,ultra,wh2_dlc10_hef_cha_handmaiden_0,wh2_dlc10_hef_cha_handmaiden_2,ui/campaign ui/mounts/mount_barded_ithilmar_steed.png
warhammer_3,8.1.1,ultra,wh2_dlc11_cst_cha_gunnery_wight_0,wh2_dlc11_cst_cha_gunnery_wight_1,ui/campaign ui/mounts/mount_promethean.png
warhammer_3,8.1.1,ultra,wh2_dlc11_cst_cha_vampire_fleet_captain_0,wh2_dlc11_cst_cha_vampire_fleet_captain_1,ui/campaign ui/mounts/mount_promethean.png
warhammer_3,8.1.1,ultra,wh2_dlc11_def_cha_lokhir_fellheart_0,wh2_dlc11_def_cha_lokhir_fellheart_1,ui/campaign ui/mounts/mount_black_dragon.png
warhammer_3,8.1.1,ultra,wh2_dlc14_def_cha_high_beastmaster_0,wh2_dlc14_def_cha_high_beastmaster_1,ui/campaign ui/mounts/mount_scourgerunner_chariot.png
warhammer_3,8.1.1,ultra,wh2_dlc14_def_cha_high_beastmaster_0,wh2_dlc14_def_cha_high_beastmaster_2,ui/campaign ui/mounts/mount_manticore.png
warhammer_3,8.1.1,ultra,wh2_dlc14_def_cha_malus_darkblade_0,wh2_dlc14_def_cha_malus_darkblade_1,ui/campaign ui/mounts/mount_cold_one.png
warhammer_3,8.1.1,ultra,wh2_dlc14_def_cha_master_0,wh2_dlc14_def_cha_master_1,ui/campaign ui/mounts/mount_dark_steed.png
warhammer_3,8.1.1,ultra,wh2_dlc14_def_cha_master_0,wh2_dlc14_def_cha_master_2,ui/campaign ui/mounts/mount_cold_one.png
warhammer_3,8.1.1,ultra,wh2_dlc14_def_cha_master_0,wh2_dlc14_def_cha_master_3,ui/campaign ui/mounts/mount_dark_pegasus.png
warhammer_3,8.1.1,ultra,wh2_dlc14_def_cha_master_0,wh2_dlc14_def_cha_master_4,ui/campaign ui/mounts/mount_cold_one_chariot.png
warhammer_3,8.1.1,ultra,wh2_dlc17_bst_cha_wargor_0,wh2_dlc17_bst_cha_wargor_1,ui/campaign ui/mounts/mount_razorgor_chariot.png
warhammer_3,8.1.1,ultra,wh2_dlc17_bst_cha_wargor_0,wh2_dlc17_bst_cha_wargor_2,ui/campaign ui/mounts/mount_tuskgor_chariot.png
warhammer_3,8.1.1,ultra,wh2_main_def_cha_death_hag_0,wh2_main_def_cha_death_hag_1,ui/campaign ui/mounts/mount_cauldron_of_blood.png
warhammer_3,8.1.1,ultra,wh2_main_def_cha_dreadlord_0,wh2_main_def_cha_dreadlord_1,ui/campaign ui/mounts/mount_dark_steed.png
warhammer_3,8.1.1,ultra,wh2_main_def_cha_dreadlord_0,wh2_main_def_cha_dreadlord_2,ui/campaign ui/mounts/mount_cold_one.png
warhammer_3,8.1.1,ultra,wh2_main_def_cha_dreadlord_0,wh2_main_def_cha_dreadlord_4,ui/campaign ui/mounts/mount_black_dragon.png
warhammer_3,8.1.1,ultra,wh2_main_def_cha_dreadlord_0,wh2_main_def_cha_dreadlord_5,ui/campaign ui/mounts/mount_dark_pegasus.png
warhammer_3,8.1.1,ultra,wh2_main_def_cha_malekith_0,wh2_main_def_cha_malekith_1,ui/campaign ui/mounts/mount_cold_one.png
warhammer_3,8.1.1,ultra,wh2_main_def_cha_malekith_0,wh2_main_def_cha_malekith_2,ui/campaign ui/mounts/mount_cold_one_chariot.png
warhammer_3,8.1.1,ultra,wh2_main_def_cha_malekith_0,wh2_main_def_cha_malekith_3,ui/campaign ui/mounts/mount_black_dragon.png
warhammer_3,8.1.1,ultra,wh2_main_def_cha_sorceress_dark_0,wh2_main_def_cha_sorceress_dark_1,ui/campaign ui/mounts/mount_dark_steed.png
warhammer_3,8.1.1,ultra,wh2_main_def_cha_sorceress_dark_0,wh2_main_def_cha_sorceress_dark_2,ui/campaign ui/mounts/mount_cold_one.png
warhammer_3,8.1.1,ultra,wh2_main_def_cha_sorceress_dark_0,wh2_main_def_cha_sorceress_dark_3,ui/campaign ui/mounts/mount_dark_pegasus.png
warhammer_3,8.1.1,ultra,wh2_main_hef_cha_mage_high_0,wh2_main_hef_cha_mage_high_1,ui/campaign ui/mounts/mount_barded_ithilmar_steed.png
warhammer_3,8.1.1,ultra,wh2_main_hef_cha_mage_high_0,wh2_main_hef_cha_mage_high_4,ui/campaign ui/mounts/mount_ithilmar_chariot.png
warhammer_3,8.1.1,ultra,wh2_main_hef_cha_noble_0,wh2_main_hef_cha_noble_2,ui/campaign ui/mounts/mount_barded_ithilmar_steed.png
warhammer_3,8.1.1,ultra,wh2_main_hef_cha_noble_0,wh2_main_hef_cha_noble_3,ui/campaign ui/mounts/mount_great_eagle.png
warhammer_3,8.1.1,ultra,wh2_main_hef_cha_noble_0,wh2_main_hef_cha_noble_4,ui/campaign ui/mounts/mount_ithilmar_chariot.png
warhammer_3,8.1.1,ultra,wh2_main_hef_cha_prince_0,wh2_dlc15_hef_cha_prince_6,ui/campaign ui/mounts/mount_hef_griffon.png
warhammer_3,8.1.1,ultra,wh2_main_hef_cha_prince_0,wh2_main_hef_cha_prince_2,ui/campaign ui/mounts/mount_barded_ithilmar_steed.png
warhammer_3,8.1.1,ultra,wh2_main_hef_cha_prince_0,wh2_main_hef_cha_prince_3,ui/campaign ui/mounts/mount_great_eagle.png
warhammer_3,8.1.1,ultra,wh2_main_hef_cha_prince_0,wh2_main_hef_cha_prince_4,ui/campaign ui/mounts/mount_sun_dragon.png
warhammer_3,8.1.1,ultra,wh2_main_hef_cha_prince_0,wh2_main_hef_cha_prince_5,ui/campaign ui/mounts/mount_star_dragon.png
warhammer_3,8.1.1,ultra,wh2_main_hef_cha_teclis_0,wh2_dlc15_hef_cha_teclis_2,ui/campaign ui/mounts/mount_arcane_phoenix.png
warhammer_3,8.1.1,ultra,wh2_main_hef_cha_teclis_0,wh2_main_hef_cha_teclis_1,ui/campaign ui/mounts/mount_barded_ithilmar_steed.png
warhammer_3,8.1.1,ultra,wh2_main_lzd_cha_saurus_scar_veteran_0,wh2_main_lzd_cha_saurus_scar_veteran_1,ui/campaign ui/mounts/mount_cold_one.png
warhammer_3,8.1.1,ultra,wh2_main_lzd_cha_saurus_scar_veteran_0,wh2_main_lzd_cha_saurus_scar_veteran_2,ui/campaign ui/mounts/mount_carnosaur.png
warhammer_3,8.1.1,ultra,wh2_main_lzd_cha_skink_chief_0,wh2_main_lzd_cha_skink_chief_1,ui/campaign ui/mounts/mount_terradon.png
warhammer_3,8.1.1,ultra,wh2_main_lzd_cha_skink_chief_0,wh2_main_lzd_cha_skink_chief_2,ui/campaign ui/mounts/mount_stegadon.png
warhammer_3,8.1.1,ultra,wh2_main_lzd_cha_skink_chief_0,wh2_main_lzd_cha_skink_chief_3,ui/campaign ui/mounts/mount_ancient_stegadon.png
warhammer_3,8.1.1,ultra,wh2_main_lzd_cha_skink_priest_beasts_0,wh2_dlc12_lzd_cha_skink_priest_beasts_4,ui/campaign ui/mounts/mount_stegadon_engine_gods.png
warhammer_3,8.1.1,ultra,wh2_main_lzd_cha_skink_priest_beasts_0,wh2_main_lzd_cha_skink_priest_beasts_1,ui/campaign ui/mounts/mount_terradon.png
warhammer_3,8.1.1,ultra,wh2_main_lzd_cha_skink_priest_beasts_0,wh2_main_lzd_cha_skink_priest_beasts_2,ui/campaign ui/mounts/mount_stegadon.png
warhammer_3,8.1.1,ultra,wh2_main_lzd_cha_skink_priest_beasts_0,wh2_main_lzd_cha_skink_priest_beasts_3,ui/campaign ui/mounts/mount_ancient_stegadon.png
warhammer_3,8.1.1,ultra,wh2_main_lzd_cha_skink_priest_heavens_0,wh2_dlc12_lzd_cha_skink_priest_heavens_4,ui/campaign ui/mounts/mount_stegadon_engine_gods.png
warhammer_3,8.1.1,ultra,wh2_main_lzd_cha_skink_priest_heavens_0,wh2_main_lzd_cha_skink_priest_heavens_1,ui/campaign ui/mounts/mount_terradon.png
warhammer_3,8.1.1,ultra,wh2_main_lzd_cha_skink_priest_heavens_0,wh2_main_lzd_cha_skink_priest_heavens_2,ui/campaign ui/mounts/mount_stegadon.png
warhammer_3,8.1.1,ultra,wh2_main_lzd_cha_skink_priest_heavens_0,wh2_main_lzd_cha_skink_priest_heavens_3,ui/campaign ui/mounts/mount_ancient_stegadon.png
warhammer_3,8.1.1,ultra,wh2_main_skv_cha_grey_seer_plague_0,wh2_main_skv_cha_grey_seer_plague_1,ui/campaign ui/mounts/mount_screaming_bell.png
warhammer_3,8.1.1,ultra,wh2_main_skv_cha_plague_priest_0,wh2_main_skv_cha_plague_priest_2,ui/campaign ui/mounts/mount_plague_furnace.png
warhammer_3,8.1.1,ultra,wh2_main_skv_cha_warlord_0,wh2_dlc16_skv_cha_warlord_2,ui/campaign ui/mounts/mount_brood_horror.png
warhammer_3,8.1.1,ultra,wh2_main_skv_cha_warlord_0,wh2_main_skv_cha_warlord_1,ui/campaign ui/mounts/mount_rat_ogre.png
warhammer_3,8.1.1,ultra,wh2_pro09_grn_cha_black_orc_big_boss_0,wh2_pro09_grn_cha_black_orc_big_boss_1,ui/campaign ui/mounts/mount_war_boar.png
warhammer_3,8.1.1,ultra,wh2_twa02_wef_cha_glade_captain_0,wh2_twa02_wef_cha_glade_captain_1,ui/campaign ui/mounts/mount_warhorse.png
warhammer_3,8.1.1,ultra,wh2_twa02_wef_cha_glade_captain_0,wh2_twa02_wef_cha_glade_captain_2,ui/campaign ui/mounts/mount_great_eagle.png
warhammer_3,8.1.1,ultra,wh2_twa02_wef_cha_glade_captain_0,wh2_twa02_wef_cha_glade_captain_3,ui/campaign ui/mounts/mount_great_stag.png
warhammer_3,8.1.1,ultra,wh2_twa03_def_cha_rakarth_0,wh2_twa03_def_cha_rakarth_1,ui/campaign ui/mounts/mount_scourgerunner_chariot.png
warhammer_3,8.1.1,ultra,wh2_twa03_def_cha_rakarth_0,wh2_twa03_def_cha_rakarth_2,ui/campaign ui/mounts/mount_manticore.png
warhammer_3,8.1.1,ultra,wh2_twa03_def_cha_rakarth_0,wh2_twa03_def_cha_rakarth_3,ui/campaign ui/mounts/mount_black_dragon.png
warhammer_3,8.1.1,ultra,wh3_dlc20_chs_cha_chaos_lord_mkho,wh3_dlc20_chs_cha_chaos_lord_mkho_chaos_steed,ui/campaign ui/mounts/mount_barded_chaos_steed.png
warhammer_3,8.1.1,ultra,wh3_dlc20_chs_cha_chaos_lord_mkho,wh3_dlc20_chs_cha_chaos_lord_mkho_gorebeast_chariot,ui/campaign ui/mounts/mount_gorebeast_chariot.png
warhammer_3,8.1.1,ultra,wh3_dlc20_chs_cha_chaos_lord_mkho,wh3_dlc20_chs_cha_chaos_lord_mkho_juggernaut,ui/campaign ui/mounts/mount_juggernaut.png
warhammer_3,8.1.1,ultra,wh3_dlc20_chs_cha_chaos_lord_msla,wh3_dlc20_chs_cha_chaos_lord_msla_chaos_chariot,ui/campaign ui/mounts/mount_chaos_chariot.png
warhammer_3,8.1.1,ultra,wh3_dlc20_chs_cha_chaos_lord_msla,wh3_dlc20_chs_cha_chaos_lord_msla_chaos_steed,ui/campaign ui/mounts/mount_chaos_steed.png
warhammer_3,8.1.1,ultra,wh3_dlc20_chs_cha_chaos_lord_msla,wh3_dlc27_chs_cha_chaos_lord_msla_daemonic_steed,ui/campaign ui/mounts/mount_daemonic_steed.png
warhammer_3,8.1.1,ultra,wh3_dlc20_chs_cha_chaos_sorcerer_lord_death_mnur,wh3_dlc20_chs_cha_chaos_sorcerer_lord_death_mnur_chaos_steed,ui/campaign ui/mounts/mount_chaos_steed.png
warhammer_3,8.1.1,ultra,wh3_dlc20_chs_cha_chaos_sorcerer_lord_death_mnur,wh3_dlc20_chs_cha_chaos_sorcerer_lord_death_mnur_warshrine,ui/campaign ui/mounts/mount_warshrine.png
warhammer_3,8.1.1,ultra,wh3_dlc20_chs_cha_chaos_sorcerer_lord_death_mnur,wh3_dlc25_chs_cha_chaos_sorcerer_lord_death_mnur_rot_beast,ui/campaign ui/mounts/mount_rot_beast.png
warhammer_3,8.1.1,ultra,wh3_dlc20_chs_cha_chaos_sorcerer_lord_metal_mtze,wh3_dlc20_chs_cha_chaos_sorcerer_lord_metal_mtze_chaos_steed,ui/campaign ui/mounts/mount_chaos_steed.png
warhammer_3,8.1.1,ultra,wh3_dlc20_chs_cha_chaos_sorcerer_lord_metal_mtze,wh3_dlc20_chs_cha_chaos_sorcerer_lord_metal_mtze_disc,ui/campaign ui/mounts/mount_disc_of_tzeentch.png
warhammer_3,8.1.1,ultra,wh3_dlc20_chs_cha_chaos_sorcerer_lord_metal_mtze,wh3_dlc20_chs_cha_chaos_sorcerer_lord_metal_mtze_warshrine,ui/campaign ui/mounts/mount_warshrine.png
warhammer_3,8.1.1,ultra,wh3_dlc20_chs_cha_chaos_sorcerer_lord_nurgle_mnur,wh3_dlc20_chs_cha_chaos_sorcerer_lord_nurgle_mnur_chaos_steed,ui/campaign ui/mounts/mount_chaos_steed.png
warhammer_3,8.1.1,ultra,wh3_dlc20_chs_cha_chaos_sorcerer_lord_nurgle_mnur,wh3_dlc20_chs_cha_chaos_sorcerer_lord_nurgle_mnur_warshrine,ui/campaign ui/mounts/mount_warshrine.png
warhammer_3,8.1.1,ultra,wh3_dlc20_chs_cha_chaos_sorcerer_lord_nurgle_mnur,wh3_dlc25_chs_cha_chaos_sorcerer_lord_nurgle_mnur_rot_beast,ui/campaign ui/mounts/mount_rot_beast.png
warhammer_3,8.1.1,ultra,wh3_dlc20_chs_cha_chaos_sorcerer_lord_tzeentch_mtze,wh3_dlc20_chs_cha_chaos_sorcerer_lord_tzeentch_mtze_chaos_steed,ui/campaign ui/mounts/mount_chaos_steed.png
warhammer_3,8.1.1,ultra,wh3_dlc20_chs_cha_chaos_sorcerer_lord_tzeentch_mtze,wh3_dlc20_chs_cha_chaos_sorcerer_lord_tzeentch_mtze_disc,ui/campaign ui/mounts/mount_disc_of_tzeentch.png
warhammer_3,8.1.1,ultra,wh3_dlc20_chs_cha_chaos_sorcerer_lord_tzeentch_mtze,wh3_dlc20_chs_cha_chaos_sorcerer_lord_tzeentch_mtze_warshrine,ui/campaign ui/mounts/mount_warshrine.png
warhammer_3,8.1.1,ultra,wh3_dlc20_chs_cha_chaos_sorcerer_metal_mtze,wh3_dlc20_chs_cha_chaos_sorcerer_metal_mtze_chaos_steed,ui/campaign ui/mounts/mount_chaos_steed.png
warhammer_3,8.1.1,ultra,wh3_dlc20_chs_cha_chaos_sorcerer_metal_mtze,wh3_dlc20_chs_cha_chaos_sorcerer_metal_mtze_disc,ui/campaign ui/mounts/mount_disc_of_tzeentch.png
warhammer_3,8.1.1,ultra,wh3_dlc20_chs_cha_chaos_sorcerer_metal_mtze,wh3_dlc20_chs_cha_chaos_sorcerer_metal_mtze_warshrine,ui/campaign ui/mounts/mount_warshrine.png
warhammer_3,8.1.1,ultra,wh3_dlc20_chs_cha_chaos_sorcerer_shadows_msla,wh3_dlc20_chs_cha_chaos_sorcerer_shadows_msla_chaos_steed,ui/campaign ui/mounts/mount_chaos_steed.png
warhammer_3,8.1.1,ultra,wh3_dlc20_chs_cha_chaos_sorcerer_shadows_msla,wh3_dlc20_chs_cha_chaos_sorcerer_shadows_msla_warshrine,ui/campaign ui/mounts/mount_warshrine.png
warhammer_3,8.1.1,ultra,wh3_dlc20_chs_cha_chaos_sorcerer_shadows_msla,wh3_dlc27_chs_cha_chaos_sorcerer_shadows_msla_daemonic_steed,ui/campaign ui/mounts/mount_daemonic_steed.png
warhammer_3,8.1.1,ultra,wh3_dlc20_chs_cha_chaos_sorcerer_slaanesh_msla,wh3_dlc20_chs_cha_chaos_sorcerer_slaanesh_msla_chaos_steed,ui/campaign ui/mounts/mount_chaos_steed.png
warhammer_3,8.1.1,ultra,wh3_dlc20_chs_cha_chaos_sorcerer_slaanesh_msla,wh3_dlc20_chs_cha_chaos_sorcerer_slaanesh_msla_warshrine,ui/campaign ui/mounts/mount_warshrine.png
warhammer_3,8.1.1,ultra,wh3_dlc20_chs_cha_chaos_sorcerer_slaanesh_msla,wh3_dlc27_chs_cha_chaos_sorcerer_slaanesh_msla_daemonic_steed,ui/campaign ui/mounts/mount_daemonic_steed.png
warhammer_3,8.1.1,ultra,wh3_dlc20_chs_cha_chaos_sorcerer_tzeentch_mtze,wh3_dlc20_chs_cha_chaos_sorcerer_tzeentch_mtze_chaos_steed,ui/campaign ui/mounts/mount_chaos_steed.png
warhammer_3,8.1.1,ultra,wh3_dlc20_chs_cha_chaos_sorcerer_tzeentch_mtze,wh3_dlc20_chs_cha_chaos_sorcerer_tzeentch_mtze_disc,ui/campaign ui/mounts/mount_disc_of_tzeentch.png
warhammer_3,8.1.1,ultra,wh3_dlc20_chs_cha_chaos_sorcerer_tzeentch_mtze,wh3_dlc20_chs_cha_chaos_sorcerer_tzeentch_mtze_warshrine,ui/campaign ui/mounts/mount_warshrine.png
warhammer_3,8.1.1,ultra,wh3_dlc20_chs_cha_exalted_hero_mkho,wh3_dlc20_chs_cha_exalted_hero_mkho_chaos_steed,ui/campaign ui/mounts/mount_chaos_steed.png
warhammer_3,8.1.1,ultra,wh3_dlc20_chs_cha_exalted_hero_mkho,wh3_dlc20_chs_cha_exalted_hero_mkho_gorebeast_chariot,ui/campaign ui/mounts/mount_gorebeast_chariot.png
warhammer_3,8.1.1,ultra,wh3_dlc20_chs_cha_exalted_hero_mkho,wh3_dlc20_chs_cha_exalted_hero_mkho_juggernaut,ui/campaign ui/mounts/mount_juggernaut.png
warhammer_3,8.1.1,ultra,wh3_dlc20_chs_cha_exalted_hero_mnur,wh3_dlc20_chs_cha_exalted_hero_mnur_chaos_chariot,ui/campaign ui/mounts/mount_chaos_chariot.png
warhammer_3,8.1.1,ultra,wh3_dlc20_chs_cha_exalted_hero_mnur,wh3_dlc20_chs_cha_exalted_hero_mnur_chaos_steed,ui/campaign ui/mounts/mount_chaos_steed.png
warhammer_3,8.1.1,ultra,wh3_dlc20_chs_cha_exalted_hero_mnur,wh3_dlc25_chs_cha_exalted_hero_mnur_rot_beast,ui/campaign ui/mounts/mount_rot_beast.png
warhammer_3,8.1.1,ultra,wh3_dlc23_chd_cha_daemonsmith_sorcerer_death,wh3_dlc23_chd_cha_daemonsmith_sorcerer_death_bale_taurus,ui/campaign ui/mounts/mount_bale_taurus.png
warhammer_3,8.1.1,ultra,wh3_dlc23_chd_cha_daemonsmith_sorcerer_death,wh3_dlc23_chd_cha_daemonsmith_sorcerer_death_great_taurus,ui/campaign ui/mounts/mount_great_taurus.png
warhammer_3,8.1.1,ultra,wh3_dlc23_chd_cha_daemonsmith_sorcerer_death,wh3_dlc23_chd_cha_daemonsmith_sorcerer_death_lammasu,ui/campaign ui/mounts/mount_lammasu.png
warhammer_3,8.1.1,ultra,wh3_dlc23_chd_cha_daemonsmith_sorcerer_fire,wh3_dlc23_chd_cha_daemonsmith_sorcerer_fire_bale_taurus,ui/campaign ui/mounts/mount_bale_taurus.png
warhammer_3,8.1.1,ultra,wh3_dlc23_chd_cha_daemonsmith_sorcerer_fire,wh3_dlc23_chd_cha_daemonsmith_sorcerer_fire_great_taurus,ui/campaign ui/mounts/mount_great_taurus.png
warhammer_3,8.1.1,ultra,wh3_dlc23_chd_cha_daemonsmith_sorcerer_fire,wh3_dlc23_chd_cha_daemonsmith_sorcerer_fire_lammasu,ui/campaign ui/mounts/mount_lammasu.png
warhammer_3,8.1.1,ultra,wh3_dlc23_chd_cha_daemonsmith_sorcerer_hashut,wh3_dlc23_chd_cha_daemonsmith_sorcerer_hashut_bale_taurus,ui/campaign ui/mounts/mount_bale_taurus.png
warhammer_3,8.1.1,ultra,wh3_dlc23_chd_cha_daemonsmith_sorcerer_hashut,wh3_dlc23_chd_cha_daemonsmith_sorcerer_hashut_great_taurus,ui/campaign ui/mounts/mount_great_taurus.png
warhammer_3,8.1.1,ultra,wh3_dlc23_chd_cha_daemonsmith_sorcerer_hashut,wh3_dlc23_chd_cha_daemonsmith_sorcerer_hashut_lammasu,ui/campaign ui/mounts/mount_lammasu.png
warhammer_3,8.1.1,ultra,wh3_dlc23_chd_cha_daemonsmith_sorcerer_metal,wh3_dlc23_chd_cha_daemonsmith_sorcerer_metal_bale_taurus,ui/campaign ui/mounts/mount_bale_taurus.png
warhammer_3,8.1.1,ultra,wh3_dlc23_chd_cha_daemonsmith_sorcerer_metal,wh3_dlc23_chd_cha_daemonsmith_sorcerer_metal_great_taurus,ui/campaign ui/mounts/mount_great_taurus.png
warhammer_3,8.1.1,ultra,wh3_dlc23_chd_cha_daemonsmith_sorcerer_metal,wh3_dlc23_chd_cha_daemonsmith_sorcerer_metal_lammasu,ui/campaign ui/mounts/mount_lammasu.png
warhammer_3,8.1.1,ultra,wh3_dlc23_chd_cha_drazhoath_the_ashen,wh3_dlc23_chd_cha_drazhoath_the_ashen_bale_taurus_cinderbreath,ui/campaign ui/mounts/mount_bale_taurus_cinderbreath.png
warhammer_3,8.1.1,ultra,wh3_dlc23_chd_cha_gorduz_backstabber,wh3_dlc23_chd_cha_gorduz_backstabber_giant_wolf,ui/campaign ui/mounts/mount_giant_wolf.png
warhammer_3,8.1.1,ultra,wh3_dlc23_chd_cha_overseer,wh3_dlc23_chd_cha_overseer_great_taurus,ui/campaign ui/mounts/mount_great_taurus.png
warhammer_3,8.1.1,ultra,wh3_dlc23_chd_cha_overseer,wh3_dlc23_chd_cha_overseer_lammasu,ui/campaign ui/mounts/mount_lammasu.png
warhammer_3,8.1.1,ultra,wh3_dlc23_chd_cha_sorcerer_prophet_death,wh3_dlc23_chd_cha_sorcerer_prophet_death_bale_taurus,ui/campaign ui/mounts/mount_bale_taurus.png
warhammer_3,8.1.1,ultra,wh3_dlc23_chd_cha_sorcerer_prophet_death,wh3_dlc23_chd_cha_sorcerer_prophet_death_great_taurus,ui/campaign ui/mounts/mount_great_taurus.png
warhammer_3,8.1.1,ultra,wh3_dlc23_chd_cha_sorcerer_prophet_death,wh3_dlc23_chd_cha_sorcerer_prophet_death_lammasu,ui/campaign ui/mounts/mount_lammasu.png
warhammer_3,8.1.1,ultra,wh3_dlc23_chd_cha_sorcerer_prophet_fire,wh3_dlc23_chd_cha_sorcerer_prophet_fire_bale_taurus,ui/campaign ui/mounts/mount_bale_taurus.png
warhammer_3,8.1.1,ultra,wh3_dlc23_chd_cha_sorcerer_prophet_fire,wh3_dlc23_chd_cha_sorcerer_prophet_fire_great_taurus,ui/campaign ui/mounts/mount_great_taurus.png
warhammer_3,8.1.1,ultra,wh3_dlc23_chd_cha_sorcerer_prophet_fire,wh3_dlc23_chd_cha_sorcerer_prophet_fire_lammasu,ui/campaign ui/mounts/mount_lammasu.png
warhammer_3,8.1.1,ultra,wh3_dlc23_chd_cha_sorcerer_prophet_hashut,wh3_dlc23_chd_cha_sorcerer_prophet_hashut_bale_taurus,ui/campaign ui/mounts/mount_bale_taurus.png
warhammer_3,8.1.1,ultra,wh3_dlc23_chd_cha_sorcerer_prophet_hashut,wh3_dlc23_chd_cha_sorcerer_prophet_hashut_great_taurus,ui/campaign ui/mounts/mount_great_taurus.png
warhammer_3,8.1.1,ultra,wh3_dlc23_chd_cha_sorcerer_prophet_hashut,wh3_dlc23_chd_cha_sorcerer_prophet_hashut_lammasu,ui/campaign ui/mounts/mount_lammasu.png
warhammer_3,8.1.1,ultra,wh3_dlc23_chd_cha_sorcerer_prophet_metal,wh3_dlc23_chd_cha_sorcerer_prophet_metal_bale_taurus,ui/campaign ui/mounts/mount_bale_taurus.png
warhammer_3,8.1.1,ultra,wh3_dlc23_chd_cha_sorcerer_prophet_metal,wh3_dlc23_chd_cha_sorcerer_prophet_metal_great_taurus,ui/campaign ui/mounts/mount_great_taurus.png
warhammer_3,8.1.1,ultra,wh3_dlc23_chd_cha_sorcerer_prophet_metal,wh3_dlc23_chd_cha_sorcerer_prophet_metal_lammasu,ui/campaign ui/mounts/mount_lammasu.png
warhammer_3,8.1.1,ultra,wh3_dlc23_chd_cha_zhatan_the_black,wh3_dlc23_chd_cha_zhatan_the_black_great_taurus,ui/campaign ui/mounts/mount_great_taurus.png
warhammer_3,8.1.1,ultra,wh3_dlc23_chd_cha_zhatan_the_black,wh3_dlc23_chd_cha_zhatan_the_black_lammasu,ui/campaign ui/mounts/mount_lammasu.png
warhammer_3,8.1.1,ultra,wh3_dlc23_neu_cha_ulrika,wh3_dlc23_neu_cha_ulrika_warhorse,ui/campaign ui/mounts/mount_warhorse.png
warhammer_3,8.1.1,ultra,wh3_dlc24_cth_cha_celestial_general_yang,wh3_dlc24_cth_cha_celestial_general_yang_cathayan_horse,ui/campaign ui/mounts/mount_warhorse.png
warhammer_3,8.1.1,ultra,wh3_dlc24_cth_cha_celestial_general_yang,wh3_dlc24_cth_cha_celestial_general_yang_celestial_lion,ui/campaign ui/mounts/mount_celestial_lion.png
warhammer_3,8.1.1,ultra,wh3_dlc24_cth_cha_celestial_general_yang,wh3_dlc24_cth_cha_celestial_general_yang_longma,ui/campaign ui/mounts/mount_jade_longma.png
warhammer_3,8.1.1,ultra,wh3_dlc24_cth_cha_gate_master,wh3_dlc24_cth_cha_gate_master_warhorse,ui/campaign ui/mounts/mount_warhorse.png
warhammer_3,8.1.1,ultra,wh3_dlc25_chs_cha_chaos_lord_mnur,wh3_dlc25_chs_cha_chaos_lord_mnur_chaos_chariot,ui/campaign ui/mounts/mount_chaos_chariot.png
warhammer_3,8.1.1,ultra,wh3_dlc25_chs_cha_chaos_lord_mnur,wh3_dlc25_chs_cha_chaos_lord_mnur_chaos_steed,ui/campaign ui/mounts/mount_chaos_steed.png
warhammer_3,8.1.1,ultra,wh3_dlc25_chs_cha_chaos_lord_mnur,wh3_dlc25_chs_cha_chaos_lord_mnur_rot_beast,ui/campaign ui/mounts/mount_rot_beast.png
warhammer_3,8.1.1,ultra,wh3_dlc25_chs_cha_chaos_sorcerer_death_mnur,wh3_dlc25_chs_cha_chaos_sorcerer_death_mnur_chaos_steed,ui/campaign ui/mounts/mount_chaos_steed.png
warhammer_3,8.1.1,ultra,wh3_dlc25_chs_cha_chaos_sorcerer_death_mnur,wh3_dlc25_chs_cha_chaos_sorcerer_death_mnur_rot_beast,ui/campaign ui/mounts/mount_rot_beast.png
warhammer_3,8.1.1,ultra,wh3_dlc25_chs_cha_chaos_sorcerer_death_mnur,wh3_dlc25_chs_cha_chaos_sorcerer_death_mnur_warshrine,ui/campaign ui/mounts/mount_warshrine.png
warhammer_3,8.1.1,ultra,wh3_dlc25_chs_cha_chaos_sorcerer_nurgle_mnur,wh3_dlc25_chs_cha_chaos_sorcerer_nurgle_mnur_chaos_steed,ui/campaign ui/mounts/mount_chaos_steed.png
warhammer_3,8.1.1,ultra,wh3_dlc25_chs_cha_chaos_sorcerer_nurgle_mnur,wh3_dlc25_chs_cha_chaos_sorcerer_nurgle_mnur_rot_beast,ui/campaign ui/mounts/mount_rot_beast.png
warhammer_3,8.1.1,ultra,wh3_dlc25_chs_cha_chaos_sorcerer_nurgle_mnur,wh3_dlc25_chs_cha_chaos_sorcerer_nurgle_mnur_warshrine,ui/campaign ui/mounts/mount_warshrine.png
warhammer_3,8.1.1,ultra,wh3_dlc25_emp_cha_elspeth_von_draken,wh3_dlc25_emp_cha_elspeth_von_draken_carmine_dragon,ui/campaign ui/mounts/mount_carmine_dragon.png
warhammer_3,8.1.1,ultra,wh3_dlc25_emp_cha_elspeth_von_draken,wh3_dlc25_emp_cha_elspeth_von_draken_warhorse,ui/campaign ui/mounts/mount_barded_warhorse.png
warhammer_3,8.1.1,ultra,wh3_dlc25_emp_cha_engineer,wh3_dlc25_emp_cha_engineer_mechanical_steed,ui/campaign ui/mounts/mount_mechanical_steed.png
warhammer_3,8.1.1,ultra,wh3_dlc25_emp_cha_engineer,wh3_dlc25_emp_cha_engineer_warhorse,ui/campaign ui/mounts/mount_barded_warhorse.png
warhammer_3,8.1.1,ultra,wh3_dlc25_emp_cha_master_engineer,wh3_dlc25_emp_cha_master_engineer_mechanical_steed,ui/campaign ui/mounts/mount_mechanical_steed.png
warhammer_3,8.1.1,ultra,wh3_dlc25_emp_cha_master_engineer,wh3_dlc25_emp_cha_master_engineer_steam_tank,ui/campaign ui/mounts/mount_steam_tank.png
warhammer_3,8.1.1,ultra,wh3_dlc25_emp_cha_master_engineer,wh3_dlc25_emp_cha_master_engineer_warhorse,ui/campaign ui/mounts/mount_barded_warhorse.png
warhammer_3,8.1.1,ultra,wh3_dlc25_emp_cha_theodore_bruckner,wh3_dlc25_emp_cha_theodore_bruckner_demigryph_reaper,ui/campaign ui/mounts/mount_hippogryph.png
warhammer_3,8.1.1,ultra,wh3_dlc25_emp_cha_wizard_metal,wh3_dlc25_emp_cha_wizard_metal_pegasus,ui/campaign ui/mounts/mount_imperial_pegasus.png
warhammer_3,8.1.1,ultra,wh3_dlc25_emp_cha_wizard_metal,wh3_dlc25_emp_cha_wizard_metal_warhorse,ui/campaign ui/mounts/mount_barded_warhorse.png
warhammer_3,8.1.1,ultra,wh3_dlc25_nur_cha_bray_shaman_wild_chieftain,wh3_dlc25_nur_cha_bray_shaman_wild_chieftain_razorgor_chariot,ui/campaign ui/mounts/mount_razorgor_chariot.png
warhammer_3,8.1.1,ultra,wh3_dlc25_nur_cha_bray_shaman_wild_chieftain,wh3_dlc25_nur_cha_bray_shaman_wild_chieftain_tuskgor_chariot,ui/campaign ui/mounts/mount_tuskgor_chariot.png
warhammer_3,8.1.1,ultra,wh3_dlc25_nur_cha_exalted_hero_chieftain,wh3_dlc25_nur_cha_exalted_hero_chieftain_chaos_chariot,ui/campaign ui/mounts/mount_chaos_chariot.png
warhammer_3,8.1.1,ultra,wh3_dlc25_nur_cha_exalted_hero_chieftain,wh3_dlc25_nur_cha_exalted_hero_chieftain_chaos_dragon,ui/campaign ui/mounts/mount_chaos_dragon.png
warhammer_3,8.1.1,ultra,wh3_dlc25_nur_cha_exalted_hero_chieftain,wh3_dlc25_nur_cha_exalted_hero_chieftain_chaos_steed,ui/campaign ui/mounts/mount_chaos_steed.png
warhammer_3,8.1.1,ultra,wh3_dlc25_nur_cha_tamurkhan,wh3_dlc25_nur_cha_tamurkhan_bubebolos,ui/campaign ui/mounts/mount_bubebolos.png
warhammer_3,8.1.1,ultra,wh3_dlc26_grn_cha_gorbad_ironclaw,wh3_dlc26_grn_cha_gorbad_ironclaw_gnarla,ui/campaign ui/mounts/mount_war_boar.png
warhammer_3,8.1.1,ultra,wh3_dlc26_grn_cha_night_goblin_big_boss,wh3_dlc26_grn_cha_night_goblin_big_boss_squig,ui/campaign ui/mounts/mount_great_cave_squig.png
warhammer_3,8.1.1,ultra,wh3_dlc26_grn_cha_savage_orc_great_shaman,wh3_dlc26_grn_cha_savage_orc_great_shaman_boar,ui/campaign ui/mounts/mount_war_boar.png
warhammer_3,8.1.1,ultra,wh3_dlc26_grn_cha_savage_orc_great_shaman,wh3_dlc26_grn_cha_savage_orc_great_shaman_wyvern,ui/campaign ui/mounts/mount_wyvern.png
warhammer_3,8.1.1,ultra,wh3_dlc26_kho_cha_bloodspeaker,wh3_dlc26_kho_cha_bloodspeaker_chaos_steed,ui/campaign ui/mounts/mount_chaos_steed.png
warhammer_3,8.1.1,ultra,wh3_dlc26_kho_cha_bloodspeaker,wh3_dlc26_kho_cha_bloodspeaker_warshrine,ui/campaign ui/mounts/mount_warshrine.png
warhammer_3,8.1.1,ultra,wh3_dlc27_chs_cha_exalted_hero_msla,wh3_dlc27_chs_cha_exalted_hero_msla_chaos_chariot,ui/campaign ui/mounts/mount_chaos_chariot.png
warhammer_3,8.1.1,ultra,wh3_dlc27_chs_cha_exalted_hero_msla,wh3_dlc27_chs_cha_exalted_hero_msla_chaos_steed,ui/campaign ui/mounts/mount_chaos_steed.png
warhammer_3,8.1.1,ultra,wh3_dlc27_chs_cha_exalted_hero_msla,wh3_dlc27_chs_cha_exalted_hero_msla_daemonic_steed,ui/campaign ui/mounts/mount_daemonic_steed.png
warhammer_3,8.1.1,ultra,wh3_dlc27_chs_cha_sorcerer_lord_shadows_msla,wh3_dlc27_chs_cha_sorcerer_lord_shadows_msla_chaos_steed,placeholder
warhammer_3,8.1.1,ultra,wh3_dlc27_chs_cha_sorcerer_lord_shadows_msla,wh3_dlc27_chs_cha_sorcerer_lord_shadows_msla_daemonic_steed,ui/campaign ui/mounts/mount_daemonic_steed.png
warhammer_3,8.1.1,ultra,wh3_dlc27_chs_cha_sorcerer_lord_shadows_msla,wh3_dlc27_chs_cha_sorcerer_lord_shadows_msla_warshrine,ui/campaign ui/mounts/mount_warshrine.png
warhammer_3,8.1.1,ultra,wh3_dlc27_chs_cha_sorcerer_lord_slaanesh_msla,wh3_dlc27_chs_cha_sorcerer_lord_slaanesh_msla_chaos_steed,placeholder
warhammer_3,8.1.1,ultra,wh3_dlc27_chs_cha_sorcerer_lord_slaanesh_msla,wh3_dlc27_chs_cha_sorcerer_lord_slaanesh_msla_daemonic_steed,ui/campaign ui/mounts/mount_daemonic_steed.png
warhammer_3,8.1.1,ultra,wh3_dlc27_chs_cha_sorcerer_lord_slaanesh_msla,wh3_dlc27_chs_cha_sorcerer_lord_slaanesh_msla_warshrine,ui/campaign ui/mounts/mount_warshrine.png
warhammer_3,8.1.1,ultra,wh3_dlc27_hef_cha_caradryan,wh3_dlc27_hef_cha_caradryan_ashtari,ui/campaign ui/mounts/mount_arcane_phoenix.png
warhammer_3,8.1.1,ultra,wh3_dlc27_hef_cha_caradryan,wh3_dlc27_hef_cha_caradryan_chariot,ui/campaign ui/mounts/mount_ithilmar_chariot.png
warhammer_3,8.1.1,ultra,wh3_dlc27_hef_cha_caradryan,wh3_dlc27_hef_cha_caradryan_steed,ui/campaign ui/mounts/mount_barded_ithilmar_steed.png
warhammer_3,8.1.1,ultra,wh3_dlc27_hef_cha_mist_mage,wh3_dlc27_hef_cha_mist_mage_eagle,ui/campaign ui/mounts/mount_great_eagle.png
warhammer_3,8.1.1,ultra,wh3_dlc27_hef_cha_mist_mage,wh3_dlc27_hef_cha_mist_mage_skycutter,ui/campaign ui/mounts/mount_sky_cutter.png
warhammer_3,8.1.1,ultra,wh3_dlc27_hef_cha_sea_helm,wh3_dlc27_hef_cha_sea_helm_eagle,ui/campaign ui/mounts/mount_great_eagle.png
warhammer_3,8.1.1,ultra,wh3_dlc27_hef_cha_sea_helm,wh3_dlc27_hef_cha_sea_helm_skycutter,ui/campaign ui/mounts/mount_sky_cutter.png
warhammer_3,8.1.1,ultra,wh3_dlc27_hef_cha_sea_lord_aislinn,wh3_dlc27_hef_cha_sea_lord_aislinn_dragon,ui/campaign ui/mounts/mount_star_dragon.png
warhammer_3,8.1.1,ultra,wh3_dlc27_hef_cha_sea_lord_aislinn,wh3_dlc27_hef_cha_sea_lord_aislinn_skycutter,ui/campaign ui/mounts/mount_sky_cutter.png
warhammer_3,8.1.1,ultra,wh3_dlc27_nor_cha_great_shaman_sorcerer_death,wh3_dlc27_nor_cha_great_shaman_sorcerer_death_chariot,ui/campaign ui/mounts/mount_chaos_chariot.png
warhammer_3,8.1.1,ultra,wh3_dlc27_nor_cha_great_shaman_sorcerer_death,wh3_dlc27_nor_cha_great_shaman_sorcerer_death_mammoth,ui/campaign ui/mounts/mount_mammoth.png
warhammer_3,8.1.1,ultra,wh3_dlc27_nor_cha_great_shaman_sorcerer_death,wh3_dlc27_nor_cha_great_shaman_sorcerer_death_warhorse,ui/campaign ui/mounts/mount_warhorse.png
warhammer_3,8.1.1,ultra,wh3_dlc27_nor_cha_great_shaman_sorcerer_fire,wh3_dlc27_nor_cha_great_shaman_sorcerer_fire_chariot,ui/campaign ui/mounts/mount_chaos_chariot.png
warhammer_3,8.1.1,ultra,wh3_dlc27_nor_cha_great_shaman_sorcerer_fire,wh3_dlc27_nor_cha_great_shaman_sorcerer_fire_mammoth,ui/campaign ui/mounts/mount_mammoth.png
warhammer_3,8.1.1,ultra,wh3_dlc27_nor_cha_great_shaman_sorcerer_fire,wh3_dlc27_nor_cha_great_shaman_sorcerer_fire_warhorse,ui/campaign ui/mounts/mount_warhorse.png
warhammer_3,8.1.1,ultra,wh3_dlc27_nor_cha_great_shaman_sorcerer_metal,wh3_dlc27_nor_cha_great_shaman_sorcerer_metal_chariot,ui/campaign ui/mounts/mount_chaos_chariot.png
warhammer_3,8.1.1,ultra,wh3_dlc27_nor_cha_great_shaman_sorcerer_metal,wh3_dlc27_nor_cha_great_shaman_sorcerer_metal_mammoth,ui/campaign ui/mounts/mount_mammoth.png
warhammer_3,8.1.1,ultra,wh3_dlc27_nor_cha_great_shaman_sorcerer_metal,wh3_dlc27_nor_cha_great_shaman_sorcerer_metal_warhorse,ui/campaign ui/mounts/mount_warhorse.png
warhammer_3,8.1.1,ultra,wh3_dlc27_nor_cha_sayl_the_faithless,wh3_dlc27_nor_cha_sayl_the_faithless_chariot,ui/campaign ui/mounts/mount_chaos_chariot.png
warhammer_3,8.1.1,ultra,wh3_dlc27_nor_cha_sayl_the_faithless,wh3_dlc27_nor_cha_sayl_the_faithless_mammoth,ui/campaign ui/mounts/mount_mammoth.png
warhammer_3,8.1.1,ultra,wh3_dlc27_nor_cha_sayl_the_faithless,wh3_dlc27_nor_cha_sayl_the_faithless_warhorse,ui/campaign ui/mounts/mount_warhorse.png
warhammer_3,8.1.1,ultra,wh3_dlc27_sla_cha_druchii_anointed,wh3_dlc27_sla_cha_druchii_anointed_cold_one,ui/campaign ui/mounts/mount_cold_one.png
warhammer_3,8.1.1,ultra,wh3_dlc27_sla_cha_druchii_anointed,wh3_dlc27_sla_cha_druchii_anointed_daemonic_steed,ui/campaign ui/mounts/mount_daemonic_steed.png
warhammer_3,8.1.1,ultra,wh3_dlc27_sla_cha_styrkaar_the_sortsvinaer,wh3_dlc27_sla_cha_styrkaar_the_sortsvinaer_daemonic_steed,ui/campaign ui/mounts/mount_daemonic_steed.png
warhammer_3,8.1.1,ultra,wh3_dlc27_sla_cha_styrkaar_the_sortsvinaer,wh3_dlc27_sla_cha_styrkaar_the_sortsvinaer_steed_of_slaanesh,ui/campaign ui/mounts/mount_steed_of_slaanesh.png
warhammer_3,8.1.1,ultra,wh3_main_cth_cha_alchemist_0,wh3_main_cth_cha_alchemist_1,ui/campaign ui/mounts/mount_warhorse.png
warhammer_3,8.1.1,ultra,wh3_main_cth_cha_alchemist_0,wh3_main_cth_cha_alchemist_2,ui/campaign ui/mounts/mount_sky_lantern.png
warhammer_3,8.1.1,ultra,wh3_main_cth_cha_astromancer_0,wh3_dlc24_cth_cha_astromancer_great_moon_bird,ui/campaign ui/mounts/mount_great_moon_bird.png
warhammer_3,8.1.1,ultra,wh3_main_cth_cha_astromancer_0,wh3_main_cth_cha_astromancer_1,ui/campaign ui/mounts/mount_warhorse.png
warhammer_3,8.1.1,ultra,wh3_main_cth_cha_astromancer_0,wh3_main_cth_cha_astromancer_2,ui/campaign ui/mounts/mount_wu_xing_war_compass.png
warhammer_3,8.1.1,ultra,wh3_main_cth_cha_dragon_blooded_shugengan_lord_yang_0,wh3_main_cth_cha_dragon_blooded_shugengan_lord_yang_1,ui/campaign ui/mounts/mount_warhorse.png
warhammer_3,8.1.1,ultra,wh3_main_cth_cha_dragon_blooded_shugengan_lord_yang_0,wh3_main_cth_cha_dragon_blooded_shugengan_lord_yang_2,ui/campaign ui/mounts/mount_jade_longma.png
warhammer_3,8.1.1,ultra,wh3_main_cth_cha_dragon_blooded_shugengan_lord_yin_0,wh3_main_cth_cha_dragon_blooded_shugengan_lord_yin_1,ui/campaign ui/mounts/mount_warhorse.png
warhammer_3,8.1.1,ultra,wh3_main_cth_cha_dragon_blooded_shugengan_lord_yin_0,wh3_main_cth_cha_dragon_blooded_shugengan_lord_yin_2,ui/campaign ui/mounts/mount_jade_longma.png
warhammer_3,8.1.1,ultra,wh3_main_cth_cha_lord_magistrate_0,wh3_main_cth_cha_lord_magistrate_1,ui/campaign ui/mounts/mount_warhorse.png
warhammer_3,8.1.1,ultra,wh3_main_cth_cha_lord_magistrate_0,wh3_main_cth_cha_lord_magistrate_2,ui/campaign ui/mounts/mount_sky_lantern.png
warhammer_3,8.1.1,ultra,wh3_main_kho_cha_bloodreaper_0,wh3_main_kho_cha_bloodreaper_1,ui/campaign ui/mounts/mount_juggernaut.png
warhammer_3,8.1.1,ultra,wh3_main_kho_cha_bloodreaper_0,wh3_main_kho_cha_bloodreaper_2,ui/campaign ui/mounts/mount_blood_throne.png
warhammer_3,8.1.1,ultra,wh3_main_kho_cha_cultist_0,wh3_dlc20_kho_cha_cultist_mkho_warshrine,ui/campaign ui/mounts/mount_warshrine.png
warhammer_3,8.1.1,ultra,wh3_main_kho_cha_cultist_0,wh3_main_kho_cha_cultist_1,ui/campaign ui/mounts/mount_chaos_steed.png
warhammer_3,8.1.1,ultra,wh3_main_kho_cha_herald_of_khorne_0,wh3_main_kho_cha_herald_of_khorne_1,ui/campaign ui/mounts/mount_juggernaut.png
warhammer_3,8.1.1,ultra,wh3_main_kho_cha_herald_of_khorne_0,wh3_main_kho_cha_herald_of_khorne_2,ui/campaign ui/mounts/mount_blood_throne.png
warhammer_3,8.1.1,ultra,wh3_main_ksl_cha_boris_0,wh3_main_ksl_cha_boris_1,ui/campaign ui/mounts/mount_warhorse.png
warhammer_3,8.1.1,ultra,wh3_main_ksl_cha_boris_0,wh3_main_ksl_cha_boris_2,ui/campaign ui/mounts/mount_urskin.png
warhammer_3,8.1.1,ultra,wh3_main_ksl_cha_boyar_0,wh3_main_ksl_cha_boyar_1,ui/campaign ui/mounts/mount_warhorse.png
warhammer_3,8.1.1,ultra,wh3_main_ksl_cha_boyar_0,wh3_main_ksl_cha_boyar_2,ui/campaign ui/mounts/mount_war_bear.png
warhammer_3,8.1.1,ultra,wh3_main_ksl_cha_frost_maiden_ice_0,wh3_main_ksl_cha_frost_maiden_ice_1,ui/campaign ui/mounts/mount_warhorse.png
warhammer_3,8.1.1,ultra,wh3_main_ksl_cha_frost_maiden_ice_0,wh3_main_ksl_cha_frost_maiden_ice_2,ui/campaign ui/mounts/mount_war_bear.png
warhammer_3,8.1.1,ultra,wh3_main_ksl_cha_frost_maiden_tempest_0,wh3_main_ksl_cha_frost_maiden_tempest_1,ui/campaign ui/mounts/mount_warhorse.png
warhammer_3,8.1.1,ultra,wh3_main_ksl_cha_frost_maiden_tempest_0,wh3_main_ksl_cha_frost_maiden_tempest_2,ui/campaign ui/mounts/mount_war_bear.png
warhammer_3,8.1.1,ultra,wh3_main_ksl_cha_ice_witch_ice_0,wh3_dlc24_ksl_cha_ice_witch_ice_frost_wyrm,ui/campaign ui/mounts/mount_frost_wyrm.png
warhammer_3,8.1.1,ultra,wh3_main_ksl_cha_ice_witch_ice_0,wh3_main_ksl_cha_ice_witch_ice_1,ui/campaign ui/mounts/mount_warhorse.png
warhammer_3,8.1.1,ultra,wh3_main_ksl_cha_ice_witch_ice_0,wh3_main_ksl_cha_ice_witch_ice_2,ui/campaign ui/mounts/mount_war_bear.png
warhammer_3,8.1.1,ultra,wh3_main_ksl_cha_ice_witch_tempest_0,wh3_dlc24_ksl_cha_ice_witch_tempest_frost_wyrm,ui/campaign ui/mounts/mount_frost_wyrm.png
warhammer_3,8.1.1,ultra,wh3_main_ksl_cha_ice_witch_tempest_0,wh3_main_ksl_cha_ice_witch_tempest_1,ui/campaign ui/mounts/mount_warhorse.png
warhammer_3,8.1.1,ultra,wh3_main_ksl_cha_ice_witch_tempest_0,wh3_main_ksl_cha_ice_witch_tempest_2,ui/campaign ui/mounts/mount_war_bear.png
warhammer_3,8.1.1,ultra,wh3_main_ksl_cha_katarin_0,wh3_dlc24_ksl_cha_katarin_frost_wyrm,ui/campaign ui/mounts/mount_frost_wyrm.png
warhammer_3,8.1.1,ultra,wh3_main_ksl_cha_katarin_0,wh3_dlc24_ksl_cha_katarin_ice_court_sled,ui/campaign ui/mounts/mount_sled.png
warhammer_3,8.1.1,ultra,wh3_main_ksl_cha_katarin_0,wh3_main_ksl_cha_katarin_1,ui/campaign ui/mounts/mount_warhorse.png
warhammer_3,8.1.1,ultra,wh3_main_ksl_cha_katarin_0,wh3_main_ksl_cha_katarin_2,ui/campaign ui/mounts/mount_war_bear.png
warhammer_3,8.1.1,ultra,wh3_main_ksl_cha_kostaltyn_0,wh3_main_ksl_cha_kostaltyn_1,ui/campaign ui/mounts/mount_warhorse.png
warhammer_3,8.1.1,ultra,wh3_main_ksl_cha_kostaltyn_0,wh3_main_ksl_cha_kostaltyn_2,ui/campaign ui/mounts/mount_war_bear.png
warhammer_3,8.1.1,ultra,wh3_main_ksl_cha_patriarch_0,wh3_main_ksl_cha_patriarch_1,ui/campaign ui/mounts/mount_warhorse.png
warhammer_3,8.1.1,ultra,wh3_main_ksl_cha_patriarch_0,wh3_main_ksl_cha_patriarch_2,ui/campaign ui/mounts/mount_war_bear.png
warhammer_3,8.1.1,ultra,wh3_main_nur_cha_cultist_0,wh3_dlc20_nur_cha_cultist_mnur_warshrine,ui/campaign ui/mounts/mount_warshrine.png
warhammer_3,8.1.1,ultra,wh3_main_nur_cha_cultist_0,wh3_main_nur_cha_cultist_1,ui/campaign ui/mounts/mount_chaos_steed.png
warhammer_3,8.1.1,ultra,wh3_main_nur_cha_herald_of_nurgle_death_0,wh3_main_nur_cha_herald_of_nurgle_death_1,ui/campaign ui/mounts/mount_nurgling_palanquin.png
warhammer_3,8.1.1,ultra,wh3_main_nur_cha_herald_of_nurgle_death_0,wh3_main_nur_cha_herald_of_nurgle_death_2,ui/campaign ui/mounts/mount_rot_fly.png
warhammer_3,8.1.1,ultra,wh3_main_nur_cha_herald_of_nurgle_nurgle_0,wh3_main_nur_cha_herald_of_nurgle_nurgle_1,ui/campaign ui/mounts/mount_nurgling_palanquin.png
warhammer_3,8.1.1,ultra,wh3_main_nur_cha_herald_of_nurgle_nurgle_0,wh3_main_nur_cha_herald_of_nurgle_nurgle_2,ui/campaign ui/mounts/mount_rot_fly.png
warhammer_3,8.1.1,ultra,wh3_main_nur_cha_plagueridden_death_0,wh3_main_nur_cha_plagueridden_death_1,ui/campaign ui/mounts/mount_nurgling_palanquin.png
warhammer_3,8.1.1,ultra,wh3_main_nur_cha_plagueridden_death_0,wh3_main_nur_cha_plagueridden_death_2,ui/campaign ui/mounts/mount_rot_fly.png
warhammer_3,8.1.1,ultra,wh3_main_nur_cha_plagueridden_nurgle_0,wh3_main_nur_cha_plagueridden_nurgle_1,ui/campaign ui/mounts/mount_nurgling_palanquin.png
warhammer_3,8.1.1,ultra,wh3_main_nur_cha_plagueridden_nurgle_0,wh3_main_nur_cha_plagueridden_nurgle_2,ui/campaign ui/mounts/mount_rot_fly.png
warhammer_3,8.1.1,ultra,wh3_main_ogr_cha_hunter_0,wh3_main_ogr_cha_hunter_1,ui/campaign ui/mounts/mount_stonehorn.png
warhammer_3,8.1.1,ultra,wh3_main_sla_cha_alluress_shadow_0,wh3_dlc27_sla_cha_alluress_shadow_daemonic_steed,ui/campaign ui/mounts/mount_daemonic_steed.png
warhammer_3,8.1.1,ultra,wh3_main_sla_cha_alluress_shadow_0,wh3_main_sla_cha_alluress_shadow_1,ui/campaign ui/mounts/mount_steed_of_slaanesh.png
warhammer_3,8.1.1,ultra,wh3_main_sla_cha_alluress_shadow_0,wh3_main_sla_cha_alluress_shadow_2,ui/campaign ui/mounts/mount_seeker_chariot.png
warhammer_3,8.1.1,ultra,wh3_main_sla_cha_alluress_shadow_0,wh3_main_sla_cha_alluress_shadow_3,ui/campaign ui/mounts/mount_exalted_seeker_chariot.png
warhammer_3,8.1.1,ultra,wh3_main_sla_cha_alluress_slaanesh_0,wh3_dlc27_sla_cha_alluress_slaanesh_daemonic_steed,ui/campaign ui/mounts/mount_daemonic_steed.png
warhammer_3,8.1.1,ultra,wh3_main_sla_cha_alluress_slaanesh_0,wh3_main_sla_cha_alluress_slaanesh_1,ui/campaign ui/mounts/mount_steed_of_slaanesh.png
warhammer_3,8.1.1,ultra,wh3_main_sla_cha_alluress_slaanesh_0,wh3_main_sla_cha_alluress_slaanesh_2,ui/campaign ui/mounts/mount_seeker_chariot.png
warhammer_3,8.1.1,ultra,wh3_main_sla_cha_alluress_slaanesh_0,wh3_main_sla_cha_alluress_slaanesh_3,ui/campaign ui/mounts/mount_exalted_seeker_chariot.png
warhammer_3,8.1.1,ultra,wh3_main_sla_cha_cultist_0,wh3_dlc20_chs_cha_cultist_msla_warshrine,ui/campaign ui/mounts/mount_warshrine.png
warhammer_3,8.1.1,ultra,wh3_main_sla_cha_cultist_0,wh3_main_sla_cha_cultist_1,ui/campaign ui/mounts/mount_chaos_steed.png
warhammer_3,8.1.1,ultra,wh3_main_sla_cha_herald_of_slaanesh_shadow_0,wh3_dlc27_sla_cha_herald_of_slaanesh_shadow_daemonic_steed,ui/campaign ui/mounts/mount_daemonic_steed.png
warhammer_3,8.1.1,ultra,wh3_main_sla_cha_herald_of_slaanesh_shadow_0,wh3_main_sla_cha_herald_of_slaanesh_shadow_1,ui/campaign ui/mounts/mount_steed_of_slaanesh.png
warhammer_3,8.1.1,ultra,wh3_main_sla_cha_herald_of_slaanesh_shadow_0,wh3_main_sla_cha_herald_of_slaanesh_shadow_2,ui/campaign ui/mounts/mount_seeker_chariot.png
warhammer_3,8.1.1,ultra,wh3_main_sla_cha_herald_of_slaanesh_shadow_0,wh3_main_sla_cha_herald_of_slaanesh_shadow_3,ui/campaign ui/mounts/mount_exalted_seeker_chariot.png
warhammer_3,8.1.1,ultra,wh3_main_sla_cha_herald_of_slaanesh_slaanesh_0,wh3_dlc27_sla_cha_herald_of_slaanesh_slaanesh_daemonic_steed,ui/campaign ui/mounts/mount_daemonic_steed.png
warhammer_3,8.1.1,ultra,wh3_main_sla_cha_herald_of_slaanesh_slaanesh_0,wh3_main_sla_cha_herald_of_slaanesh_slaanesh_1,ui/campaign ui/mounts/mount_steed_of_slaanesh.png
warhammer_3,8.1.1,ultra,wh3_main_sla_cha_herald_of_slaanesh_slaanesh_0,wh3_main_sla_cha_herald_of_slaanesh_slaanesh_2,ui/campaign ui/mounts/mount_seeker_chariot.png
warhammer_3,8.1.1,ultra,wh3_main_sla_cha_herald_of_slaanesh_slaanesh_0,wh3_main_sla_cha_herald_of_slaanesh_slaanesh_3,ui/campaign ui/mounts/mount_exalted_seeker_chariot.png
warhammer_3,8.1.1,ultra,wh3_main_tze_cha_cultist_0,wh3_dlc20_tze_cha_cultist_mtze_warshrine,ui/campaign ui/mounts/mount_warshrine.png
warhammer_3,8.1.1,ultra,wh3_main_tze_cha_cultist_0,wh3_main_tze_cha_cultist_1,ui/campaign ui/mounts/mount_chaos_steed.png
warhammer_3,8.1.1,ultra,wh3_main_tze_cha_herald_of_tzeentch_metal_0,wh3_main_tze_cha_herald_of_tzeentch_metal_1,ui/campaign ui/mounts/mount_disc_of_tzeentch.png
warhammer_3,8.1.1,ultra,wh3_main_tze_cha_herald_of_tzeentch_metal_0,wh3_main_tze_cha_herald_of_tzeentch_metal_2,ui/campaign ui/mounts/mount_burning_chariot.png
warhammer_3,8.1.1,ultra,wh3_main_tze_cha_herald_of_tzeentch_tzeentch_0,wh3_main_tze_cha_herald_of_tzeentch_tzeentch_1,ui/campaign ui/mounts/mount_disc_of_tzeentch.png
warhammer_3,8.1.1,ultra,wh3_main_tze_cha_herald_of_tzeentch_tzeentch_0,wh3_main_tze_cha_herald_of_tzeentch_tzeentch_2,ui/campaign ui/mounts/mount_burning_chariot.png
warhammer_3,8.1.1,ultra,wh3_main_tze_cha_iridescent_horror_metal_0,wh3_main_tze_cha_iridescent_horror_metal_1,ui/campaign ui/mounts/mount_disc_of_tzeentch.png
warhammer_3,8.1.1,ultra,wh3_main_tze_cha_iridescent_horror_metal_0,wh3_main_tze_cha_iridescent_horror_metal_2,ui/campaign ui/mounts/mount_burning_chariot.png
warhammer_3,8.1.1,ultra,wh3_main_tze_cha_iridescent_horror_tzeentch_0,wh3_main_tze_cha_iridescent_horror_tzeentch_1,ui/campaign ui/mounts/mount_disc_of_tzeentch.png
warhammer_3,8.1.1,ultra,wh3_main_tze_cha_iridescent_horror_tzeentch_0,wh3_main_tze_cha_iridescent_horror_tzeentch_2,ui/campaign ui/mounts/mount_burning_chariot.png
warhammer_3,8.1.1,ultra,wh_dlc01_chs_cha_chaos_sorcerer_lord_death_0,wh3_dlc20_chs_cha_chaos_sorcerer_lord_death_warshrine,ui/campaign ui/mounts/mount_warshrine.png
warhammer_3,8.1.1,ultra,wh_dlc01_chs_cha_chaos_sorcerer_lord_death_0,wh_dlc01_chs_cha_chaos_sorcerer_lord_death_10,ui/campaign ui/mounts/mount_chaos_dragon.png
warhammer_3,8.1.1,ultra,wh_dlc01_chs_cha_chaos_sorcerer_lord_death_0,wh_dlc01_chs_cha_chaos_sorcerer_lord_death_12,ui/campaign ui/mounts/mount_chaos_steed.png
warhammer_3,8.1.1,ultra,wh_dlc01_chs_cha_chaos_sorcerer_lord_death_0,wh_dlc01_chs_cha_chaos_sorcerer_lord_death_9,ui/campaign ui/mounts/mount_manticore.png
warhammer_3,8.1.1,ultra,wh_dlc01_chs_cha_chaos_sorcerer_lord_fire_0,wh3_dlc20_chs_cha_chaos_sorcerer_lord_fire_warshrine,ui/campaign ui/mounts/mount_warshrine.png
warhammer_3,8.1.1,ultra,wh_dlc01_chs_cha_chaos_sorcerer_lord_fire_0,wh_dlc01_chs_cha_chaos_sorcerer_lord_fire_10,ui/campaign ui/mounts/mount_chaos_dragon.png
warhammer_3,8.1.1,ultra,wh_dlc01_chs_cha_chaos_sorcerer_lord_fire_0,wh_dlc01_chs_cha_chaos_sorcerer_lord_fire_12,ui/campaign ui/mounts/mount_chaos_steed.png
warhammer_3,8.1.1,ultra,wh_dlc01_chs_cha_chaos_sorcerer_lord_fire_0,wh_dlc01_chs_cha_chaos_sorcerer_lord_fire_9,ui/campaign ui/mounts/mount_manticore.png
warhammer_3,8.1.1,ultra,wh_dlc01_chs_cha_chaos_sorcerer_lord_metal_0,wh3_dlc20_chs_cha_chaos_sorcerer_lord_metal_warshrine,ui/campaign ui/mounts/mount_warshrine.png
warhammer_3,8.1.1,ultra,wh_dlc01_chs_cha_chaos_sorcerer_lord_metal_0,wh_dlc01_chs_cha_chaos_sorcerer_lord_metal_10,ui/campaign ui/mounts/mount_chaos_dragon.png
warhammer_3,8.1.1,ultra,wh_dlc01_chs_cha_chaos_sorcerer_lord_metal_0,wh_dlc01_chs_cha_chaos_sorcerer_lord_metal_12,ui/campaign ui/mounts/mount_chaos_steed.png
warhammer_3,8.1.1,ultra,wh_dlc01_chs_cha_chaos_sorcerer_lord_metal_0,wh_dlc01_chs_cha_chaos_sorcerer_lord_metal_9,ui/campaign ui/mounts/mount_manticore.png
warhammer_3,8.1.1,ultra,wh_dlc01_chs_cha_chaos_sorcerer_lord_shadows_0,wh3_dlc20_chs_cha_chaos_sorcerer_lord_shadows_warshrine,ui/campaign ui/mounts/mount_warshrine.png
warhammer_3,8.1.1,ultra,wh_dlc01_chs_cha_chaos_sorcerer_lord_shadows_0,wh_dlc01_chs_cha_chaos_sorcerer_lord_shadows_1,ui/campaign ui/mounts/mount_chaos_steed.png
warhammer_3,8.1.1,ultra,wh_dlc01_chs_cha_chaos_sorcerer_lord_shadows_0,wh_dlc01_chs_cha_chaos_sorcerer_lord_shadows_3,ui/campaign ui/mounts/mount_manticore.png
warhammer_3,8.1.1,ultra,wh_dlc01_chs_cha_chaos_sorcerer_lord_shadows_0,wh_dlc01_chs_cha_chaos_sorcerer_lord_shadows_4,ui/campaign ui/mounts/mount_chaos_dragon.png
warhammer_3,8.1.1,ultra,wh_dlc01_chs_cha_chaos_sorcerer_shadows_0,wh3_dlc20_chs_cha_chaos_sorcerer_shadows_warshrine,ui/campaign ui/mounts/mount_warshrine.png
warhammer_3,8.1.1,ultra,wh_dlc01_chs_cha_chaos_sorcerer_shadows_0,wh_dlc01_chs_cha_chaos_sorcerer_shadows_1,ui/campaign ui/mounts/mount_chaos_steed.png
warhammer_3,8.1.1,ultra,wh_dlc01_chs_cha_chaos_sorcerer_shadows_0,wh_dlc01_chs_cha_chaos_sorcerer_shadows_3,ui/campaign ui/mounts/mount_manticore.png
warhammer_3,8.1.1,ultra,wh_dlc01_nor_cha_chaos_sorcerer_lord_0,wh_dlc01_nor_cha_chaos_sorcerer_lord_1,ui/campaign ui/mounts/mount_warhorse.png
warhammer_3,8.1.1,ultra,wh_dlc03_bst_cha_beastlord_0,wh2_dlc17_bst_cha_beastlord_2,ui/campaign ui/mounts/mount_tuskgor_chariot.png
warhammer_3,8.1.1,ultra,wh_dlc03_bst_cha_beastlord_0,wh_dlc03_bst_cha_beastlord_1,ui/campaign ui/mounts/mount_razorgor_chariot.png
warhammer_3,8.1.1,ultra,wh_dlc03_bst_cha_bray_shaman_beasts_0,wh2_dlc17_bst_cha_bray_shaman_beasts_2,ui/campaign ui/mounts/mount_tuskgor_chariot.png
warhammer_3,8.1.1,ultra,wh_dlc03_bst_cha_bray_shaman_beasts_0,wh_dlc03_bst_cha_bray_shaman_beasts_1,ui/campaign ui/mounts/mount_razorgor_chariot.png
warhammer_3,8.1.1,ultra,wh_dlc03_bst_cha_bray_shaman_death_0,wh2_dlc17_bst_cha_bray_shaman_death_2,ui/campaign ui/mounts/mount_tuskgor_chariot.png
warhammer_3,8.1.1,ultra,wh_dlc03_bst_cha_bray_shaman_death_0,wh_dlc03_bst_cha_bray_shaman_death_1,ui/campaign ui/mounts/mount_razorgor_chariot.png
warhammer_3,8.1.1,ultra,wh_dlc03_bst_cha_bray_shaman_shadows_0,wh2_dlc17_bst_cha_bray_shaman_shadows_2,ui/campaign ui/mounts/mount_tuskgor_chariot.png
warhammer_3,8.1.1,ultra,wh_dlc03_bst_cha_bray_shaman_shadows_0,wh_dlc03_bst_cha_bray_shaman_shadows_1,ui/campaign ui/mounts/mount_razorgor_chariot.png
warhammer_3,8.1.1,ultra,wh_dlc03_bst_cha_bray_shaman_wild_0,wh2_dlc17_bst_cha_bray_shaman_wild_2,ui/campaign ui/mounts/mount_tuskgor_chariot.png
warhammer_3,8.1.1,ultra,wh_dlc03_bst_cha_bray_shaman_wild_0,wh_dlc03_bst_cha_bray_shaman_wild_1,ui/campaign ui/mounts/mount_razorgor_chariot.png
warhammer_3,8.1.1,ultra,wh_dlc03_bst_cha_khazrak_one_eye_0,wh2_dlc17_bst_cha_khazrak_one_eye_2,ui/campaign ui/mounts/mount_tuskgor_chariot.png
warhammer_3,8.1.1,ultra,wh_dlc03_bst_cha_khazrak_one_eye_0,wh_dlc03_bst_cha_khazrak_one_eye_1,ui/campaign ui/mounts/mount_razorgor_chariot.png
warhammer_3,8.1.1,ultra,wh_dlc05_emp_cha_wizard_life_0,wh_dlc05_emp_cha_wizard_life_2,ui/campaign ui/mounts/mount_barded_warhorse.png
warhammer_3,8.1.1,ultra,wh_dlc05_emp_cha_wizard_life_0,wh_dlc05_emp_cha_wizard_life_3,ui/campaign ui/mounts/mount_imperial_pegasus.png
warhammer_3,8.1.1,ultra,wh_dlc05_vmp_cha_vampire_shadows_0,wh_dlc05_vmp_cha_vampire_shadows_1,ui/campaign ui/mounts/mount_barded_nightmare.png
warhammer_3,8.1.1,ultra,wh_dlc05_vmp_cha_vampire_shadows_0,wh_dlc05_vmp_cha_vampire_shadows_2,ui/campaign ui/mounts/mount_hellsteed.png
warhammer_3,8.1.1,ultra,wh_dlc05_wef_cha_female_glade_lord_0,wh2_dlc16_wef_cha_female_glade_lord_4,ui/campaign ui/mounts/mount_great_stag.png
warhammer_3,8.1.1,ultra,wh_dlc05_wef_cha_female_glade_lord_0,wh_dlc05_wef_cha_female_glade_lord_1,ui/campaign ui/mounts/mount_warhorse.png
warhammer_3,8.1.1,ultra,wh_dlc05_wef_cha_female_glade_lord_0,wh_dlc05_wef_cha_female_glade_lord_2,ui/campaign ui/mounts/mount_great_eagle.png
warhammer_3,8.1.1,ultra,wh_dlc05_wef_cha_female_glade_lord_0,wh_dlc05_wef_cha_female_glade_lord_3,ui/campaign ui/mounts/mount_zombie_dragon.png
warhammer_3,8.1.1,ultra,wh_dlc05_wef_cha_glade_lord_0,wh2_dlc16_wef_cha_glade_lord_4,ui/campaign ui/mounts/mount_great_stag.png
warhammer_3,8.1.1,ultra,wh_dlc05_wef_cha_glade_lord_0,wh_dlc05_wef_cha_glade_lord_1,ui/campaign ui/mounts/mount_warhorse.png
warhammer_3,8.1.1,ultra,wh_dlc05_wef_cha_glade_lord_0,wh_dlc05_wef_cha_glade_lord_2,ui/campaign ui/mounts/mount_great_eagle.png
warhammer_3,8.1.1,ultra,wh_dlc05_wef_cha_glade_lord_0,wh_dlc05_wef_cha_glade_lord_3,ui/campaign ui/mounts/mount_zombie_dragon.png
warhammer_3,8.1.1,ultra,wh_dlc05_wef_cha_spellsinger_beasts_0,wh_dlc05_wef_cha_spellsinger_beasts_1,ui/campaign ui/mounts/mount_warhorse.png
warhammer_3,8.1.1,ultra,wh_dlc05_wef_cha_spellsinger_beasts_0,wh_dlc05_wef_cha_spellsinger_beasts_2,ui/campaign ui/mounts/mount_great_eagle.png
warhammer_3,8.1.1,ultra,wh_dlc05_wef_cha_spellsinger_beasts_0,wh_dlc05_wef_cha_spellsinger_beasts_3,ui/campaign ui/mounts/mount_unicorn.png
warhammer_3,8.1.1,ultra,wh_dlc05_wef_cha_spellsinger_life_0,wh_dlc05_wef_cha_spellsinger_life_1,ui/campaign ui/mounts/mount_warhorse.png
warhammer_3,8.1.1,ultra,wh_dlc05_wef_cha_spellsinger_life_0,wh_dlc05_wef_cha_spellsinger_life_2,ui/campaign ui/mounts/mount_great_eagle.png
warhammer_3,8.1.1,ultra,wh_dlc05_wef_cha_spellsinger_life_0,wh_dlc05_wef_cha_spellsinger_life_3,ui/campaign ui/mounts/mount_unicorn.png
warhammer_3,8.1.1,ultra,wh_dlc05_wef_cha_spellsinger_shadows_0,wh_dlc05_wef_cha_spellsinger_shadows_1,ui/campaign ui/mounts/mount_warhorse.png
warhammer_3,8.1.1,ultra,wh_dlc05_wef_cha_spellsinger_shadows_0,wh_dlc05_wef_cha_spellsinger_shadows_2,ui/campaign ui/mounts/mount_great_eagle.png
warhammer_3,8.1.1,ultra,wh_dlc05_wef_cha_spellsinger_shadows_0,wh_dlc05_wef_cha_spellsinger_shadows_3,ui/campaign ui/mounts/mount_unicorn.png
warhammer_3,8.1.1,ultra,wh_dlc07_brt_cha_damsel_beasts_0,wh_dlc07_brt_cha_damsel_beasts_2,ui/campaign ui/mounts/mount_barded_warhorse.png
warhammer_3,8.1.1,ultra,wh_dlc07_brt_cha_damsel_beasts_0,wh_dlc07_brt_cha_damsel_beasts_3,ui/campaign ui/mounts/mount_unicorn.png
warhammer_3,8.1.1,ultra,wh_dlc07_brt_cha_damsel_life_0,wh_dlc07_brt_cha_damsel_life_2,ui/campaign ui/mounts/mount_barded_warhorse.png
warhammer_3,8.1.1,ultra,wh_dlc07_brt_cha_damsel_life_0,wh_dlc07_brt_cha_damsel_life_3,ui/campaign ui/mounts/mount_unicorn.png
warhammer_3,8.1.1,ultra,wh_dlc07_brt_cha_fay_enchantress_0,wh_dlc07_brt_cha_fay_enchantress_1,ui/campaign ui/mounts/mount_unicorn.png
warhammer_3,8.1.1,ultra,wh_dlc07_brt_cha_prophetess_0,wh_dlc07_brt_cha_prophetess_2,ui/campaign ui/mounts/mount_barded_warhorse.png
warhammer_3,8.1.1,ultra,wh_dlc07_brt_cha_prophetess_0,wh_dlc07_brt_cha_prophetess_3,ui/campaign ui/mounts/mount_royal_pegasus.png
warhammer_3,8.1.1,ultra,wh_dlc07_brt_cha_prophetess_beasts_0,wh_dlc07_brt_cha_prophetess_beasts_2,ui/campaign ui/mounts/mount_barded_warhorse.png
warhammer_3,8.1.1,ultra,wh_dlc07_brt_cha_prophetess_beasts_0,wh_dlc07_brt_cha_prophetess_beasts_3,ui/campaign ui/mounts/mount_royal_pegasus.png
warhammer_3,8.1.1,ultra,wh_dlc07_brt_cha_prophetess_heavens_0,wh_dlc07_brt_cha_prophetess_heavens_2,ui/campaign ui/mounts/mount_barded_warhorse.png
warhammer_3,8.1.1,ultra,wh_dlc07_brt_cha_prophetess_heavens_0,wh_dlc07_brt_cha_prophetess_heavens_3,ui/campaign ui/mounts/mount_royal_pegasus.png
warhammer_3,8.1.1,ultra,wh_dlc08_nor_cha_shaman_sorcerer_death_0,wh_dlc08_nor_cha_shaman_sorcerer_death_1,ui/campaign ui/mounts/mount_warhorse.png
warhammer_3,8.1.1,ultra,wh_dlc08_nor_cha_shaman_sorcerer_death_0,wh_dlc08_nor_cha_shaman_sorcerer_death_2,ui/campaign ui/mounts/mount_chaos_chariot.png
warhammer_3,8.1.1,ultra,wh_dlc08_nor_cha_shaman_sorcerer_fire_0,wh_dlc08_nor_cha_shaman_sorcerer_fire_1,ui/campaign ui/mounts/mount_warhorse.png
warhammer_3,8.1.1,ultra,wh_dlc08_nor_cha_shaman_sorcerer_fire_0,wh_dlc08_nor_cha_shaman_sorcerer_fire_2,ui/campaign ui/mounts/mount_chaos_chariot.png
warhammer_3,8.1.1,ultra,wh_dlc08_nor_cha_shaman_sorcerer_metal_0,wh_dlc08_nor_cha_shaman_sorcerer_metal_1,ui/campaign ui/mounts/mount_warhorse.png
warhammer_3,8.1.1,ultra,wh_dlc08_nor_cha_shaman_sorcerer_metal_0,wh_dlc08_nor_cha_shaman_sorcerer_metal_2,ui/campaign ui/mounts/mount_chaos_chariot.png
warhammer_3,8.1.1,ultra,wh_dlc08_nor_cha_wulfrik_0,wh_dlc08_nor_cha_wulfrik_1,ui/campaign ui/mounts/mount_warhorse.png
warhammer_3,8.1.1,ultra,wh_dlc08_nor_cha_wulfrik_0,wh_dlc08_nor_cha_wulfrik_2,ui/campaign ui/mounts/mount_chaos_chariot.png
warhammer_3,8.1.1,ultra,wh_dlc08_nor_cha_wulfrik_0,wh_dlc08_nor_cha_wulfrik_3,ui/campaign ui/mounts/mount_mammoth.png
warhammer_3,8.1.1,ultra,wh_main_brt_cha_damsel_0,wh_main_brt_cha_damsel_2,ui/campaign ui/mounts/mount_barded_warhorse.png
warhammer_3,8.1.1,ultra,wh_main_brt_cha_damsel_0,wh_main_brt_cha_damsel_3,ui/campaign ui/mounts/mount_unicorn.png
warhammer_3,8.1.1,ultra,wh_main_brt_cha_king_louen_leoncoeur_0,wh_main_brt_cha_king_louen_leoncoeur_1,ui/campaign ui/mounts/mount_beaquis.png
warhammer_3,8.1.1,ultra,wh_main_brt_cha_king_louen_leoncoeur_0,wh_main_brt_cha_king_louen_leoncoeur_2,ui/campaign ui/mounts/mount_barded_warhorse.png
warhammer_3,8.1.1,ultra,wh_main_brt_cha_king_louen_leoncoeur_0,wh_main_brt_cha_king_louen_leoncoeur_3,ui/campaign ui/mounts/mount_royal_pegasus.png
warhammer_3,8.1.1,ultra,wh_main_brt_cha_king_louen_leoncoeur_0,wh_main_brt_cha_king_louen_leoncoeur_4,ui/campaign ui/mounts/mount_hippogryph.png
warhammer_3,8.1.1,ultra,wh_main_brt_cha_lord_0,wh_main_brt_cha_lord_2,ui/campaign ui/mounts/mount_hippogryph.png
warhammer_3,8.1.1,ultra,wh_main_brt_cha_lord_0,wh_main_brt_cha_lord_3,ui/campaign ui/mounts/mount_royal_pegasus.png
warhammer_3,8.1.1,ultra,wh_main_brt_cha_lord_0,wh_main_brt_cha_lord_4,ui/campaign ui/mounts/mount_barded_warhorse.png
warhammer_3,8.1.1,ultra,wh_main_brt_cha_paladin_0,wh_main_brt_cha_paladin_3,ui/campaign ui/mounts/mount_royal_pegasus.png
warhammer_3,8.1.1,ultra,wh_main_brt_cha_paladin_0,wh_main_brt_cha_paladin_4,ui/campaign ui/mounts/mount_barded_warhorse.png
warhammer_3,8.1.1,ultra,wh_main_chs_cha_archaon_the_everchosen_0,wh_main_chs_cha_archaon_the_everchosen_1,ui/campaign ui/mounts/mount_dorghar.png
warhammer_3,8.1.1,ultra,wh_main_chs_cha_chaos_lord_0,wh_dlc01_chs_cha_chaos_lord_10,ui/campaign ui/mounts/mount_manticore.png
warhammer_3,8.1.1,ultra,wh_main_chs_cha_chaos_lord_0,wh_dlc01_chs_cha_chaos_lord_2,ui/campaign ui/mounts/mount_chaos_dragon.png
warhammer_3,8.1.1,ultra,wh_main_chs_cha_chaos_lord_0,wh_main_chs_cha_chaos_lord_11,ui/campaign ui/mounts/mount_chaos_steed.png
warhammer_3,8.1.1,ultra,wh_main_chs_cha_chaos_lord_0,wh_main_chs_cha_chaos_lord_8,ui/campaign ui/mounts/mount_chaos_chariot.png
warhammer_3,8.1.1,ultra,wh_main_chs_cha_chaos_sorcerer_death_0,wh3_dlc20_chs_cha_chaos_sorcerer_death_warshrine,ui/campaign ui/mounts/mount_warshrine.png
warhammer_3,8.1.1,ultra,wh_main_chs_cha_chaos_sorcerer_death_0,wh_main_chs_cha_chaos_sorcerer_death_10,ui/campaign ui/mounts/mount_chaos_steed.png
warhammer_3,8.1.1,ultra,wh_main_chs_cha_chaos_sorcerer_death_0,wh_main_chs_cha_chaos_sorcerer_death_9,ui/campaign ui/mounts/mount_manticore.png
warhammer_3,8.1.1,ultra,wh_main_chs_cha_chaos_sorcerer_fire_0,wh3_dlc20_chs_cha_chaos_sorcerer_fire_warshrine,ui/campaign ui/mounts/mount_warshrine.png
warhammer_3,8.1.1,ultra,wh_main_chs_cha_chaos_sorcerer_fire_0,wh_main_chs_cha_chaos_sorcerer_fire_10,ui/campaign ui/mounts/mount_chaos_steed.png
warhammer_3,8.1.1,ultra,wh_main_chs_cha_chaos_sorcerer_fire_0,wh_main_chs_cha_chaos_sorcerer_fire_9,ui/campaign ui/mounts/mount_manticore.png
warhammer_3,8.1.1,ultra,wh_main_chs_cha_chaos_sorcerer_metal_0,wh3_dlc20_chs_cha_chaos_sorcerer_metal_warshrine,ui/campaign ui/mounts/mount_warshrine.png
warhammer_3,8.1.1,ultra,wh_main_chs_cha_chaos_sorcerer_metal_0,wh_main_chs_cha_chaos_sorcerer_metal_10,ui/campaign ui/mounts/mount_chaos_steed.png
warhammer_3,8.1.1,ultra,wh_main_chs_cha_chaos_sorcerer_metal_0,wh_main_chs_cha_chaos_sorcerer_metal_9,ui/campaign ui/mounts/mount_manticore.png
warhammer_3,8.1.1,ultra,wh_main_chs_cha_exalted_hero_0,wh_dlc01_chs_cha_exalted_hero_10,ui/campaign ui/mounts/mount_manticore.png
warhammer_3,8.1.1,ultra,wh_main_chs_cha_exalted_hero_0,wh_main_chs_cha_exalted_hero_12,ui/campaign ui/mounts/mount_chaos_steed.png
warhammer_3,8.1.1,ultra,wh_main_chs_cha_exalted_hero_0,wh_main_chs_cha_exalted_hero_7,ui/campaign ui/mounts/mount_chaos_chariot.png
warhammer_3,8.1.1,ultra,wh_main_emp_cha_balthasar_gelt_0,wh_main_emp_cha_balthasar_gelt_1,ui/campaign ui/mounts/mount_imperial_pegasus.png
warhammer_3,8.1.1,ultra,wh_main_emp_cha_balthasar_gelt_0,wh_main_emp_cha_balthasar_gelt_3,ui/campaign ui/mounts/mount_barded_warhorse.png
warhammer_3,8.1.1,ultra,wh_main_emp_cha_captain_0,wh_main_emp_cha_captain_2,ui/campaign ui/mounts/mount_barded_warhorse.png
warhammer_3,8.1.1,ultra,wh_main_emp_cha_captain_0,wh_main_emp_cha_captain_3,ui/campaign ui/mounts/mount_imperial_pegasus.png
warhammer_3,8.1.1,ultra,wh_main_emp_cha_general_0,wh_main_emp_cha_general_1,ui/campaign ui/mounts/mount_barded_warhorse.png
warhammer_3,8.1.1,ultra,wh_main_emp_cha_general_0,wh_main_emp_cha_general_2,ui/campaign ui/mounts/mount_imperial_pegasus.png
warhammer_3,8.1.1,ultra,wh_main_emp_cha_general_0,wh_main_emp_cha_general_3,ui/campaign ui/mounts/mount_imperial_griffon.png
warhammer_3,8.1.1,ultra,wh_main_emp_cha_karl_franz_0,wh_main_emp_cha_karl_franz_1,ui/campaign ui/mounts/mount_deathclaw.png
warhammer_3,8.1.1,ultra,wh_main_emp_cha_karl_franz_0,wh_main_emp_cha_karl_franz_2,ui/campaign ui/mounts/mount_imperial_pegasus.png
warhammer_3,8.1.1,ultra,wh_main_emp_cha_karl_franz_0,wh_main_emp_cha_karl_franz_4,ui/campaign ui/mounts/mount_barded_warhorse.png
warhammer_3,8.1.1,ultra,wh_main_emp_cha_warrior_priest_0,wh_main_emp_cha_warrior_priest_2,ui/campaign ui/mounts/mount_barded_warhorse.png
warhammer_3,8.1.1,ultra,wh_main_emp_cha_wizard_fire_0,wh_main_emp_cha_wizard_fire_2,ui/campaign ui/mounts/mount_imperial_pegasus.png
warhammer_3,8.1.1,ultra,wh_main_emp_cha_wizard_fire_0,wh_main_emp_cha_wizard_fire_3,ui/campaign ui/mounts/mount_barded_warhorse.png
warhammer_3,8.1.1,ultra,wh_main_emp_cha_wizard_heavens_0,wh_main_emp_cha_wizard_heavens_2,ui/campaign ui/mounts/mount_imperial_pegasus.png
warhammer_3,8.1.1,ultra,wh_main_emp_cha_wizard_heavens_0,wh_main_emp_cha_wizard_heavens_4,ui/campaign ui/mounts/mount_barded_warhorse.png
warhammer_3,8.1.1,ultra,wh_main_emp_cha_wizard_light_0,wh_main_emp_cha_wizard_light_2,ui/campaign ui/mounts/mount_imperial_pegasus.png
warhammer_3,8.1.1,ultra,wh_main_emp_cha_wizard_light_0,wh_main_emp_cha_wizard_light_4,ui/campaign ui/mounts/mount_barded_warhorse.png
warhammer_3,8.1.1,ultra,wh_main_grn_cha_goblin_big_boss_0,wh_main_grn_cha_goblin_big_boss_1,ui/campaign ui/mounts/mount_giant_wolf.png
warhammer_3,8.1.1,ultra,wh_main_grn_cha_goblin_big_boss_0,wh_main_grn_cha_goblin_big_boss_2,ui/campaign ui/mounts/mount_giant_spider.png
warhammer_3,8.1.1,ultra,wh_main_grn_cha_goblin_big_boss_0,wh_main_grn_cha_goblin_big_boss_4,ui/campaign ui/mounts/mount_wolf_chariot.png
warhammer_3,8.1.1,ultra,wh_main_grn_cha_goblin_great_shaman_0,wh2_twa01_grn_cha_goblin_great_shaman_3,ui/campaign ui/mounts/mount_arachnarok_spider.png
warhammer_3,8.1.1,ultra,wh_main_grn_cha_goblin_great_shaman_0,wh_main_grn_cha_goblin_great_shaman_1,ui/campaign ui/mounts/mount_giant_wolf.png
warhammer_3,8.1.1,ultra,wh_main_grn_cha_goblin_great_shaman_0,wh_main_grn_cha_goblin_great_shaman_2,ui/campaign ui/mounts/mount_wolf_chariot.png
warhammer_3,8.1.1,ultra,wh_main_grn_cha_orc_shaman_0,wh_main_grn_cha_orc_shaman_1,ui/campaign ui/mounts/mount_war_boar.png
warhammer_3,8.1.1,ultra,wh_main_nor_cha_chaos_sorcerer_0,wh_main_nor_cha_chaos_sorcerer_1,ui/campaign ui/mounts/mount_warhorse.png
warhammer_3,8.1.1,ultra,wh_main_nor_cha_marauder_chieftan_0,wh_main_nor_cha_marauder_chieftan_1,ui/campaign ui/mounts/mount_warhorse.png
warhammer_3,8.1.1,ultra,wh_main_nor_cha_marauder_chieftan_0,wh_main_nor_cha_marauder_chieftan_2,ui/campaign ui/mounts/mount_chaos_chariot.png
warhammer_3,8.1.1,ultra,wh_main_nor_cha_marauder_chieftan_0,wh_main_nor_cha_marauder_chieftan_3,ui/campaign ui/mounts/mount_mammoth.png
warhammer_3,8.1.1,ultra,wh_main_vmp_cha_heinrich_kemmler,wh2_dlc11_vmp_cha_heinrich_kemmler_1,ui/campaign ui/mounts/mount_barded_nightmare.png
warhammer_3,8.1.1,ultra,wh_main_vmp_cha_mannfred_von_carstein_0,wh_main_vmp_cha_mannfred_von_carstein_2,ui/campaign ui/mounts/mount_hellsteed.png
warhammer_3,8.1.1,ultra,wh_main_vmp_cha_mannfred_von_carstein_0,wh_main_vmp_cha_mannfred_von_carstein_3,ui/campaign ui/mounts/mount_zombie_dragon.png
warhammer_3,8.1.1,ultra,wh_main_vmp_cha_mannfred_von_carstein_0,wh_main_vmp_cha_mannfred_von_carstein_4,ui/campaign ui/mounts/mount_barded_nightmare.png
warhammer_3,8.1.1,ultra,wh_main_vmp_cha_master_necromancer_0,wh_dlc04_vmp_cha_master_necromancer_1,ui/campaign ui/mounts/mount_corpse_cart.png
warhammer_3,8.1.1,ultra,wh_main_vmp_cha_master_necromancer_0,wh_dlc04_vmp_cha_master_necromancer_2,UI/Campaign UI/mounts/mount_corpse_cart_with_balefire.png
warhammer_3,8.1.1,ultra,wh_main_vmp_cha_master_necromancer_0,wh_dlc04_vmp_cha_master_necromancer_3,UI/Campaign UI/mounts/mount_corpse_cart_with_lodestone.png
warhammer_3,8.1.1,ultra,wh_main_vmp_cha_master_necromancer_0,wh_main_vmp_cha_master_necromancer_4,ui/campaign ui/mounts/mount_hellsteed.png
warhammer_3,8.1.1,ultra,wh_main_vmp_cha_master_necromancer_0,wh_main_vmp_cha_master_necromancer_5,ui/campaign ui/mounts/mount_nightmare.png
warhammer_3,8.1.1,ultra,wh_main_vmp_cha_necromancer_0,wh_dlc04_vmp_cha_necromancer_1,ui/campaign ui/mounts/mount_corpse_cart.png
warhammer_3,8.1.1,ultra,wh_main_vmp_cha_necromancer_0,wh_dlc04_vmp_cha_necromancer_2,UI/Campaign UI/mounts/mount_corpse_cart_with_balefire.png
warhammer_3,8.1.1,ultra,wh_main_vmp_cha_necromancer_0,wh_dlc04_vmp_cha_necromancer_3,UI/Campaign UI/mounts/mount_corpse_cart_with_lodestone.png
warhammer_3,8.1.1,ultra,wh_main_vmp_cha_necromancer_0,wh_main_vmp_cha_necromancer_5,ui/campaign ui/mounts/mount_nightmare.png
warhammer_3,8.1.1,ultra,wh_main_vmp_cha_vampire_0,wh_main_vmp_cha_vampire_1,ui/campaign ui/mounts/mount_barded_nightmare.png
warhammer_3,8.1.1,ultra,wh_main_vmp_cha_vampire_0,wh_main_vmp_cha_vampire_2,ui/campaign ui/mounts/mount_hellsteed.png
warhammer_3,8.1.1,ultra,wh_main_vmp_cha_vampire_lord_0,wh_main_vmp_cha_vampire_lord_2,ui/campaign ui/mounts/mount_hellsteed.png
warhammer_3,8.1.1,ultra,wh_main_vmp_cha_vampire_lord_0,wh_main_vmp_cha_vampire_lord_3,ui/campaign ui/mounts/mount_zombie_dragon.png
warhammer_3,8.1.1,ultra,wh_main_vmp_cha_vampire_lord_0,wh_main_vmp_cha_vampire_lord_5,ui/campaign ui/mounts/mount_barded_nightmare.png
warhammer_3,8.1.1,ultra,wh_main_vmp_cha_wight_king_0,wh_main_vmp_cha_wight_king_2,ui/campaign ui/mounts/mount_barded_skeletal_steed.png
